# cstacks version 1.46; catalog generated on 2017-08-10 08:02:50
0	2	2	C	0	0
0	2	2	T	0	0
0	2	6	A	0	0
0	2	6	C	0	0
0	2	6	G	0	0
0	2	8	C	0	0
0	2	8	T	0	0
0	2	9	C	0	0
0	2	9	T	0	0
0	2	10	A	0	0
0	2	10	G	0	0
0	2	12	A	0	0
0	2	12	G	0	0
0	2	13	A	0	0
0	2	13	G	0	0
0	2	15	A	0	0
0	2	15	C	0	0
0	2	18	C	0	0
0	2	18	T	0	0
0	2	24	C	0	0
0	2	24	T	0	0
0	2	25	A	0	0
0	2	25	G	0	0
0	2	36	AA	0	0
0	2	36	TC	0	0
0	2	46	A	0	0
0	2	46	G	0	0
0	2	49	G	0	0
0	2	49	T	0	0
0	2	53	A	0	0
0	2	53	G	0	0
0	2	54	C	0	0
0	2	54	T	0	0
0	2	61	G	0	0
0	2	61	T	0	0
0	2	66	AA	0	0
0	2	66	AG	0	0
0	2	66	TA	0	0
0	2	68	A	0	0
0	2	68	G	0	0
0	2	70	C	0	0
0	2	70	T	0	0
0	2	73	A	0	0
0	2	73	T	0	0
0	2	80	A	0	0
0	2	80	G	0	0
0	2	81	CT	0	0
0	2	81	TC	0	0
0	2	85	C	0	0
0	2	85	T	0	0
0	2	86	C	0	0
0	2	86	T	0	0
0	2	87	C	0	0
0	2	87	T	0	0
0	2	88	A	0	0
0	2	88	G	0	0
0	2	89	C	0	0
0	2	89	T	0	0
0	2	96	C	0	0
0	2	96	T	0	0
0	2	97	C	0	0
0	2	97	T	0	0
0	2	102	AT	0	0
0	2	102	TC	0	0
0	2	102	TT	0	0
0	2	124	GC	0	0
0	2	124	TC	0	0
0	2	124	TT	0	0
0	2	125	C	0	0
0	2	125	G	0	0
0	2	128	G	0	0
0	2	128	T	0	0
0	2	131	A	0	0
0	2	131	G	0	0
0	2	136	CC	0	0
0	2	136	TT	0	0
0	2	147	C	0	0
0	2	147	T	0	0
0	2	152	A	0	0
0	2	152	G	0	0
0	2	153	AC	0	0
0	2	153	AG	0	0
0	2	153	GC	0	0
0	2	153	GG	0	0
0	2	154	C	0	0
0	2	154	T	0	0
0	2	155	C	0	0
0	2	155	T	0	0
0	2	159	C	0	0
0	2	159	T	0	0
0	2	161	AC	0	0
0	2	161	GT	0	0
0	2	163	A	0	0
0	2	163	G	0	0
0	2	170	A	0	0
0	2	170	G	0	0
0	2	173	C	0	0
0	2	173	T	0	0
0	2	174	C	0	0
0	2	174	T	0	0
0	2	178	A	0	0
0	2	178	C	0	0
0	2	187	C	0	0
0	2	187	T	0	0
0	2	188	A	0	0
0	2	188	T	0	0
0	2	190	AA	0	0
0	2	190	GA	0	0
0	2	190	GG	0	0
0	2	193	C	0	0
0	2	193	T	0	0
0	2	197	CA	0	0
0	2	197	TG	0	0
0	2	201	C	0	0
0	2	201	T	0	0
0	2	206	C	0	0
0	2	206	T	0	0
0	2	207	A	0	0
0	2	207	G	0	0
0	2	208	A	0	0
0	2	208	G	0	0
0	2	209	C	0	0
0	2	209	T	0	0
0	2	210	C	0	0
0	2	210	T	0	0
0	2	212	A	0	0
0	2	212	G	0	0
0	2	216	A	0	0
0	2	216	T	0	0
0	2	217	C	0	0
0	2	217	T	0	0
0	2	219	A	0	0
0	2	219	G	0	0
0	2	222	CT	0	0
0	2	222	TA	0	0
0	2	228	A	0	0
0	2	228	T	0	0
0	2	231	C	0	0
0	2	231	T	0	0
0	2	236	C	0	0
0	2	236	T	0	0
0	2	242	G	0	0
0	2	242	T	0	0
0	2	243	A	0	0
0	2	243	C	0	0
0	2	244	A	0	0
0	2	244	G	0	0
0	2	247	A	0	0
0	2	247	G	0	0
0	2	254	A	0	0
0	2	254	G	0	0
0	2	259	A	0	0
0	2	259	G	0	0
0	2	264	AG	0	0
0	2	264	GA	0	0
0	2	266	A	0	0
0	2	266	G	0	0
0	2	269	A	0	0
0	2	269	T	0	0
0	2	275	A	0	0
0	2	275	G	0	0
0	2	278	A	0	0
0	2	278	G	0	0
0	2	280	C	0	0
0	2	280	T	0	0
0	2	284	AA	0	0
0	2	284	TG	0	0
0	2	286	A	0	0
0	2	286	C	0	0
0	2	289	C	0	0
0	2	289	T	0	0
0	2	298	CA	0	0
0	2	298	CC	0	0
0	2	298	TA	0	0
0	2	299	AA	0	0
0	2	299	GT	0	0
0	2	300	AC	0	0
0	2	300	AT	0	0
0	2	300	GT	0	0
0	2	305	C	0	0
0	2	305	T	0	0
0	2	307	A	0	0
0	2	307	T	0	0
0	2	309	AC	0	0
0	2	309	AT	0	0
0	2	309	GC	0	0
0	2	314	C	0	0
0	2	314	T	0	0
0	2	315	AT	0	0
0	2	315	GG	0	0
0	2	315	GT	0	0
0	2	316	G	0	0
0	2	316	T	0	0
0	2	323	A	0	0
0	2	323	G	0	0
0	2	328	A	0	0
0	2	328	G	0	0
0	2	336	C	0	0
0	2	336	T	0	0
0	2	341	C	0	0
0	2	341	T	0	0
0	2	342	A	0	0
0	2	342	G	0	0
0	2	346	AC	0	0
0	2	346	CT	0	0
0	2	347	C	0	0
0	2	347	T	0	0
0	2	350	A	0	0
0	2	350	G	0	0
0	2	351	AC	0	0
0	2	351	GA	0	0
0	2	352	G	0	0
0	2	352	T	0	0
0	2	353	AC	0	0
0	2	353	GC	0	0
0	2	353	GG	0	0
0	2	354	G	0	0
0	2	354	T	0	0
0	2	355	A	0	0
0	2	355	G	0	0
0	2	357	C	0	0
0	2	357	T	0	0
0	2	361	G	0	0
0	2	361	T	0	0
0	2	363	A	0	0
0	2	363	T	0	0
0	2	364	A	0	0
0	2	364	G	0	0
0	2	367	CG	0	0
0	2	367	TA	0	0
0	2	367	TG	0	0
0	2	368	C	0	0
0	2	368	T	0	0
0	2	369	C	0	0
0	2	369	T	0	0
0	2	372	C	0	0
0	2	372	T	0	0
0	2	382	CT	0	0
0	2	382	TA	0	0
0	2	383	AA	0	0
0	2	383	GA	0	0
0	2	383	GG	0	0
0	2	384	CA	0	0
0	2	384	TG	0	0
0	2	385	G	0	0
0	2	385	T	0	0
0	2	386	CA	0	0
0	2	386	TA	0	0
0	2	386	TG	0	0
0	2	388	C	0	0
0	2	388	T	0	0
0	2	389	AT	0	0
0	2	389	TG	0	0
0	2	390	A	0	0
0	2	390	G	0	0
0	2	391	CA	0	0
0	2	391	CG	0	0
0	2	391	TG	0	0
0	2	395	C	0	0
0	2	395	T	0	0
0	2	398	A	0	0
0	2	398	G	0	0
0	2	400	C	0	0
0	2	400	T	0	0
0	2	402	A	0	0
0	2	402	G	0	0
0	2	403	CT	0	0
0	2	403	GC	0	0
0	2	409	C	0	0
0	2	409	T	0	0
0	2	410	G	0	0
0	2	410	T	0	0
0	2	412	C	0	0
0	2	412	T	0	0
0	2	415	CG	0	0
0	2	415	CT	0	0
0	2	415	GT	0	0
0	2	417	C	0	0
0	2	417	T	0	0
0	2	422	A	0	0
0	2	422	C	0	0
0	2	422	T	0	0
0	2	423	AG	0	0
0	2	423	GA	0	0
0	2	424	C	0	0
0	2	424	T	0	0
0	2	427	C	0	0
0	2	427	T	0	0
0	2	432	C	0	0
0	2	432	T	0	0
0	2	439	AA	0	0
0	2	439	GT	0	0
0	2	443	AA	0	0
0	2	443	GA	0	0
0	2	443	GG	0	0
0	2	444	A	0	0
0	2	444	G	0	0
0	2	446	A	0	0
0	2	446	G	0	0
0	2	447	A	0	0
0	2	447	G	0	0
0	2	449	A	0	0
0	2	449	G	0	0
0	2	452	C	0	0
0	2	452	T	0	0
0	2	453	A	0	0
0	2	453	G	0	0
0	2	455	CT	0	0
0	2	455	TA	0	0
0	2	456	A	0	0
0	2	456	G	0	0
0	2	458	A	0	0
0	2	458	C	0	0
0	2	460	A	0	0
0	2	460	G	0	0
0	2	462	C	0	0
0	2	462	T	0	0
0	2	468	C	0	0
0	2	468	T	0	0
0	2	472	C	0	0
0	2	472	T	0	0
0	2	476	C	0	0
0	2	476	T	0	0
0	2	477	A	0	0
0	2	477	G	0	0
0	2	486	C	0	0
0	2	486	T	0	0
0	2	487	A	0	0
0	2	487	G	0	0
0	2	495	CC	0	0
0	2	495	TC	0	0
0	2	495	TT	0	0
0	2	519	AA	0	0
0	2	519	TG	0	0
0	2	520	GA	0	0
0	2	520	TG	0	0
0	2	522	C	0	0
0	2	522	T	0	0
0	2	528	A	0	0
0	2	528	G	0	0
0	2	537	CA	0	0
0	2	537	TG	0	0
0	2	539	C	0	0
0	2	539	T	0	0
0	2	543	A	0	0
0	2	543	G	0	0
0	2	544	CC	0	0
0	2	544	TA	0	0
0	2	546	A	0	0
0	2	546	G	0	0
0	2	547	C	0	0
0	2	547	T	0	0
0	2	550	AC	0	0
0	2	550	CT	0	0
0	2	553	A	0	0
0	2	553	G	0	0
0	2	554	C	0	0
0	2	554	T	0	0
0	2	558	C	0	0
0	2	558	T	0	0
0	2	559	G	0	0
0	2	559	T	0	0
0	2	565	CT	0	0
0	2	565	TC	0	0
0	2	567	C	0	0
0	2	567	G	0	0
0	2	569	A	0	0
0	2	569	G	0	0
0	2	570	C	0	0
0	2	570	T	0	0
0	2	578	C	0	0
0	2	578	T	0	0
0	2	579	A	0	0
0	2	579	C	0	0
0	2	580	C	0	0
0	2	580	T	0	0
0	2	590	CA	0	0
0	2	590	CG	0	0
0	2	590	TG	0	0
0	2	595	A	0	0
0	2	595	T	0	0
0	2	600	A	0	0
0	2	600	T	0	0
0	2	601	GC	0	0
0	2	601	TT	0	0
0	2	608	C	0	0
0	2	608	T	0	0
0	2	609	CA	0	0
0	2	609	TG	0	0
0	2	610	G	0	0
0	2	610	T	0	0
0	2	614	C	0	0
0	2	614	T	0	0
0	2	618	A	0	0
0	2	618	G	0	0
0	2	622	C	0	0
0	2	622	G	0	0
0	2	624	C	0	0
0	2	624	T	0	0
0	2	629	C	0	0
0	2	629	T	0	0
0	2	630	A	0	0
0	2	630	G	0	0
0	2	632	C	0	0
0	2	632	T	0	0
0	2	634	A	0	0
0	2	634	G	0	0
0	2	642	C	0	0
0	2	642	G	0	0
0	2	651	A	0	0
0	2	651	G	0	0
0	2	653	AT	0	0
0	2	653	GC	0	0
0	2	654	A	0	0
0	2	654	G	0	0
0	2	665	C	0	0
0	2	665	G	0	0
0	2	671	C	0	0
0	2	671	T	0	0
0	2	677	AA	0	0
0	2	677	GG	0	0
0	2	692	AC	0	0
0	2	692	CT	0	0
0	2	704	A	0	0
0	2	704	G	0	0
0	2	706	A	0	0
0	2	706	G	0	0
0	2	713	G	0	0
0	2	713	T	0	0
0	2	719	A	0	0
0	2	719	G	0	0
0	2	720	A	0	0
0	2	720	T	0	0
0	2	721	CA	0	0
0	2	721	CG	0	0
0	2	721	TG	0	0
0	2	727	C	0	0
0	2	727	T	0	0
0	2	729	A	0	0
0	2	729	G	0	0
0	2	730	CCG	0	0
0	2	730	CGG	0	0
0	2	730	GCT	0	0
0	2	733	G	0	0
0	2	733	T	0	0
0	2	735	C	0	0
0	2	735	T	0	0
0	2	737	A	0	0
0	2	737	C	0	0
0	2	761	A	0	0
0	2	761	G	0	0
0	2	782	A	0	0
0	2	782	G	0	0
0	2	785	A	0	0
0	2	785	G	0	0
0	2	787	A	0	0
0	2	787	T	0	0
0	2	791	C	0	0
0	2	791	T	0	0
0	2	792	A	0	0
0	2	792	G	0	0
0	2	798	C	0	0
0	2	798	T	0	0
0	2	801	ACA	0	0
0	2	801	ATG	0	0
0	2	801	GCA	0	0
0	2	804	A	0	0
0	2	804	G	0	0
0	2	810	A	0	0
0	2	810	C	0	0
0	2	813	C	0	0
0	2	813	T	0	0
0	2	820	A	0	0
0	2	820	C	0	0
0	2	831	A	0	0
0	2	831	G	0	0
0	2	833	C	0	0
0	2	833	T	0	0
0	2	838	C	0	0
0	2	838	T	0	0
0	2	841	AT	0	0
0	2	841	TA	0	0
0	2	850	C	0	0
0	2	850	T	0	0
0	2	854	CC	0	0
0	2	854	TT	0	0
0	2	855	A	0	0
0	2	855	G	0	0
0	2	856	A	0	0
0	2	856	G	0	0
0	2	859	A	0	0
0	2	859	C	0	0
0	2	860	C	0	0
0	2	860	T	0	0
0	2	861	C	0	0
0	2	861	T	0	0
0	2	872	C	0	0
0	2	872	T	0	0
0	2	880	A	0	0
0	2	880	T	0	0
0	2	881	A	0	0
0	2	881	C	0	0
0	2	884	CT	0	0
0	2	884	TA	0	0
0	2	889	G	0	0
0	2	889	T	0	0
0	2	896	A	0	0
0	2	896	G	0	0
0	2	898	A	0	0
0	2	898	T	0	0
0	2	900	A	0	0
0	2	900	G	0	0
0	2	905	C	0	0
0	2	905	T	0	0
0	2	912	C	0	0
0	2	912	T	0	0
0	2	918	C	0	0
0	2	918	T	0	0
0	2	924	A	0	0
0	2	924	G	0	0
0	2	925	A	0	0
0	2	925	T	0	0
0	2	926	A	0	0
0	2	926	G	0	0
0	2	930	G	0	0
0	2	930	T	0	0
0	2	934	C	0	0
0	2	934	T	0	0
0	2	936	AA	0	0
0	2	936	GT	0	0
0	2	946	A	0	0
0	2	946	C	0	0
0	2	948	C	0	0
0	2	948	T	0	0
0	2	949	C	0	0
0	2	949	T	0	0
0	2	959	A	0	0
0	2	959	T	0	0
0	2	960	A	0	0
0	2	960	T	0	0
0	2	961	A	0	0
0	2	961	C	0	0
0	2	962	A	0	0
0	2	962	T	0	0
0	2	972	AA	0	0
0	2	972	GT	0	0
0	2	974	AT	0	0
0	2	974	GC	0	0
0	2	977	A	0	0
0	2	977	C	0	0
0	2	984	G	0	0
0	2	984	T	0	0
0	2	986	C	0	0
0	2	986	T	0	0
0	2	993	A	0	0
0	2	993	G	0	0
0	2	994	G	0	0
0	2	994	T	0	0
0	2	998	C	0	0
0	2	998	T	0	0
0	2	1004	C	0	0
0	2	1004	T	0	0
0	2	1010	A	0	0
0	2	1010	T	0	0
0	2	1020	C	0	0
0	2	1020	T	0	0
0	2	1025	A	0	0
0	2	1025	G	0	0
0	2	1031	A	0	0
0	2	1031	G	0	0
0	2	1058	A	0	0
0	2	1058	G	0	0
0	2	1059	A	0	0
0	2	1059	G	0	0
0	2	1068	CC	0	0
0	2	1068	CT	0	0
0	2	1068	TC	0	0
0	2	1069	GA	0	0
0	2	1069	TG	0	0
0	2	1071	C	0	0
0	2	1071	T	0	0
0	2	1074	A	0	0
0	2	1074	T	0	0
0	2	1079	GA	0	0
0	2	1079	GG	0	0
0	2	1079	TG	0	0
0	2	1081	A	0	0
0	2	1081	T	0	0
0	2	1085	AA	0	0
0	2	1085	AG	0	0
0	2	1085	TG	0	0
0	2	1086	AA	0	0
0	2	1086	CG	0	0
0	2	1099	A	0	0
0	2	1099	G	0	0
0	2	1101	AG	0	0
0	2	1101	GA	0	0
0	2	1107	A	0	0
0	2	1107	G	0	0
0	2	1108	A	0	0
0	2	1108	G	0	0
0	2	1114	A	0	0
0	2	1114	G	0	0
0	2	1115	C	0	0
0	2	1115	T	0	0
0	2	1116	A	0	0
0	2	1116	G	0	0
0	2	1117	A	0	0
0	2	1117	C	0	0
0	2	1120	AG	0	0
0	2	1120	GA	0	0
0	2	1120	GG	0	0
0	2	1132	CA	0	0
0	2	1132	CT	0	0
0	2	1132	TA	0	0
0	2	1145	C	0	0
0	2	1145	T	0	0
0	2	1146	CAT	0	0
0	2	1146	TGC	0	0
0	2	1148	A	0	0
0	2	1148	C	0	0
0	2	1152	C	0	0
0	2	1152	T	0	0
0	2	1153	C	0	0
0	2	1153	T	0	0
0	2	1154	A	0	0
0	2	1154	G	0	0
0	2	1158	A	0	0
0	2	1158	G	0	0
0	2	1161	A	0	0
0	2	1161	G	0	0
0	2	1163	C	0	0
0	2	1163	T	0	0
0	2	1165	A	0	0
0	2	1165	G	0	0
0	2	1167	C	0	0
0	2	1167	T	0	0
0	2	1174	CA	0	0
0	2	1174	TG	0	0
0	2	1181	A	0	0
0	2	1181	G	0	0
0	2	1185	A	0	0
0	2	1185	G	0	0
0	2	1188	A	0	0
0	2	1188	G	0	0
0	2	1198	C	0	0
0	2	1198	G	0	0
0	2	1211	C	0	0
0	2	1211	T	0	0
0	2	1229	AA	0	0
0	2	1229	TC	0	0
0	2	1249	A	0	0
0	2	1249	T	0	0
0	2	1250	C	0	0
0	2	1250	G	0	0
0	2	1252	AG	0	0
0	2	1252	CA	0	0
0	2	1264	CA	0	0
0	2	1264	CG	0	0
0	2	1264	TG	0	0
0	2	1267	A	0	0
0	2	1267	G	0	0
0	2	1275	C	0	0
0	2	1275	T	0	0
0	2	1276	A	0	0
0	2	1276	G	0	0
0	2	1280	C	0	0
0	2	1280	T	0	0
0	2	1282	C	0	0
0	2	1282	T	0	0
0	2	1284	A	0	0
0	2	1284	C	0	0
0	2	1287	C	0	0
0	2	1287	G	0	0
0	2	1290	C	0	0
0	2	1290	T	0	0
0	2	1295	C	0	0
0	2	1295	T	0	0
0	2	1303	C	0	0
0	2	1303	T	0	0
0	2	1304	CA	0	0
0	2	1304	TC	0	0
0	2	1313	C	0	0
0	2	1313	T	0	0
0	2	1339	A	0	0
0	2	1339	T	0	0
0	2	1341	AA	0	0
0	2	1341	GG	0	0
0	2	1342	C	0	0
0	2	1342	T	0	0
0	2	1346	C	0	0
0	2	1346	T	0	0
0	2	1354	C	0	0
0	2	1354	T	0	0
0	2	1358	A	0	0
0	2	1358	G	0	0
0	2	1366	A	0	0
0	2	1366	G	0	0
0	2	1376	C	0	0
0	2	1376	T	0	0
0	2	1380	C	0	0
0	2	1380	T	0	0
0	2	1381	A	0	0
0	2	1381	T	0	0
0	2	1386	CA	0	0
0	2	1386	CG	0	0
0	2	1386	TA	0	0
0	2	1387	A	0	0
0	2	1387	T	0	0
0	2	1394	A	0	0
0	2	1394	T	0	0
0	2	1397	C	0	0
0	2	1397	T	0	0
0	2	1398	A	0	0
0	2	1398	G	0	0
0	2	1402	C	0	0
0	2	1402	T	0	0
0	2	1403	C	0	0
0	2	1403	T	0	0
0	2	1404	A	0	0
0	2	1404	G	0	0
0	2	1417	A	0	0
0	2	1417	G	0	0
0	2	1454	A	0	0
0	2	1454	G	0	0
0	2	1473	C	0	0
0	2	1473	T	0	0
0	2	1476	AG	0	0
0	2	1476	GA	0	0
0	2	1478	A	0	0
0	2	1478	G	0	0
0	2	1488	C	0	0
0	2	1488	T	0	0
0	2	1500	A	0	0
0	2	1500	G	0	0
0	2	1501	C	0	0
0	2	1501	T	0	0
0	2	1502	C	0	0
0	2	1502	T	0	0
0	2	1506	A	0	0
0	2	1506	G	0	0
0	2	1508	A	0	0
0	2	1508	G	0	0
0	2	1511	AA	0	0
0	2	1511	GG	0	0
0	2	1512	G	0	0
0	2	1512	T	0	0
0	2	1514	G	0	0
0	2	1514	T	0	0
0	2	1521	A	0	0
0	2	1521	G	0	0
0	2	1522	C	0	0
0	2	1522	T	0	0
0	2	1529	C	0	0
0	2	1529	T	0	0
0	2	1541	A	0	0
0	2	1541	G	0	0
0	2	1559	A	0	0
0	2	1559	G	0	0
0	2	1571	C	0	0
0	2	1571	T	0	0
0	2	1572	A	0	0
0	2	1572	G	0	0
0	2	1576	C	0	0
0	2	1576	T	0	0
0	2	1580	C	0	0
0	2	1580	T	0	0
0	2	1581	C	0	0
0	2	1581	T	0	0
0	2	1585	CT	0	0
0	2	1585	TC	0	0
0	2	1587	A	0	0
0	2	1587	G	0	0
0	2	1589	A	0	0
0	2	1589	G	0	0
0	2	1595	C	0	0
0	2	1595	T	0	0
0	2	1596	A	0	0
0	2	1596	G	0	0
0	2	1602	C	0	0
0	2	1602	T	0	0
0	2	1605	A	0	0
0	2	1605	G	0	0
0	2	1606	A	0	0
0	2	1606	G	0	0
0	2	1608	A	0	0
0	2	1608	G	0	0
0	2	1611	CC	0	0
0	2	1611	TA	0	0
0	2	1617	A	0	0
0	2	1617	G	0	0
0	2	1621	A	0	0
0	2	1621	T	0	0
0	2	1640	A	0	0
0	2	1640	C	0	0
0	2	1649	C	0	0
0	2	1649	T	0	0
0	2	1652	A	0	0
0	2	1652	T	0	0
0	2	1655	A	0	0
0	2	1655	G	0	0
0	2	1669	A	0	0
0	2	1669	G	0	0
0	2	1679	A	0	0
0	2	1679	G	0	0
0	2	1686	C	0	0
0	2	1686	T	0	0
0	2	1690	A	0	0
0	2	1690	C	0	0
0	2	1691	C	0	0
0	2	1691	T	0	0
0	2	1715	GA	0	0
0	2	1715	TT	0	0
0	2	1717	C	0	0
0	2	1717	T	0	0
0	2	1725	C	0	0
0	2	1725	T	0	0
0	2	1731	GA	0	0
0	2	1731	GC	0	0
0	2	1731	TA	0	0
0	2	1731	TC	0	0
0	2	1733	G	0	0
0	2	1733	T	0	0
0	2	1740	A	0	0
0	2	1740	T	0	0
0	2	1754	A	0	0
0	2	1754	G	0	0
0	2	1760	C	0	0
0	2	1760	T	0	0
0	2	1764	AC	0	0
0	2	1764	TT	0	0
0	2	1765	AT	0	0
0	2	1765	TG	0	0
0	2	1779	C	0	0
0	2	1779	T	0	0
0	2	1780	AAT	0	0
0	2	1780	AGC	0	0
0	2	1780	TGT	0	0
0	2	1783	G	0	0
0	2	1783	T	0	0
0	2	1795	A	0	0
0	2	1795	G	0	0
0	2	1826	C	0	0
0	2	1826	T	0	0
0	2	1829	A	0	0
0	2	1829	G	0	0
0	2	1840	G	0	0
0	2	1840	T	0	0
0	2	1843	C	0	0
0	2	1843	G	0	0
0	2	1847	CG	0	0
0	2	1847	GA	0	0
0	2	1850	C	0	0
0	2	1850	T	0	0
0	2	1857	AA	0	0
0	2	1857	GG	0	0
0	2	1859	C	0	0
0	2	1859	T	0	0
0	2	1876	A	0	0
0	2	1876	G	0	0
0	2	1878	C	0	0
0	2	1878	T	0	0
0	2	1881	C	0	0
0	2	1881	T	0	0
0	2	1886	A	0	0
0	2	1886	T	0	0
0	2	1887	C	0	0
0	2	1887	T	0	0
0	2	1895	AT	0	0
0	2	1895	GC	0	0
0	2	1912	AA	0	0
0	2	1912	GG	0	0
0	2	1917	A	0	0
0	2	1917	G	0	0
0	2	1922	A	0	0
0	2	1922	G	0	0
0	2	1928	A	0	0
0	2	1928	T	0	0
0	2	1954	G	0	0
0	2	1954	T	0	0
0	2	1966	G	0	0
0	2	1966	T	0	0
0	2	1977	C	0	0
0	2	1977	T	0	0
0	2	1991	A	0	0
0	2	1991	C	0	0
0	2	1992	CCA	0	0
0	2	1992	CTC	0	0
0	2	1992	TCA	0	0
0	2	1996	A	0	0
0	2	1996	G	0	0
0	2	2003	C	0	0
0	2	2003	T	0	0
0	2	2007	C	0	0
0	2	2007	T	0	0
0	2	2009	A	0	0
0	2	2009	G	0	0
0	2	2010	C	0	0
0	2	2010	T	0	0
0	2	2012	A	0	0
0	2	2012	G	0	0
0	2	2015	AC	0	0
0	2	2015	GT	0	0
0	2	2017	C	0	0
0	2	2017	T	0	0
0	2	2023	C	0	0
0	2	2023	T	0	0
0	2	2025	CG	0	0
0	2	2025	TA	0	0
0	2	2025	TG	0	0
0	2	2028	A	0	0
0	2	2028	G	0	0
0	2	2032	AT	0	0
0	2	2032	GA	0	0
0	2	2039	AG	0	0
0	2	2039	AT	0	0
0	2	2039	TT	0	0
0	2	2042	C	0	0
0	2	2042	T	0	0
0	2	2049	C	0	0
0	2	2049	T	0	0
0	2	2052	C	0	0
0	2	2052	T	0	0
0	2	2053	C	0	0
0	2	2053	T	0	0
0	2	2055	A	0	0
0	2	2055	T	0	0
0	2	2061	A	0	0
0	2	2061	T	0	0
0	2	2066	CA	0	0
0	2	2066	TT	0	0
0	2	2069	C	0	0
0	2	2069	T	0	0
0	2	2074	A	0	0
0	2	2074	G	0	0
0	2	2075	AA	0	0
0	2	2075	TT	0	0
0	2	2076	C	0	0
0	2	2076	T	0	0
0	2	2077	A	0	0
0	2	2077	G	0	0
0	2	2082	AAC	0	0
0	2	2082	AAG	0	0
0	2	2082	GGC	0	0
0	2	2090	A	0	0
0	2	2090	T	0	0
0	2	2091	CT	0	0
0	2	2091	TA	0	0
0	2	2092	CA	0	0
0	2	2092	TG	0	0
0	2	2096	C	0	0
0	2	2096	T	0	0
0	2	2098	A	0	0
0	2	2098	G	0	0
0	2	2099	C	0	0
0	2	2099	T	0	0
0	2	2100	G	0	0
0	2	2100	T	0	0
0	2	2112	A	0	0
0	2	2112	G	0	0
0	2	2114	C	0	0
0	2	2114	T	0	0
0	2	2133	G	0	0
0	2	2133	T	0	0
0	2	2135	C	0	0
0	2	2135	G	0	0
0	2	2140	AAT	0	0
0	2	2140	AGG	0	0
0	2	2140	GGT	0	0
0	2	2145	A	0	0
0	2	2145	G	0	0
0	2	2150	A	0	0
0	2	2150	T	0	0
0	2	2151	A	0	0
0	2	2151	G	0	0
0	2	2155	C	0	0
0	2	2155	T	0	0
0	2	2158	CC	0	0
0	2	2158	CG	0	0
0	2	2158	TC	0	0
0	2	2158	TG	0	0
0	2	2162	A	0	0
0	2	2162	G	0	0
0	2	2168	A	0	0
0	2	2168	G	0	0
0	2	2169	A	0	0
0	2	2169	C	0	0
0	2	2175	C	0	0
0	2	2175	T	0	0
0	2	2176	CG	0	0
0	2	2176	GA	0	0
0	2	2181	A	0	0
0	2	2181	C	0	0
0	2	2184	G	0	0
0	2	2184	T	0	0
0	2	2191	C	0	0
0	2	2191	T	0	0
0	2	2196	C	0	0
0	2	2196	G	0	0
0	2	2200	A	0	0
0	2	2200	G	0	0
0	2	2201	A	0	0
0	2	2201	C	0	0
0	2	2202	C	0	0
0	2	2202	T	0	0
0	2	2208	C	0	0
0	2	2208	T	0	0
0	2	2223	A	0	0
0	2	2223	G	0	0
0	2	2230	A	0	0
0	2	2230	G	0	0
0	2	2236	A	0	0
0	2	2236	T	0	0
0	2	2239	C	0	0
0	2	2239	T	0	0
0	2	2241	A	0	0
0	2	2241	G	0	0
0	2	2246	G	0	0
0	2	2246	T	0	0
0	2	2247	A	0	0
0	2	2247	G	0	0
0	2	2251	C	0	0
0	2	2251	T	0	0
0	2	2254	CG	0	0
0	2	2254	TA	0	0
0	2	2267	C	0	0
0	2	2267	G	0	0
0	2	2275	A	0	0
0	2	2275	T	0	0
0	2	2279	C	0	0
0	2	2279	T	0	0
0	2	2292	A	0	0
0	2	2292	T	0	0
0	2	2295	C	0	0
0	2	2295	T	0	0
0	2	2296	C	0	0
0	2	2296	T	0	0
0	2	2303	A	0	0
0	2	2303	G	0	0
0	2	2306	A	0	0
0	2	2306	C	0	0
0	2	2307	G	0	0
0	2	2307	T	0	0
0	2	2308	A	0	0
0	2	2308	G	0	0
0	2	2362	C	0	0
0	2	2362	T	0	0
0	2	2363	A	0	0
0	2	2363	G	0	0
0	2	2364	A	0	0
0	2	2364	T	0	0
0	2	2367	AT	0	0
0	2	2367	GC	0	0
0	2	2368	CG	0	0
0	2	2368	TA	0	0
0	2	2368	TG	0	0
0	2	2372	A	0	0
0	2	2372	G	0	0
0	2	2381	C	0	0
0	2	2381	T	0	0
0	2	2386	C	0	0
0	2	2386	G	0	0
0	2	2390	C	0	0
0	2	2390	T	0	0
0	2	2391	A	0	0
0	2	2391	G	0	0
0	2	2392	C	0	0
0	2	2392	G	0	0
0	2	2401	C	0	0
0	2	2401	T	0	0
0	2	2403	C	0	0
0	2	2403	T	0	0
0	2	2407	C	0	0
0	2	2407	T	0	0
0	2	2421	A	0	0
0	2	2421	G	0	0
0	2	2425	C	0	0
0	2	2425	T	0	0
0	2	2430	A	0	0
0	2	2430	G	0	0
0	2	2436	CC	0	0
0	2	2436	TT	0	0
0	2	2445	C	0	0
0	2	2445	T	0	0
0	2	2446	A	0	0
0	2	2446	G	0	0
0	2	2450	A	0	0
0	2	2450	G	0	0
0	2	2452	A	0	0
0	2	2452	G	0	0
0	2	2453	A	0	0
0	2	2453	G	0	0
0	2	2464	G	0	0
0	2	2464	T	0	0
0	2	2465	CGA	0	0
0	2	2465	TAT	0	0
0	2	2465	TGA	0	0
0	2	2466	AG	0	0
0	2	2466	CT	0	0
0	2	2467	A	0	0
0	2	2467	G	0	0
0	2	2474	A	0	0
0	2	2474	G	0	0
0	2	2476	C	0	0
0	2	2476	T	0	0
0	2	2480	CG	0	0
0	2	2480	TA	0	0
0	2	2480	TG	0	0
0	2	2481	AG	0	0
0	2	2481	GA	0	0
0	2	2481	GG	0	0
0	2	2486	CA	0	0
0	2	2486	TG	0	0
0	2	2492	A	0	0
0	2	2492	C	0	0
0	2	2494	A	0	0
0	2	2494	G	0	0
0	2	2495	A	0	0
0	2	2495	G	0	0
0	2	2499	A	0	0
0	2	2499	G	0	0
0	2	2500	C	0	0
0	2	2500	T	0	0
0	2	2511	A	0	0
0	2	2511	T	0	0
0	2	2516	A	0	0
0	2	2516	G	0	0
0	2	2517	C	0	0
0	2	2517	T	0	0
0	2	2520	AG	0	0
0	2	2520	GC	0	0
0	2	2523	AC	0	0
0	2	2523	AT	0	0
0	2	2523	GT	0	0
0	2	2532	AA	0	0
0	2	2532	GG	0	0
0	2	2533	A	0	0
0	2	2533	G	0	0
0	2	2540	C	0	0
0	2	2540	T	0	0
0	2	2541	CA	0	0
0	2	2541	CG	0	0
0	2	2541	TG	0	0
0	2	2544	C	0	0
0	2	2544	T	0	0
0	2	2545	A	0	0
0	2	2545	G	0	0
0	2	2554	C	0	0
0	2	2554	T	0	0
0	2	2557	AA	0	0
0	2	2557	GA	0	0
0	2	2557	GG	0	0
0	2	2558	C	0	0
0	2	2558	T	0	0
0	2	2576	C	0	0
0	2	2576	T	0	0
0	2	2582	A	0	0
0	2	2582	G	0	0
0	2	2586	A	0	0
0	2	2586	G	0	0
0	2	2587	C	0	0
0	2	2587	T	0	0
0	2	2592	A	0	0
0	2	2592	G	0	0
0	2	2604	C	0	0
0	2	2604	T	0	0
0	2	2611	A	0	0
0	2	2611	G	0	0
0	2	2612	A	0	0
0	2	2612	G	0	0
0	2	2614	AG	0	0
0	2	2614	TA	0	0
0	2	2614	TG	0	0
0	2	2618	G	0	0
0	2	2618	T	0	0
0	2	2620	C	0	0
0	2	2620	T	0	0
0	2	2627	A	0	0
0	2	2627	G	0	0
0	2	2637	C	0	0
0	2	2637	T	0	0
0	2	2642	A	0	0
0	2	2642	G	0	0
0	2	2647	CA	0	0
0	2	2647	CG	0	0
0	2	2647	TA	0	0
0	2	2648	A	0	0
0	2	2648	G	0	0
0	2	2649	CCC	0	0
0	2	2649	TTT	0	0
0	2	2650	C	0	0
0	2	2650	T	0	0
0	2	2656	C	0	0
0	2	2656	T	0	0
0	2	2660	AC	0	0
0	2	2660	GT	0	0
0	2	2671	C	0	0
0	2	2671	T	0	0
0	2	2680	CG	0	0
0	2	2680	TA	0	0
0	2	2687	A	0	0
0	2	2687	T	0	0
0	2	2688	AA	0	0
0	2	2688	GG	0	0
0	2	2690	A	0	0
0	2	2690	T	0	0
0	2	2693	A	0	0
0	2	2693	G	0	0
0	2	2706	C	0	0
0	2	2706	T	0	0
0	2	2711	C	0	0
0	2	2711	T	0	0
0	2	2732	A	0	0
0	2	2732	G	0	0
0	2	2735	A	0	0
0	2	2735	G	0	0
0	2	2736	C	0	0
0	2	2736	T	0	0
0	2	2738	A	0	0
0	2	2738	G	0	0
0	2	2743	A	0	0
0	2	2743	G	0	0
0	2	2765	A	0	0
0	2	2765	G	0	0
0	2	2773	C	0	0
0	2	2773	T	0	0
0	2	2775	A	0	0
0	2	2775	G	0	0
0	2	2787	C	0	0
0	2	2787	G	0	0
0	2	2791	C	0	0
0	2	2791	T	0	0
0	2	2796	C	0	0
0	2	2796	G	0	0
0	2	2803	A	0	0
0	2	2803	G	0	0
0	2	2810	C	0	0
0	2	2810	T	0	0
0	2	2811	A	0	0
0	2	2811	G	0	0
0	2	2815	A	0	0
0	2	2815	G	0	0
0	2	2816	A	0	0
0	2	2816	C	0	0
0	2	2817	C	0	0
0	2	2817	T	0	0
0	2	2819	A	0	0
0	2	2819	G	0	0
0	2	2820	C	0	0
0	2	2820	T	0	0
0	2	2839	C	0	0
0	2	2839	T	0	0
0	2	2846	A	0	0
0	2	2846	G	0	0
0	2	2847	A	0	0
0	2	2847	G	0	0
0	2	2849	C	0	0
0	2	2849	T	0	0
0	2	2852	CA	0	0
0	2	2852	GG	0	0
0	2	2860	A	0	0
0	2	2860	G	0	0
0	2	2866	A	0	0
0	2	2866	G	0	0
0	2	2880	C	0	0
0	2	2880	T	0	0
0	2	2883	A	0	0
0	2	2883	G	0	0
0	2	2893	C	0	0
0	2	2893	G	0	0
0	2	2905	C	0	0
0	2	2905	T	0	0
0	2	2914	CT	0	0
0	2	2914	TA	0	0
0	2	2914	TT	0	0
0	2	2915	C	0	0
0	2	2915	T	0	0
0	2	2916	C	0	0
0	2	2916	T	0	0
0	2	2917	A	0	0
0	2	2917	G	0	0
0	2	2919	A	0	0
0	2	2919	C	0	0
0	2	2921	C	0	0
0	2	2921	T	0	0
0	2	2923	A	0	0
0	2	2923	G	0	0
0	2	2926	C	0	0
0	2	2926	T	0	0
0	2	2938	C	0	0
0	2	2938	T	0	0
0	2	2944	CC	0	0
0	2	2944	CT	0	0
0	2	2944	TC	0	0
0	2	2945	AT	0	0
0	2	2945	GC	0	0
0	2	2945	GT	0	0
0	2	2946	CA	0	0
0	2	2946	TG	0	0
0	2	2947	C	0	0
0	2	2947	G	0	0
0	2	2948	CC	0	0
0	2	2948	TT	0	0
0	2	2949	CA	0	0
0	2	2949	GA	0	0
0	2	2949	GG	0	0
0	2	2951	A	0	0
0	2	2951	G	0	0
0	2	2952	C	0	0
0	2	2952	T	0	0
0	2	2960	C	0	0
0	2	2960	T	0	0
0	2	2962	A	0	0
0	2	2962	G	0	0
0	2	2966	CT	0	0
0	2	2966	TG	0	0
0	2	2966	TT	0	0
0	2	2968	A	0	0
0	2	2968	G	0	0
0	2	2973	A	0	0
0	2	2973	G	0	0
0	2	2977	A	0	0
0	2	2977	G	0	0
0	2	2981	C	0	0
0	2	2981	T	0	0
0	2	2987	A	0	0
0	2	2987	G	0	0
0	2	2989	A	0	0
0	2	2989	G	0	0
0	2	2997	G	0	0
0	2	2997	T	0	0
0	2	2999	C	0	0
0	2	2999	T	0	0
0	2	3001	C	0	0
0	2	3001	G	0	0
0	2	3006	C	0	0
0	2	3006	T	0	0
0	2	3012	A	0	0
0	2	3012	G	0	0
0	2	3016	C	0	0
0	2	3016	T	0	0
0	2	3028	G	0	0
0	2	3028	T	0	0
0	2	3030	C	0	0
0	2	3030	G	0	0
0	2	3031	A	0	0
0	2	3031	G	0	0
0	2	3032	AG	0	0
0	2	3032	AT	0	0
0	2	3032	GG	0	0
0	2	3039	C	0	0
0	2	3039	T	0	0
0	2	3040	A	0	0
0	2	3040	G	0	0
0	2	3044	A	0	0
0	2	3044	T	0	0
0	2	3048	A	0	0
0	2	3048	G	0	0
0	2	3052	C	0	0
0	2	3052	T	0	0
0	2	3055	A	0	0
0	2	3055	G	0	0
0	2	3060	C	0	0
0	2	3060	T	0	0
0	2	3066	A	0	0
0	2	3066	T	0	0
0	2	3068	A	0	0
0	2	3068	G	0	0
0	2	3077	A	0	0
0	2	3077	T	0	0
0	2	3078	A	0	0
0	2	3078	T	0	0
0	2	3084	A	0	0
0	2	3084	G	0	0
0	2	3086	C	0	0
0	2	3086	T	0	0
0	2	3087	A	0	0
0	2	3087	G	0	0
0	2	3089	A	0	0
0	2	3089	G	0	0
0	2	3090	AGT	0	0
0	2	3090	GAC	0	0
0	2	3091	CC	0	0
0	2	3091	TT	0	0
0	2	3092	A	0	0
0	2	3092	C	0	0
0	2	3097	G	0	0
0	2	3097	T	0	0
0	2	3099	CG	0	0
0	2	3099	TA	0	0
0	2	3100	A	0	0
0	2	3100	G	0	0
0	2	3101	C	0	0
0	2	3101	T	0	0
0	2	3102	A	0	0
0	2	3102	T	0	0
0	2	3111	A	0	0
0	2	3111	G	0	0
0	2	3112	A	0	0
0	2	3112	G	0	0
0	2	3117	A	0	0
0	2	3117	C	0	0
0	2	3123	C	0	0
0	2	3123	T	0	0
0	2	3124	C	0	0
0	2	3124	G	0	0
0	2	3125	C	0	0
0	2	3125	T	0	0
0	2	3132	C	0	0
0	2	3132	T	0	0
0	2	3142	C	0	0
0	2	3142	T	0	0
0	2	3147	C	0	0
0	2	3147	T	0	0
0	2	3168	A	0	0
0	2	3168	G	0	0
0	2	3171	C	0	0
0	2	3171	T	0	0
0	2	3178	A	0	0
0	2	3178	G	0	0
0	2	3194	G	0	0
0	2	3194	T	0	0
0	2	3198	C	0	0
0	2	3198	T	0	0
0	2	3199	A	0	0
0	2	3199	G	0	0
0	2	3201	C	0	0
0	2	3201	T	0	0
0	2	3223	A	0	0
0	2	3223	T	0	0
0	2	3232	C	0	0
0	2	3232	T	0	0
0	2	3238	C	0	0
0	2	3238	T	0	0
0	2	3239	CA	0	0
0	2	3239	GG	0	0
0	2	3244	A	0	0
0	2	3244	T	0	0
0	2	3245	A	0	0
0	2	3245	T	0	0
0	2	3246	C	0	0
0	2	3246	T	0	0
0	2	3247	G	0	0
0	2	3247	T	0	0
0	2	3250	A	0	0
0	2	3250	G	0	0
0	2	3252	C	0	0
0	2	3252	G	0	0
0	2	3256	A	0	0
0	2	3256	G	0	0
0	2	3257	A	0	0
0	2	3257	G	0	0
0	2	3258	GA	0	0
0	2	3258	TG	0	0
0	2	3261	A	0	0
0	2	3261	C	0	0
0	2	3263	AC	0	0
0	2	3263	GT	0	0
0	2	3264	CT	0	0
0	2	3264	TC	0	0
0	2	3266	A	0	0
0	2	3266	G	0	0
0	2	3273	G	0	0
0	2	3273	T	0	0
0	2	3274	C	0	0
0	2	3274	T	0	0
0	2	3275	C	0	0
0	2	3275	T	0	0
0	2	3277	A	0	0
0	2	3277	T	0	0
0	2	3282	A	0	0
0	2	3282	G	0	0
0	2	3283	A	0	0
0	2	3283	G	0	0
0	2	3294	A	0	0
0	2	3294	G	0	0
0	2	3295	CT	0	0
0	2	3295	TC	0	0
0	2	3295	TT	0	0
0	2	3299	A	0	0
0	2	3299	T	0	0
0	2	3314	C	0	0
0	2	3314	T	0	0
0	2	3316	C	0	0
0	2	3316	G	0	0
0	2	3318	C	0	0
0	2	3318	T	0	0
0	2	3325	C	0	0
0	2	3325	T	0	0
0	2	3328	A	0	0
0	2	3328	G	0	0
0	2	3340	A	0	0
0	2	3340	G	0	0
0	2	3350	A	0	0
0	2	3350	G	0	0
0	2	3351	C	0	0
0	2	3351	T	0	0
0	2	3352	AC	0	0
0	2	3352	GT	0	0
0	2	3353	C	0	0
0	2	3353	T	0	0
0	2	3363	A	0	0
0	2	3363	G	0	0
0	2	3365	A	0	0
0	2	3365	G	0	0
0	2	3368	CA	0	0
0	2	3368	CG	0	0
0	2	3368	TG	0	0
0	2	3373	G	0	0
0	2	3373	T	0	0
0	2	3374	A	0	0
0	2	3374	G	0	0
0	2	3378	C	0	0
0	2	3378	T	0	0
0	2	3384	CA	0	0
0	2	3384	TT	0	0
0	2	3385	CG	0	0
0	2	3385	GT	0	0
0	2	3393	A	0	0
0	2	3393	G	0	0
0	2	3398	C	0	0
0	2	3398	T	0	0
0	2	3410	A	0	0
0	2	3410	G	0	0
0	2	3415	A	0	0
0	2	3415	G	0	0
0	2	3416	AT	0	0
0	2	3416	TC	0	0
0	2	3421	A	0	0
0	2	3421	T	0	0
0	2	3425	A	0	0
0	2	3425	T	0	0
0	2	3426	CT	0	0
0	2	3426	TA	0	0
0	2	3427	AC	0	0
0	2	3427	GT	0	0
0	2	3432	C	0	0
0	2	3432	T	0	0
0	2	3436	A	0	0
0	2	3436	T	0	0
0	2	3442	A	0	0
0	2	3442	G	0	0
0	2	3453	AG	0	0
0	2	3453	GT	0	0
0	2	3454	A	0	0
0	2	3454	G	0	0
0	2	3463	A	0	0
0	2	3463	G	0	0
0	2	3467	AT	0	0
0	2	3467	GC	0	0
0	2	3480	A	0	0
0	2	3480	G	0	0
0	2	3481	A	0	0
0	2	3481	T	0	0
0	2	3483	G	0	0
0	2	3483	T	0	0
0	2	3484	A	0	0
0	2	3484	G	0	0
0	2	3485	AT	0	0
0	2	3485	GC	0	0
0	2	3487	CC	0	0
0	2	3487	CT	0	0
0	2	3487	TC	0	0
0	2	3488	A	0	0
0	2	3488	C	0	0
0	2	3490	A	0	0
0	2	3490	G	0	0
0	2	3492	C	0	0
0	2	3492	T	0	0
0	2	3496	A	0	0
0	2	3496	G	0	0
0	2	3500	A	0	0
0	2	3500	G	0	0
0	2	3501	A	0	0
0	2	3501	G	0	0
0	2	3504	C	0	0
0	2	3504	T	0	0
0	2	3507	C	0	0
0	2	3507	T	0	0
0	2	3508	A	0	0
0	2	3508	G	0	0
0	2	3509	A	0	0
0	2	3509	G	0	0
0	2	3510	A	0	0
0	2	3510	G	0	0
0	2	3512	AC	0	0
0	2	3512	TA	0	0
0	2	3515	CG	0	0
0	2	3515	TA	0	0
0	2	3519	A	0	0
0	2	3519	G	0	0
0	2	3522	GA	0	0
0	2	3522	TA	0	0
0	2	3522	TG	0	0
0	2	3523	AA	0	0
0	2	3523	GG	0	0
0	2	3524	C	0	0
0	2	3524	T	0	0
0	2	3526	C	0	0
0	2	3526	G	0	0
0	2	3528	A	0	0
0	2	3528	C	0	0
0	2	3529	C	0	0
0	2	3529	T	0	0
0	2	3530	C	0	0
0	2	3530	T	0	0
0	2	3531	C	0	0
0	2	3531	T	0	0
0	2	3540	C	0	0
0	2	3540	T	0	0
0	2	3543	CT	0	0
0	2	3543	TC	0	0
0	2	3550	A	0	0
0	2	3550	G	0	0
0	2	3552	A	0	0
0	2	3552	T	0	0
0	2	3566	C	0	0
0	2	3566	T	0	0
0	2	3567	C	0	0
0	2	3567	T	0	0
0	2	3574	C	0	0
0	2	3574	T	0	0
0	2	3580	A	0	0
0	2	3580	G	0	0
0	2	3581	A	0	0
0	2	3581	G	0	0
0	2	3582	A	0	0
0	2	3582	G	0	0
0	2	3585	C	0	0
0	2	3585	T	0	0
0	2	3592	CA	0	0
0	2	3592	TG	0	0
0	2	3597	A	0	0
0	2	3597	G	0	0
0	2	3599	C	0	0
0	2	3599	T	0	0
0	2	3601	A	0	0
0	2	3601	C	0	0
0	2	3603	C	0	0
0	2	3603	T	0	0
0	2	3608	C	0	0
0	2	3608	T	0	0
0	2	3611	C	0	0
0	2	3611	G	0	0
0	2	3617	A	0	0
0	2	3617	C	0	0
0	2	3624	C	0	0
0	2	3624	T	0	0
0	2	3626	AG	0	0
0	2	3626	CA	0	0
0	2	3634	CA	0	0
0	2	3634	TC	0	0
0	2	3641	A	0	0
0	2	3641	G	0	0
0	2	3646	C	0	0
0	2	3646	T	0	0
0	2	3648	C	0	0
0	2	3648	T	0	0
0	2	3651	G	0	0
0	2	3651	T	0	0
0	2	3654	A	0	0
0	2	3654	G	0	0
0	2	3664	C	0	0
0	2	3664	T	0	0
0	2	3666	GG	0	0
0	2	3666	TA	0	0
0	2	3669	A	0	0
0	2	3669	G	0	0
0	2	3674	A	0	0
0	2	3674	G	0	0
0	2	3675	C	0	0
0	2	3675	T	0	0
0	2	3678	A	0	0
0	2	3678	G	0	0
0	2	3682	C	0	0
0	2	3682	T	0	0
0	2	3695	A	0	0
0	2	3695	G	0	0
0	2	3697	A	0	0
0	2	3697	G	0	0
0	2	3698	C	0	0
0	2	3698	T	0	0
0	2	3702	A	0	0
0	2	3702	T	0	0
0	2	3724	A	0	0
0	2	3724	G	0	0
0	2	3729	A	0	0
0	2	3729	G	0	0
0	2	3733	AT	0	0
0	2	3733	GG	0	0
0	2	3734	AT	0	0
0	2	3734	CC	0	0
0	2	3749	AA	0	0
0	2	3749	GA	0	0
0	2	3749	GT	0	0
0	2	3756	A	0	0
0	2	3756	G	0	0
0	2	3765	C	0	0
0	2	3765	T	0	0
0	2	3766	C	0	0
0	2	3766	T	0	0
0	2	3767	A	0	0
0	2	3767	G	0	0
0	2	3771	C	0	0
0	2	3771	T	0	0
0	2	3785	A	0	0
0	2	3785	T	0	0
0	2	3789	C	0	0
0	2	3789	T	0	0
0	2	3792	A	0	0
0	2	3792	G	0	0
0	2	3797	C	0	0
0	2	3797	T	0	0
0	2	3798	A	0	0
0	2	3798	G	0	0
0	2	3804	C	0	0
0	2	3804	T	0	0
0	2	3805	C	0	0
0	2	3805	T	0	0
0	2	3813	C	0	0
0	2	3813	T	0	0
0	2	3817	C	0	0
0	2	3817	T	0	0
0	2	3821	A	0	0
0	2	3821	G	0	0
0	2	3824	A	0	0
0	2	3824	T	0	0
0	2	3837	A	0	0
0	2	3837	G	0	0
0	2	3849	A	0	0
0	2	3849	G	0	0
0	2	3851	A	0	0
0	2	3851	G	0	0
0	2	3852	A	0	0
0	2	3852	T	0	0
0	2	3859	C	0	0
0	2	3859	T	0	0
0	2	3863	A	0	0
0	2	3863	G	0	0
0	2	3865	C	0	0
0	2	3865	T	0	0
0	2	3866	C	0	0
0	2	3866	T	0	0
0	2	3871	C	0	0
0	2	3871	G	0	0
0	2	3873	A	0	0
0	2	3873	G	0	0
0	2	3878	C	0	0
0	2	3878	T	0	0
0	2	3885	G	0	0
0	2	3885	T	0	0
0	2	3886	A	0	0
0	2	3886	T	0	0
0	2	3889	C	0	0
0	2	3889	T	0	0
0	2	3897	C	0	0
0	2	3897	T	0	0
0	2	3907	A	0	0
0	2	3907	G	0	0
0	2	3920	C	0	0
0	2	3920	T	0	0
0	2	3921	A	0	0
0	2	3921	T	0	0
0	2	3923	A	0	0
0	2	3923	G	0	0
0	2	3924	CT	0	0
0	2	3924	TC	0	0
0	2	3925	C	0	0
0	2	3925	T	0	0
0	2	3927	CT	0	0
0	2	3927	TC	0	0
0	2	3933	AT	0	0
0	2	3933	GC	0	0
0	2	3937	A	0	0
0	2	3937	C	0	0
0	2	3943	A	0	0
0	2	3943	G	0	0
0	2	3946	A	0	0
0	2	3946	C	0	0
0	2	3950	CC	0	0
0	2	3950	TC	0	0
0	2	3950	TT	0	0
0	2	3953	C	0	0
0	2	3953	G	0	0
0	2	3963	A	0	0
0	2	3963	T	0	0
0	2	3984	A	0	0
0	2	3984	G	0	0
0	2	3985	A	0	0
0	2	3985	T	0	0
0	2	3990	C	0	0
0	2	3990	T	0	0
0	2	4005	C	0	0
0	2	4005	T	0	0
0	2	4006	A	0	0
0	2	4006	G	0	0
0	2	4010	G	0	0
0	2	4010	T	0	0
0	2	4012	G	0	0
0	2	4012	T	0	0
0	2	4020	A	0	0
0	2	4020	G	0	0
0	2	4022	A	0	0
0	2	4022	C	0	0
0	2	4028	G	0	0
0	2	4028	T	0	0
0	2	4053	C	0	0
0	2	4053	T	0	0
0	2	4056	C	0	0
0	2	4056	T	0	0
0	2	4057	C	0	0
0	2	4057	T	0	0
0	2	4063	C	0	0
0	2	4063	T	0	0
0	2	4065	A	0	0
0	2	4065	G	0	0
0	2	4067	C	0	0
0	2	4067	T	0	0
0	2	4071	AT	0	0
0	2	4071	GG	0	0
0	2	4083	AG	0	0
0	2	4083	TA	0	0
0	2	4083	TG	0	0
0	2	4086	A	0	0
0	2	4086	G	0	0
0	2	4097	A	0	0
0	2	4097	G	0	0
0	2	4098	C	0	0
0	2	4098	T	0	0
0	2	4107	A	0	0
0	2	4107	G	0	0
0	2	4109	A	0	0
0	2	4109	T	0	0
0	2	4121	A	0	0
0	2	4121	T	0	0
0	2	4123	CC	0	0
0	2	4123	CT	0	0
0	2	4123	TC	0	0
0	2	4127	C	0	0
0	2	4127	T	0	0
0	2	4137	C	0	0
0	2	4137	T	0	0
0	2	4147	CA	0	0
0	2	4147	CT	0	0
0	2	4147	GA	0	0
0	2	4168	A	0	0
0	2	4168	T	0	0
0	2	4172	C	0	0
0	2	4172	T	0	0
0	2	4174	A	0	0
0	2	4174	C	0	0
0	2	4177	A	0	0
0	2	4177	G	0	0
0	2	4184	C	0	0
0	2	4184	T	0	0
0	2	4189	A	0	0
0	2	4189	G	0	0
0	2	4195	A	0	0
0	2	4195	G	0	0
0	2	4196	A	0	0
0	2	4196	C	0	0
0	2	4204	A	0	0
0	2	4204	G	0	0
0	2	4211	A	0	0
0	2	4211	C	0	0
0	2	4216	C	0	0
0	2	4216	T	0	0
0	2	4219	A	0	0
0	2	4219	T	0	0
0	2	4223	A	0	0
0	2	4223	G	0	0
0	2	4233	A	0	0
0	2	4233	T	0	0
0	2	4234	A	0	0
0	2	4234	G	0	0
0	2	4235	C	0	0
0	2	4235	T	0	0
0	2	4240	A	0	0
0	2	4240	C	0	0
0	2	4241	A	0	0
0	2	4241	T	0	0
0	2	4243	AA	0	0
0	2	4243	TA	0	0
0	2	4243	TG	0	0
0	2	4246	CA	0	0
0	2	4246	TG	0	0
0	2	4247	CA	0	0
0	2	4247	TG	0	0
0	2	4251	A	0	0
0	2	4251	G	0	0
0	2	4255	AA	0	0
0	2	4255	GG	0	0
0	2	4256	C	0	0
0	2	4256	T	0	0
0	2	4261	A	0	0
0	2	4261	G	0	0
0	2	4267	A	0	0
0	2	4267	G	0	0
0	2	4268	A	0	0
0	2	4268	G	0	0
0	2	4270	AT	0	0
0	2	4270	GG	0	0
0	2	4272	CA	0	0
0	2	4272	CG	0	0
0	2	4272	TG	0	0
0	2	4273	C	0	0
0	2	4273	T	0	0
0	2	4274	A	0	0
0	2	4274	G	0	0
0	2	4277	A	0	0
0	2	4277	G	0	0
0	2	4284	C	0	0
0	2	4284	T	0	0
0	2	4286	C	0	0
0	2	4286	T	0	0
0	2	4288	C	0	0
0	2	4288	T	0	0
0	2	4303	C	0	0
0	2	4303	T	0	0
0	2	4305	A	0	0
0	2	4305	G	0	0
0	2	4307	A	0	0
0	2	4307	C	0	0
0	2	4309	C	0	0
0	2	4309	T	0	0
0	2	4310	A	0	0
0	2	4310	G	0	0
0	2	4311	A	0	0
0	2	4311	G	0	0
0	2	4319	CC	0	0
0	2	4319	TT	0	0
0	2	4321	A	0	0
0	2	4321	T	0	0
0	2	4325	A	0	0
0	2	4325	G	0	0
0	2	4327	A	0	0
0	2	4327	G	0	0
0	2	4328	A	0	0
0	2	4328	T	0	0
0	2	4329	A	0	0
0	2	4329	C	0	0
0	2	4333	C	0	0
0	2	4333	T	0	0
0	2	4334	G	0	0
0	2	4334	T	0	0
0	2	4337	A	0	0
0	2	4337	G	0	0
0	2	4338	C	0	0
0	2	4338	T	0	0
0	2	4346	G	0	0
0	2	4346	T	0	0
0	2	4350	AC	0	0
0	2	4350	GA	0	0
0	2	4352	A	0	0
0	2	4352	G	0	0
0	2	4358	A	0	0
0	2	4358	C	0	0
0	2	4361	C	0	0
0	2	4361	T	0	0
0	2	4365	CT	0	0
0	2	4365	TG	0	0
0	2	4369	AC	0	0
0	2	4369	TG	0	0
0	2	4374	C	0	0
0	2	4374	T	0	0
0	2	4376	G	0	0
0	2	4376	T	0	0
0	2	4377	A	0	0
0	2	4377	C	0	0
0	2	4391	A	0	0
0	2	4391	G	0	0
0	2	4401	C	0	0
0	2	4401	T	0	0
0	2	4408	A	0	0
0	2	4408	C	0	0
0	2	4410	A	0	0
0	2	4410	T	0	0
0	2	4414	A	0	0
0	2	4414	G	0	0
0	2	4415	CT	0	0
0	2	4415	TC	0	0
0	2	4420	C	0	0
0	2	4420	T	0	0
0	2	4422	A	0	0
0	2	4422	G	0	0
0	2	4423	CG	0	0
0	2	4423	TA	0	0
0	2	4427	G	0	0
0	2	4427	T	0	0
0	2	4430	G	0	0
0	2	4430	T	0	0
0	2	4432	A	0	0
0	2	4432	G	0	0
0	2	4434	C	0	0
0	2	4434	T	0	0
0	2	4440	A	0	0
0	2	4440	G	0	0
0	2	4441	C	0	0
0	2	4441	T	0	0
0	2	4443	A	0	0
0	2	4443	G	0	0
0	2	4444	C	0	0
0	2	4444	T	0	0
0	2	4447	C	0	0
0	2	4447	T	0	0
0	2	4448	A	0	0
0	2	4448	G	0	0
0	2	4459	A	0	0
0	2	4459	C	0	0
0	2	4460	A	0	0
0	2	4460	C	0	0
0	2	4462	CT	0	0
0	2	4462	TC	0	0
0	2	4462	TT	0	0
0	2	4472	C	0	0
0	2	4472	T	0	0
0	2	4473	A	0	0
0	2	4473	G	0	0
0	2	4485	A	0	0
0	2	4485	T	0	0
0	2	4497	ATC	0	0
0	2	4497	GAC	0	0
0	2	4497	GTT	0	0
0	2	4500	AT	0	0
0	2	4500	GA	0	0
0	2	4501	C	0	0
0	2	4501	G	0	0
0	2	4518	A	0	0
0	2	4518	C	0	0
0	2	4518	T	0	0
0	2	4536	A	0	0
0	2	4536	G	0	0
0	2	4538	AC	0	0
0	2	4538	AT	0	0
0	2	4538	CT	0	0
0	2	4541	C	0	0
0	2	4541	T	0	0
0	2	4542	G	0	0
0	2	4542	T	0	0
0	2	4543	A	0	0
0	2	4543	T	0	0
0	2	4547	C	0	0
0	2	4547	T	0	0
0	2	4554	A	0	0
0	2	4554	G	0	0
0	2	4557	A	0	0
0	2	4557	T	0	0
0	2	4558	A	0	0
0	2	4558	T	0	0
0	2	4562	A	0	0
0	2	4562	G	0	0
0	2	4566	CG	0	0
0	2	4566	TA	0	0
0	2	4566	TG	0	0
0	2	4573	C	0	0
0	2	4573	T	0	0
0	2	4574	A	0	0
0	2	4574	G	0	0
0	2	4579	C	0	0
0	2	4579	T	0	0
0	2	4583	C	0	0
0	2	4583	T	0	0
0	2	4588	AA	0	0
0	2	4588	TG	0	0
0	2	4597	GAGA	0	0
0	2	4597	GAGT	0	0
0	2	4597	GATA	0	0
0	2	4597	GATT	0	0
0	2	4597	GTGA	0	0
0	2	4597	GTGT	0	0
0	2	4597	GTTA	0	0
0	2	4597	GTTT	0	0
0	2	4597	TAGA	0	0
0	2	4597	TAGT	0	0
0	2	4597	TATA	0	0
0	2	4597	TATT	0	0
0	2	4597	TTGA	0	0
0	2	4597	TTGT	0	0
0	2	4597	TTTA	0	0
0	2	4597	TTTT	0	0
0	2	4608	C	0	0
0	2	4608	T	0	0
0	2	4609	A	0	0
0	2	4609	G	0	0
0	2	4614	ACA	0	0
0	2	4614	ATC	0	0
0	2	4614	TCC	0	0
0	2	4615	AC	0	0
0	2	4615	GA	0	0
0	2	4615	GC	0	0
0	2	4621	A	0	0
0	2	4621	G	0	0
0	2	4623	A	0	0
0	2	4623	G	0	0
0	2	4628	C	0	0
0	2	4628	T	0	0
0	2	4630	C	0	0
0	2	4630	T	0	0
0	2	4636	A	0	0
0	2	4636	G	0	0
0	2	4637	C	0	0
0	2	4637	T	0	0
0	2	4641	A	0	0
0	2	4641	T	0	0
0	2	4643	A	0	0
0	2	4643	T	0	0
0	2	4644	A	0	0
0	2	4644	T	0	0
0	2	4647	AG	0	0
0	2	4647	GC	0	0
0	2	4647	GG	0	0
0	2	4649	C	0	0
0	2	4649	T	0	0
0	2	4656	A	0	0
0	2	4656	G	0	0
0	2	4664	A	0	0
0	2	4664	G	0	0
0	2	4667	A	0	0
0	2	4667	C	0	0
0	2	4670	A	0	0
0	2	4670	G	0	0
0	2	4680	C	0	0
0	2	4680	G	0	0
0	2	4684	C	0	0
0	2	4684	T	0	0
0	2	4686	G	0	0
0	2	4686	T	0	0
0	2	4688	C	0	0
0	2	4688	T	0	0
0	2	4691	C	0	0
0	2	4691	T	0	0
0	2	4692	C	0	0
0	2	4692	T	0	0
0	2	4693	C	0	0
0	2	4693	T	0	0
0	2	4703	C	0	0
0	2	4703	T	0	0
0	2	4719	AC	0	0
0	2	4719	GT	0	0
0	2	4738	C	0	0
0	2	4738	T	0	0
0	2	4754	AA	0	0
0	2	4754	CA	0	0
0	2	4754	CC	0	0
0	2	4775	C	0	0
0	2	4775	T	0	0
0	2	4800	A	0	0
0	2	4800	C	0	0
0	2	4801	C	0	0
0	2	4801	T	0	0
0	2	4808	C	0	0
0	2	4808	T	0	0
0	2	4809	A	0	0
0	2	4809	G	0	0
0	2	4819	A	0	0
0	2	4819	G	0	0
0	2	4824	A	0	0
0	2	4824	G	0	0
0	2	4849	A	0	0
0	2	4849	G	0	0
0	2	4863	C	0	0
0	2	4863	T	0	0
0	2	4883	A	0	0
0	2	4883	T	0	0
0	2	4885	C	0	0
0	2	4885	T	0	0
0	2	4890	A	0	0
0	2	4890	C	0	0
0	2	4896	A	0	0
0	2	4896	G	0	0
0	2	4900	C	0	0
0	2	4900	T	0	0
0	2	4901	C	0	0
0	2	4901	T	0	0
0	2	4912	G	0	0
0	2	4912	T	0	0
0	2	4916	C	0	0
0	2	4916	T	0	0
0	2	4917	A	0	0
0	2	4917	G	0	0
0	2	4922	A	0	0
0	2	4922	C	0	0
0	2	4943	C	0	0
0	2	4943	T	0	0
0	2	4944	CG	0	0
0	2	4944	TA	0	0
0	2	4944	TG	0	0
0	2	4948	A	0	0
0	2	4948	G	0	0
0	2	4950	A	0	0
0	2	4950	G	0	0
0	2	4954	A	0	0
0	2	4954	G	0	0
0	2	4957	C	0	0
0	2	4957	G	0	0
0	2	4959	G	0	0
0	2	4959	T	0	0
0	2	4960	A	0	0
0	2	4960	G	0	0
0	2	4961	GA	0	0
0	2	4961	GC	0	0
0	2	4961	TC	0	0
0	2	4964	A	0	0
0	2	4964	C	0	0
0	2	4974	C	0	0
0	2	4974	T	0	0
0	2	4984	A	0	0
0	2	4984	T	0	0
0	2	4986	A	0	0
0	2	4986	G	0	0
0	2	4988	A	0	0
0	2	4988	C	0	0
0	2	4997	A	0	0
0	2	4997	G	0	0
0	2	5013	A	0	0
0	2	5013	G	0	0
0	2	5024	A	0	0
0	2	5024	T	0	0
0	2	5026	AT	0	0
0	2	5026	CC	0	0
0	2	5031	A	0	0
0	2	5031	G	0	0
0	2	5038	A	0	0
0	2	5038	C	0	0
0	2	5045	C	0	0
0	2	5045	T	0	0
0	2	5050	C	0	0
0	2	5050	T	0	0
0	2	5074	C	0	0
0	2	5074	T	0	0
0	2	5076	A	0	0
0	2	5076	G	0	0
0	2	5086	A	0	0
0	2	5086	T	0	0
0	2	5092	C	0	0
0	2	5092	T	0	0
0	2	5095	A	0	0
0	2	5095	G	0	0
0	2	5096	CT	0	0
0	2	5096	TC	0	0
0	2	5134	G	0	0
0	2	5134	T	0	0
0	2	5138	A	0	0
0	2	5138	G	0	0
0	2	5142	A	0	0
0	2	5142	G	0	0
0	2	5145	C	0	0
0	2	5145	G	0	0
0	2	5148	A	0	0
0	2	5148	G	0	0
0	2	5155	A	0	0
0	2	5155	G	0	0
0	2	5160	G	0	0
0	2	5160	T	0	0
0	2	5162	C	0	0
0	2	5162	T	0	0
0	2	5163	AA	0	0
0	2	5163	TA	0	0
0	2	5163	TT	0	0
0	2	5168	A	0	0
0	2	5168	G	0	0
0	2	5169	A	0	0
0	2	5169	G	0	0
0	2	5177	A	0	0
0	2	5177	C	0	0
0	2	5185	A	0	0
0	2	5185	G	0	0
0	2	5191	CTG	0	0
0	2	5191	TGT	0	0
0	2	5200	CC	0	0
0	2	5200	GG	0	0
0	2	5213	A	0	0
0	2	5213	T	0	0
0	2	5220	C	0	0
0	2	5220	G	0	0
0	2	5221	A	0	0
0	2	5221	G	0	0
0	2	5226	G	0	0
0	2	5226	T	0	0
0	2	5228	C	0	0
0	2	5228	T	0	0
0	2	5230	A	0	0
0	2	5230	G	0	0
0	2	5233	A	0	0
0	2	5233	G	0	0
0	2	5234	A	0	0
0	2	5234	G	0	0
0	2	5238	A	0	0
0	2	5238	G	0	0
0	2	5240	C	0	0
0	2	5240	T	0	0
0	2	5246	A	0	0
0	2	5246	G	0	0
0	2	5248	A	0	0
0	2	5248	T	0	0
0	2	5251	C	0	0
0	2	5251	T	0	0
0	2	5254	AC	0	0
0	2	5254	AT	0	0
0	2	5254	GT	0	0
0	2	5255	A	0	0
0	2	5255	G	0	0
0	2	5258	A	0	0
0	2	5258	G	0	0
0	2	5261	A	0	0
0	2	5261	G	0	0
0	2	5263	C	0	0
0	2	5263	T	0	0
0	2	5267	C	0	0
0	2	5267	T	0	0
0	2	5270	C	0	0
0	2	5270	T	0	0
0	2	5281	A	0	0
0	2	5281	G	0	0
0	2	5291	C	0	0
0	2	5291	T	0	0
0	2	5295	A	0	0
0	2	5295	G	0	0
0	2	5302	A	0	0
0	2	5302	G	0	0
0	2	5305	C	0	0
0	2	5305	T	0	0
0	2	5306	A	0	0
0	2	5306	G	0	0
0	2	5314	C	0	0
0	2	5314	T	0	0
0	2	5315	CC	0	0
0	2	5315	TT	0	0
0	2	5319	C	0	0
0	2	5319	T	0	0
0	2	5323	A	0	0
0	2	5323	G	0	0
0	2	5324	C	0	0
0	2	5324	T	0	0
0	2	5334	C	0	0
0	2	5334	T	0	0
0	2	5335	C	0	0
0	2	5335	T	0	0
0	2	5339	AC	0	0
0	2	5339	GC	0	0
0	2	5339	GT	0	0
0	2	5344	AA	0	0
0	2	5344	GG	0	0
0	2	5374	C	0	0
0	2	5374	T	0	0
0	2	5378	A	0	0
0	2	5378	C	0	0
0	2	5379	A	0	0
0	2	5379	T	0	0
0	2	5385	A	0	0
0	2	5385	G	0	0
0	2	5388	CT	0	0
0	2	5388	TC	0	0
0	2	5388	TT	0	0
0	2	5391	G	0	0
0	2	5391	T	0	0
0	2	5392	C	0	0
0	2	5392	T	0	0
0	2	5397	C	0	0
0	2	5397	T	0	0
0	2	5398	G	0	0
0	2	5398	T	0	0
0	2	5399	A	0	0
0	2	5399	T	0	0
0	2	5402	C	0	0
0	2	5402	G	0	0
0	2	5411	CTA	0	0
0	2	5411	TAG	0	0
0	2	5412	C	0	0
0	2	5412	G	0	0
0	2	5414	A	0	0
0	2	5414	T	0	0
0	2	5416	C	0	0
0	2	5416	T	0	0
0	2	5417	A	0	0
0	2	5417	G	0	0
0	2	5419	C	0	0
0	2	5419	T	0	0
0	2	5420	A	0	0
0	2	5420	T	0	0
0	2	5422	A	0	0
0	2	5422	G	0	0
0	2	5425	A	0	0
0	2	5425	G	0	0
0	2	5426	CT	0	0
0	2	5426	TC	0	0
0	2	5429	C	0	0
0	2	5429	T	0	0
0	2	5430	A	0	0
0	2	5430	G	0	0
0	2	5431	A	0	0
0	2	5431	T	0	0
0	2	5433	A	0	0
0	2	5433	G	0	0
0	2	5434	A	0	0
0	2	5434	C	0	0
0	2	5435	CG	0	0
0	2	5435	TA	0	0
0	2	5436	C	0	0
0	2	5436	T	0	0
0	2	5439	A	0	0
0	2	5439	G	0	0
0	2	5441	A	0	0
0	2	5441	C	0	0
0	2	5451	A	0	0
0	2	5451	G	0	0
0	2	5453	C	0	0
0	2	5453	T	0	0
0	2	5454	AAC	0	0
0	2	5454	TAC	0	0
0	2	5454	TCT	0	0
0	2	5457	G	0	0
0	2	5457	T	0	0
0	2	5461	C	0	0
0	2	5461	T	0	0
0	2	5465	A	0	0
0	2	5465	G	0	0
0	2	5466	C	0	0
0	2	5466	T	0	0
0	2	5469	C	0	0
0	2	5469	T	0	0
0	2	5472	C	0	0
0	2	5472	T	0	0
0	2	5475	A	0	0
0	2	5475	T	0	0
0	2	5478	C	0	0
0	2	5478	T	0	0
0	2	5479	A	0	0
0	2	5479	G	0	0
0	2	5480	AC	0	0
0	2	5480	AT	0	0
0	2	5480	CT	0	0
0	2	5482	CC	0	0
0	2	5482	TA	0	0
0	2	5482	TC	0	0
0	2	5487	A	0	0
0	2	5487	G	0	0
0	2	5488	C	0	0
0	2	5488	T	0	0
0	2	5493	AC	0	0
0	2	5493	GT	0	0
0	2	5495	GA	0	0
0	2	5495	TA	0	0
0	2	5495	TG	0	0
0	2	5496	CT	0	0
0	2	5496	TC	0	0
0	2	5496	TT	0	0
0	2	5498	A	0	0
0	2	5498	G	0	0
0	2	5499	C	0	0
0	2	5499	T	0	0
0	2	5500	CG	0	0
0	2	5500	TG	0	0
0	2	5500	TT	0	0
0	2	5501	C	0	0
0	2	5501	T	0	0
0	2	5503	A	0	0
0	2	5503	G	0	0
0	2	5506	C	0	0
0	2	5506	T	0	0
0	2	5508	C	0	0
0	2	5508	T	0	0
0	2	5514	A	0	0
0	2	5514	C	0	0
0	2	5518	C	0	0
0	2	5518	T	0	0
0	2	5523	C	0	0
0	2	5523	T	0	0
0	2	5533	C	0	0
0	2	5533	T	0	0
0	2	5537	A	0	0
0	2	5537	G	0	0
0	2	5538	C	0	0
0	2	5538	T	0	0
0	2	5540	A	0	0
0	2	5540	G	0	0
0	2	5542	A	0	0
0	2	5542	G	0	0
0	2	5554	A	0	0
0	2	5554	C	0	0
0	2	5568	C	0	0
0	2	5568	T	0	0
0	2	5569	C	0	0
0	2	5569	T	0	0
0	2	5570	A	0	0
0	2	5570	C	0	0
0	2	5584	CTA	0	0
0	2	5584	CTG	0	0
0	2	5584	TCA	0	0
0	2	5593	C	0	0
0	2	5593	T	0	0
0	2	5596	C	0	0
0	2	5596	T	0	0
0	2	5602	A	0	0
0	2	5602	C	0	0
0	2	5607	C	0	0
0	2	5607	T	0	0
0	2	5622	A	0	0
0	2	5622	G	0	0
0	2	5630	A	0	0
0	2	5630	G	0	0
0	2	5631	C	0	0
0	2	5631	T	0	0
0	2	5641	A	0	0
0	2	5641	G	0	0
0	2	5658	A	0	0
0	2	5658	G	0	0
0	2	5660	A	0	0
0	2	5660	G	0	0
0	2	5665	A	0	0
0	2	5665	G	0	0
0	2	5681	AAG	0	0
0	2	5681	AGA	0	0
0	2	5681	AGG	0	0
0	2	5681	GGA	0	0
0	2	5686	A	0	0
0	2	5686	G	0	0
0	2	5696	AG	0	0
0	2	5696	GT	0	0
0	2	5700	C	0	0
0	2	5700	T	0	0
0	2	5701	AT	0	0
0	2	5701	GA	0	0
0	2	5704	CA	0	0
0	2	5704	TC	0	0
0	2	5707	C	0	0
0	2	5707	T	0	0
0	2	5709	A	0	0
0	2	5709	G	0	0
0	2	5717	C	0	0
0	2	5717	T	0	0
0	2	5722	A	0	0
0	2	5722	G	0	0
0	2	5723	C	0	0
0	2	5723	T	0	0
0	2	5727	AC	0	0
0	2	5727	TG	0	0
0	2	5728	C	0	0
0	2	5728	T	0	0
0	2	5730	A	0	0
0	2	5730	C	0	0
0	2	5741	C	0	0
0	2	5741	T	0	0
0	2	5748	A	0	0
0	2	5748	G	0	0
0	2	5752	A	0	0
0	2	5752	G	0	0
0	2	5755	AAA	0	0
0	2	5755	AAC	0	0
0	2	5755	CGG	0	0
0	2	5760	AT	0	0
0	2	5760	GC	0	0
0	2	5760	GT	0	0
0	2	5765	G	0	0
0	2	5765	T	0	0
0	2	5769	A	0	0
0	2	5769	G	0	0
0	2	5772	A	0	0
0	2	5772	T	0	0
0	2	5783	A	0	0
0	2	5783	C	0	0
0	2	5787	A	0	0
0	2	5787	G	0	0
0	2	5790	G	0	0
0	2	5790	T	0	0
0	2	5792	C	0	0
0	2	5792	G	0	0
0	2	5794	A	0	0
0	2	5794	G	0	0
0	2	5807	A	0	0
0	2	5807	G	0	0
0	2	5825	A	0	0
0	2	5825	G	0	0
0	2	5826	A	0	0
0	2	5826	T	0	0
0	2	5828	C	0	0
0	2	5828	G	0	0
0	2	5832	C	0	0
0	2	5832	T	0	0
0	2	5850	C	0	0
0	2	5850	T	0	0
0	2	5851	A	0	0
0	2	5851	G	0	0
0	2	5856	A	0	0
0	2	5856	G	0	0
0	2	5857	A	0	0
0	2	5857	G	0	0
0	2	5865	C	0	0
0	2	5865	T	0	0
0	2	5866	A	0	0
0	2	5866	C	0	0
0	2	5867	A	0	0
0	2	5867	C	0	0
0	2	5869	A	0	0
0	2	5869	C	0	0
0	2	5880	A	0	0
0	2	5880	C	0	0
0	2	5885	A	0	0
0	2	5885	G	0	0
0	2	5892	C	0	0
0	2	5892	T	0	0
0	2	5895	A	0	0
0	2	5895	G	0	0
0	2	5896	C	0	0
0	2	5896	T	0	0
0	2	5897	A	0	0
0	2	5897	G	0	0
0	2	5899	A	0	0
0	2	5899	G	0	0
0	2	5900	A	0	0
0	2	5900	G	0	0
0	2	5901	AT	0	0
0	2	5901	GC	0	0
0	2	5901	GT	0	0
0	2	5902	A	0	0
0	2	5902	C	0	0
0	2	5906	A	0	0
0	2	5906	G	0	0
0	2	5907	AA	0	0
0	2	5907	AC	0	0
0	2	5907	TA	0	0
0	2	5908	A	0	0
0	2	5908	G	0	0
0	2	5909	A	0	0
0	2	5909	G	0	0
0	2	5911	G	0	0
0	2	5911	T	0	0
0	2	5921	A	0	0
0	2	5921	G	0	0
0	2	5923	A	0	0
0	2	5923	G	0	0
0	2	5925	C	0	0
0	2	5925	T	0	0
0	2	5926	A	0	0
0	2	5926	G	0	0
0	2	5930	A	0	0
0	2	5930	C	0	0
0	2	5940	A	0	0
0	2	5940	G	0	0
0	2	5949	A	0	0
0	2	5949	G	0	0
0	2	5958	A	0	0
0	2	5958	G	0	0
0	2	5962	C	0	0
0	2	5962	T	0	0
0	2	5963	A	0	0
0	2	5963	G	0	0
0	2	5964	C	0	0
0	2	5964	T	0	0
0	2	5977	A	0	0
0	2	5977	T	0	0
0	2	5980	A	0	0
0	2	5980	G	0	0
0	2	5995	C	0	0
0	2	5995	T	0	0
0	2	5998	G	0	0
0	2	5998	T	0	0
0	2	6007	A	0	0
0	2	6007	G	0	0
0	2	6009	A	0	0
0	2	6009	G	0	0
0	2	6013	C	0	0
0	2	6013	T	0	0
0	2	6014	C	0	0
0	2	6014	T	0	0
0	2	6016	C	0	0
0	2	6016	T	0	0
0	2	6028	AA	0	0
0	2	6028	AG	0	0
0	2	6028	GA	0	0
0	2	6029	C	0	0
0	2	6029	T	0	0
0	2	6031	A	0	0
0	2	6031	G	0	0
0	2	6032	A	0	0
0	2	6032	G	0	0
0	2	6037	C	0	0
0	2	6037	T	0	0
0	2	6040	C	0	0
0	2	6040	T	0	0
0	2	6046	CT	0	0
0	2	6046	TC	0	0
0	2	6051	C	0	0
0	2	6051	T	0	0
0	2	6052	C	0	0
0	2	6052	T	0	0
0	2	6057	A	0	0
0	2	6057	T	0	0
0	2	6058	A	0	0
0	2	6058	G	0	0
0	2	6069	A	0	0
0	2	6069	G	0	0
0	2	6070	C	0	0
0	2	6070	T	0	0
0	2	6076	G	0	0
0	2	6076	T	0	0
0	2	6080	A	0	0
0	2	6080	G	0	0
0	2	6087	A	0	0
0	2	6087	G	0	0
0	2	6089	C	0	0
0	2	6089	T	0	0
0	2	6091	A	0	0
0	2	6091	G	0	0
0	2	6092	C	0	0
0	2	6092	T	0	0
0	2	6098	C	0	0
0	2	6098	T	0	0
0	2	6100	C	0	0
0	2	6100	T	0	0
0	2	6109	A	0	0
0	2	6109	C	0	0
0	2	6111	AA	0	0
0	2	6111	GA	0	0
0	2	6111	GG	0	0
0	2	6114	A	0	0
0	2	6114	G	0	0
0	2	6123	A	0	0
0	2	6123	T	0	0
0	2	6125	CA	0	0
0	2	6125	TG	0	0
0	2	6127	A	0	0
0	2	6127	G	0	0
0	2	6130	A	0	0
0	2	6130	T	0	0
0	2	6131	C	0	0
0	2	6131	T	0	0
0	2	6132	C	0	0
0	2	6132	T	0	0
0	2	6134	CG	0	0
0	2	6134	TA	0	0
0	2	6135	A	0	0
0	2	6135	G	0	0
0	2	6136	C	0	0
0	2	6136	T	0	0
0	2	6141	A	0	0
0	2	6141	G	0	0
0	2	6145	A	0	0
0	2	6145	T	0	0
0	2	6148	A	0	0
0	2	6148	C	0	0
0	2	6158	C	0	0
0	2	6158	T	0	0
0	2	6160	G	0	0
0	2	6160	T	0	0
0	2	6167	A	0	0
0	2	6167	G	0	0
0	2	6169	C	0	0
0	2	6169	T	0	0
0	2	6172	C	0	0
0	2	6172	G	0	0
0	2	6174	C	0	0
0	2	6174	G	0	0
0	2	6179	C	0	0
0	2	6179	T	0	0
0	2	6180	A	0	0
0	2	6180	G	0	0
0	2	6188	C	0	0
0	2	6188	G	0	0
0	2	6194	C	0	0
0	2	6194	T	0	0
0	2	6195	C	0	0
0	2	6195	T	0	0
0	2	6201	C	0	0
0	2	6201	T	0	0
0	2	6209	G	0	0
0	2	6209	T	0	0
0	2	6219	A	0	0
0	2	6219	G	0	0
0	2	6224	A	0	0
0	2	6224	T	0	0
0	2	6235	C	0	0
0	2	6235	T	0	0
0	2	6238	A	0	0
0	2	6238	T	0	0
0	2	6240	A	0	0
0	2	6240	C	0	0
0	2	6241	A	0	0
0	2	6241	T	0	0
0	2	6250	CG	0	0
0	2	6250	TA	0	0
0	2	6259	C	0	0
0	2	6259	T	0	0
0	2	6262	AA	0	0
0	2	6262	GG	0	0
0	2	6280	A	0	0
0	2	6280	G	0	0
0	2	6304	A	0	0
0	2	6304	T	0	0
0	2	6310	A	0	0
0	2	6310	T	0	0
0	2	6324	C	0	0
0	2	6324	T	0	0
0	2	6327	A	0	0
0	2	6327	T	0	0
0	2	6331	A	0	0
0	2	6331	C	0	0
0	2	6335	A	0	0
0	2	6335	T	0	0
0	2	6337	C	0	0
0	2	6337	T	0	0
0	2	6340	C	0	0
0	2	6340	T	0	0
0	2	6351	G	0	0
0	2	6351	T	0	0
0	2	6353	A	0	0
0	2	6353	C	0	0
0	2	6358	A	0	0
0	2	6358	G	0	0
0	2	6359	C	0	0
0	2	6359	T	0	0
0	2	6363	CC	0	0
0	2	6363	CT	0	0
0	2	6363	TC	0	0
0	2	6367	A	0	0
0	2	6367	G	0	0
0	2	6370	C	0	0
0	2	6370	T	0	0
0	2	6373	A	0	0
0	2	6373	C	0	0
0	2	6382	A	0	0
0	2	6382	G	0	0
0	2	6394	AA	0	0
0	2	6394	GT	0	0
0	2	6395	A	0	0
0	2	6395	T	0	0
0	2	6397	A	0	0
0	2	6397	G	0	0
0	2	6400	A	0	0
0	2	6400	G	0	0
0	2	6401	A	0	0
0	2	6401	G	0	0
0	2	6402	AC	0	0
0	2	6402	AT	0	0
0	2	6402	CC	0	0
0	2	6403	A	0	0
0	2	6403	T	0	0
0	2	6405	C	0	0
0	2	6405	T	0	0
0	2	6406	A	0	0
0	2	6406	G	0	0
0	2	6408	AC	0	0
0	2	6408	GC	0	0
0	2	6408	GT	0	0
0	2	6409	A	0	0
0	2	6409	G	0	0
0	2	6410	A	0	0
0	2	6410	G	0	0
0	2	6420	C	0	0
0	2	6420	T	0	0
0	2	6426	A	0	0
0	2	6426	C	0	0
0	2	6437	C	0	0
0	2	6437	T	0	0
0	2	6441	A	0	0
0	2	6441	G	0	0
0	2	6442	AA	0	0
0	2	6442	AT	0	0
0	2	6442	GA	0	0
0	2	6442	GT	0	0
0	2	6444	C	0	0
0	2	6444	T	0	0
0	2	6446	C	0	0
0	2	6446	T	0	0
0	2	6454	A	0	0
0	2	6454	G	0	0
0	2	6456	C	0	0
0	2	6456	T	0	0
0	2	6462	A	0	0
0	2	6462	G	0	0
0	2	6467	C	0	0
0	2	6467	T	0	0
0	2	6470	A	0	0
0	2	6470	G	0	0
0	2	6471	AA	0	0
0	2	6471	AG	0	0
0	2	6471	GG	0	0
0	2	6473	A	0	0
0	2	6473	G	0	0
0	2	6483	A	0	0
0	2	6483	G	0	0
0	2	6486	C	0	0
0	2	6486	T	0	0
0	2	6492	A	0	0
0	2	6492	G	0	0
0	2	6493	AC	0	0
0	2	6493	TA	0	0
0	2	6493	TC	0	0
0	2	6499	A	0	0
0	2	6499	C	0	0
0	2	6511	A	0	0
0	2	6511	G	0	0
0	2	6517	A	0	0
0	2	6517	C	0	0
0	2	6527	A	0	0
0	2	6527	G	0	0
0	2	6530	C	0	0
0	2	6530	T	0	0
0	2	6532	A	0	0
0	2	6532	C	0	0
0	2	6533	A	0	0
0	2	6533	G	0	0
0	2	6538	A	0	0
0	2	6538	G	0	0
0	2	6551	A	0	0
0	2	6551	G	0	0
0	2	6552	A	0	0
0	2	6552	G	0	0
0	2	6554	A	0	0
0	2	6554	G	0	0
0	2	6556	C	0	0
0	2	6556	T	0	0
0	2	6557	AC	0	0
0	2	6557	GT	0	0
0	2	6560	A	0	0
0	2	6560	G	0	0
0	2	6562	A	0	0
0	2	6562	G	0	0
0	2	6567	C	0	0
0	2	6567	T	0	0
0	2	6568	C	0	0
0	2	6568	T	0	0
0	2	6570	G	0	0
0	2	6570	T	0	0
0	2	6571	A	0	0
0	2	6571	G	0	0
0	2	6579	A	0	0
0	2	6579	G	0	0
0	2	6580	CAG	0	0
0	2	6580	CGG	0	0
0	2	6580	TGA	0	0
0	2	6592	A	0	0
0	2	6592	C	0	0
0	2	6593	C	0	0
0	2	6593	T	0	0
0	2	6594	C	0	0
0	2	6594	T	0	0
0	2	6599	C	0	0
0	2	6599	T	0	0
0	2	6601	A	0	0
0	2	6601	C	0	0
0	2	6602	C	0	0
0	2	6602	T	0	0
0	2	6608	CC	0	0
0	2	6608	TT	0	0
0	2	6610	A	0	0
0	2	6610	G	0	0
0	2	6613	C	0	0
0	2	6613	T	0	0
0	2	6618	A	0	0
0	2	6618	G	0	0
0	2	6620	C	0	0
0	2	6620	T	0	0
0	2	6628	A	0	0
0	2	6628	G	0	0
0	2	6631	C	0	0
0	2	6631	T	0	0
0	2	6636	AA	0	0
0	2	6636	GT	0	0
0	2	6643	C	0	0
0	2	6643	T	0	0
0	2	6649	A	0	0
0	2	6649	G	0	0
0	2	6650	A	0	0
0	2	6650	G	0	0
0	2	6651	A	0	0
0	2	6651	C	0	0
0	2	6662	C	0	0
0	2	6662	T	0	0
0	2	6664	AC	0	0
0	2	6664	GT	0	0
0	2	6671	A	0	0
0	2	6671	C	0	0
0	2	6683	CG	0	0
0	2	6683	GA	0	0
0	2	6686	AA	0	0
0	2	6686	GG	0	0
0	2	6687	C	0	0
0	2	6687	T	0	0
0	2	6691	A	0	0
0	2	6691	C	0	0
0	2	6694	A	0	0
0	2	6694	T	0	0
0	2	6695	C	0	0
0	2	6695	T	0	0
0	2	6701	A	0	0
0	2	6701	G	0	0
0	2	6702	A	0	0
0	2	6702	C	0	0
0	2	6716	C	0	0
0	2	6716	T	0	0
0	2	6722	G	0	0
0	2	6722	T	0	0
0	2	6724	A	0	0
0	2	6724	G	0	0
0	2	6729	A	0	0
0	2	6729	G	0	0
0	2	6732	AAGG	0	0
0	2	6732	ACGA	0	0
0	2	6732	TCAA	0	0
0	2	6739	A	0	0
0	2	6739	G	0	0
0	2	6747	C	0	0
0	2	6747	T	0	0
0	2	6748	C	0	0
0	2	6748	T	0	0
0	2	6750	AA	0	0
0	2	6750	AT	0	0
0	2	6750	GA	0	0
0	2	6751	A	0	0
0	2	6751	T	0	0
0	2	6756	C	0	0
0	2	6756	T	0	0
0	2	6761	A	0	0
0	2	6761	G	0	0
0	2	6761	T	0	0
0	2	6763	A	0	0
0	2	6763	T	0	0
0	2	6764	CA	0	0
0	2	6764	TC	0	0
0	2	6765	A	0	0
0	2	6765	G	0	0
0	2	6768	A	0	0
0	2	6768	G	0	0
0	2	6769	G	0	0
0	2	6769	T	0	0
0	2	6778	C	0	0
0	2	6778	T	0	0
0	2	6780	C	0	0
0	2	6780	T	0	0
0	2	6781	A	0	0
0	2	6781	G	0	0
0	2	6782	C	0	0
0	2	6782	T	0	0
0	2	6787	A	0	0
0	2	6787	T	0	0
0	2	6802	C	0	0
0	2	6802	T	0	0
0	2	6803	C	0	0
0	2	6803	T	0	0
0	2	6805	A	0	0
0	2	6805	T	0	0
0	2	6806	A	0	0
0	2	6806	G	0	0
0	2	6809	A	0	0
0	2	6809	G	0	0
0	2	6814	CG	0	0
0	2	6814	TT	0	0
0	2	6818	A	0	0
0	2	6818	G	0	0
0	2	6826	C	0	0
0	2	6826	T	0	0
0	2	6830	C	0	0
0	2	6830	T	0	0
0	2	6837	A	0	0
0	2	6837	T	0	0
0	2	6838	C	0	0
0	2	6838	T	0	0
0	2	6841	A	0	0
0	2	6841	G	0	0
0	2	6844	C	0	0
0	2	6844	T	0	0
0	2	6848	A	0	0
0	2	6848	G	0	0
0	2	6852	CC	0	0
0	2	6852	GT	0	0
0	2	6866	A	0	0
0	2	6866	G	0	0
0	2	6869	A	0	0
0	2	6869	G	0	0
0	2	6872	A	0	0
0	2	6872	G	0	0
0	2	6873	C	0	0
0	2	6873	T	0	0
0	2	6878	C	0	0
0	2	6878	T	0	0
0	2	6879	C	0	0
0	2	6879	T	0	0
0	2	6881	A	0	0
0	2	6881	G	0	0
0	2	6883	C	0	0
0	2	6883	T	0	0
0	2	6884	A	0	0
0	2	6884	G	0	0
0	2	6887	C	0	0
0	2	6887	T	0	0
0	2	6889	A	0	0
0	2	6889	G	0	0
0	2	6895	A	0	0
0	2	6895	T	0	0
0	2	6896	C	0	0
0	2	6896	T	0	0
0	2	6897	C	0	0
0	2	6897	T	0	0
0	2	6898	A	0	0
0	2	6898	G	0	0
0	2	6899	A	0	0
0	2	6899	G	0	0
0	2	6900	A	0	0
0	2	6900	C	0	0
0	2	6902	A	0	0
0	2	6902	G	0	0
0	2	6906	A	0	0
0	2	6906	T	0	0
0	2	6909	A	0	0
0	2	6909	T	0	0
0	2	6911	C	0	0
0	2	6911	T	0	0
0	2	6916	C	0	0
0	2	6916	T	0	0
0	2	6917	A	0	0
0	2	6917	G	0	0
0	2	6922	GT	0	0
0	2	6922	TC	0	0
0	2	6923	A	0	0
0	2	6923	T	0	0
0	2	6924	C	0	0
0	2	6924	T	0	0
0	2	6930	C	0	0
0	2	6930	T	0	0
0	2	6933	A	0	0
0	2	6933	G	0	0
0	2	6934	A	0	0
0	2	6934	G	0	0
0	2	6935	C	0	0
0	2	6935	T	0	0
0	2	6936	G	0	0
0	2	6936	T	0	0
0	2	6939	A	0	0
0	2	6939	T	0	0
0	2	6942	AA	0	0
0	2	6942	GA	0	0
0	2	6942	GG	0	0
0	2	6944	A	0	0
0	2	6944	G	0	0
0	2	6946	A	0	0
0	2	6946	G	0	0
0	2	6948	C	0	0
0	2	6948	T	0	0
0	2	6958	C	0	0
0	2	6958	T	0	0
0	2	6962	A	0	0
0	2	6962	G	0	0
0	2	6964	A	0	0
0	2	6964	G	0	0
0	2	6966	C	0	0
0	2	6966	T	0	0
0	2	6971	AT	0	0
0	2	6971	GA	0	0
0	2	6976	A	0	0
0	2	6976	T	0	0
0	2	6977	A	0	0
0	2	6977	T	0	0
0	2	6985	A	0	0
0	2	6985	G	0	0
0	2	6986	C	0	0
0	2	6986	T	0	0
0	2	6989	AC	0	0
0	2	6989	AT	0	0
0	2	6989	TC	0	0
0	2	6994	AA	0	0
0	2	6994	AG	0	0
0	2	6994	TG	0	0
0	2	6995	A	0	0
0	2	6995	G	0	0
0	2	7003	C	0	0
0	2	7003	T	0	0
0	2	7005	A	0	0
0	2	7005	G	0	0
0	2	7009	C	0	0
0	2	7009	T	0	0
0	2	7012	C	0	0
0	2	7012	T	0	0
0	2	7014	CG	0	0
0	2	7014	GG	0	0
0	2	7014	GT	0	0
0	2	7017	G	0	0
0	2	7017	T	0	0
0	2	7025	C	0	0
0	2	7025	T	0	0
0	2	7026	C	0	0
0	2	7026	T	0	0
0	2	7044	AA	0	0
0	2	7044	GG	0	0
0	2	7050	A	0	0
0	2	7050	G	0	0
0	2	7051	C	0	0
0	2	7051	T	0	0
0	2	7056	A	0	0
0	2	7056	T	0	0
0	2	7057	C	0	0
0	2	7057	T	0	0
0	2	7062	A	0	0
0	2	7062	C	0	0
0	2	7067	C	0	0
0	2	7067	T	0	0
0	2	7068	G	0	0
0	2	7068	T	0	0
0	2	7070	A	0	0
0	2	7070	T	0	0
0	2	7074	C	0	0
0	2	7074	T	0	0
0	2	7076	CG	0	0
0	2	7076	GA	0	0
0	2	7077	G	0	0
0	2	7077	T	0	0
0	2	7078	AA	0	0
0	2	7078	TT	0	0
0	2	7085	A	0	0
0	2	7085	G	0	0
0	2	7086	AA	0	0
0	2	7086	AG	0	0
0	2	7086	GG	0	0
0	2	7087	A	0	0
0	2	7087	G	0	0
0	2	7093	C	0	0
0	2	7093	T	0	0
0	2	7097	CA	0	0
0	2	7097	CG	0	0
0	2	7097	TA	0	0
0	2	7100	A	0	0
0	2	7100	G	0	0
0	2	7104	AG	0	0
0	2	7104	CA	0	0
0	2	7108	A	0	0
0	2	7108	G	0	0
0	2	7109	C	0	0
0	2	7109	T	0	0
0	2	7114	A	0	0
0	2	7114	G	0	0
0	2	7117	C	0	0
0	2	7117	T	0	0
0	2	7122	AG	0	0
0	2	7122	CA	0	0
0	2	7128	C	0	0
0	2	7128	T	0	0
0	2	7129	C	0	0
0	2	7129	T	0	0
0	2	7155	C	0	0
0	2	7155	T	0	0
0	2	7162	A	0	0
0	2	7162	G	0	0
0	2	7163	CC	0	0
0	2	7163	TA	0	0
0	2	7169	C	0	0
0	2	7169	T	0	0
0	2	7171	C	0	0
0	2	7171	T	0	0
0	2	7174	CC	0	0
0	2	7174	TT	0	0
0	2	7177	A	0	0
0	2	7177	C	0	0
0	2	7185	C	0	0
0	2	7185	T	0	0
0	2	7201	C	0	0
0	2	7201	T	0	0
0	2	7202	A	0	0
0	2	7202	T	0	0
0	2	7205	C	0	0
0	2	7205	T	0	0
0	2	7206	G	0	0
0	2	7206	T	0	0
0	2	7209	A	0	0
0	2	7209	G	0	0
0	2	7216	A	0	0
0	2	7216	G	0	0
0	2	7222	C	0	0
0	2	7222	T	0	0
0	2	7227	CT	0	0
0	2	7227	TG	0	0
0	2	7228	A	0	0
0	2	7228	G	0	0
0	2	7229	C	0	0
0	2	7229	T	0	0
0	2	7231	A	0	0
0	2	7231	G	0	0
0	2	7232	C	0	0
0	2	7232	T	0	0
0	2	7234	A	0	0
0	2	7234	G	0	0
0	2	7236	AC	0	0
0	2	7236	AT	0	0
0	2	7236	CT	0	0
0	2	7237	A	0	0
0	2	7237	G	0	0
0	2	7238	AT	0	0
0	2	7238	GC	0	0
0	2	7239	A	0	0
0	2	7239	C	0	0
0	2	7245	A	0	0
0	2	7245	G	0	0
0	2	7248	CA	0	0
0	2	7248	TG	0	0
0	2	7253	GT	0	0
0	2	7253	TC	0	0
0	2	7257	A	0	0
0	2	7257	T	0	0
0	2	7259	A	0	0
0	2	7259	T	0	0
0	2	7273	A	0	0
0	2	7273	G	0	0
0	2	7274	A	0	0
0	2	7274	T	0	0
0	2	7283	C	0	0
0	2	7283	T	0	0
0	2	7294	C	0	0
0	2	7294	T	0	0
0	2	7296	A	0	0
0	2	7296	G	0	0
0	2	7297	A	0	0
0	2	7297	G	0	0
0	2	7303	A	0	0
0	2	7303	G	0	0
0	2	7317	AA	0	0
0	2	7317	TG	0	0
0	2	7325	A	0	0
0	2	7325	G	0	0
0	2	7327	A	0	0
0	2	7327	G	0	0
0	2	7335	AT	0	0
0	2	7335	GA	0	0
0	2	7348	A	0	0
0	2	7348	G	0	0
0	2	7350	GA	0	0
0	2	7350	TG	0	0
0	2	7353	A	0	0
0	2	7353	G	0	0
0	2	7355	AC	0	0
0	2	7355	GA	0	0
0	2	7358	C	0	0
0	2	7358	T	0	0
0	2	7359	A	0	0
0	2	7359	G	0	0
0	2	7362	G	0	0
0	2	7362	T	0	0
0	2	7366	C	0	0
0	2	7366	T	0	0
0	2	7367	G	0	0
0	2	7367	T	0	0
0	2	7376	A	0	0
0	2	7376	G	0	0
0	2	7377	C	0	0
0	2	7377	T	0	0
0	2	7382	C	0	0
0	2	7382	T	0	0
0	2	7383	C	0	0
0	2	7383	T	0	0
0	2	7386	CT	0	0
0	2	7386	GG	0	0
0	2	7387	C	0	0
0	2	7387	T	0	0
0	2	7388	C	0	0
0	2	7388	T	0	0
0	2	7394	C	0	0
0	2	7394	T	0	0
0	2	7395	A	0	0
0	2	7395	G	0	0
0	2	7400	A	0	0
0	2	7400	T	0	0
0	2	7403	CC	0	0
0	2	7403	TG	0	0
0	2	7404	A	0	0
0	2	7404	G	0	0
0	2	7406	A	0	0
0	2	7406	G	0	0
0	2	7421	C	0	0
0	2	7421	T	0	0
0	2	7429	C	0	0
0	2	7429	T	0	0
0	2	7433	A	0	0
0	2	7433	G	0	0
0	2	7439	A	0	0
0	2	7439	T	0	0
0	2	7441	A	0	0
0	2	7441	G	0	0
0	2	7446	A	0	0
0	2	7446	C	0	0
0	2	7448	A	0	0
0	2	7448	G	0	0
0	2	7457	C	0	0
0	2	7457	T	0	0
0	2	7458	A	0	0
0	2	7458	G	0	0
0	2	7461	CGC	0	0
0	2	7461	TAT	0	0
0	2	7470	A	0	0
0	2	7470	C	0	0
0	2	7476	A	0	0
0	2	7476	T	0	0
0	2	7480	C	0	0
0	2	7480	T	0	0
0	2	7482	A	0	0
0	2	7482	G	0	0
0	2	7487	A	0	0
0	2	7487	G	0	0
0	2	7490	A	0	0
0	2	7490	G	0	0
0	2	7502	G	0	0
0	2	7502	T	0	0
0	2	7506	AA	0	0
0	2	7506	AG	0	0
0	2	7506	GA	0	0
0	2	7506	GG	0	0
0	2	7509	A	0	0
0	2	7509	C	0	0
0	2	7510	A	0	0
0	2	7510	G	0	0
0	2	7511	A	0	0
0	2	7511	G	0	0
0	2	7514	A	0	0
0	2	7514	T	0	0
0	2	7528	A	0	0
0	2	7528	G	0	0
0	2	7532	A	0	0
0	2	7532	G	0	0
0	2	7533	C	0	0
0	2	7533	T	0	0
0	2	7534	C	0	0
0	2	7534	T	0	0
0	2	7537	G	0	0
0	2	7537	T	0	0
0	2	7551	AC	0	0
0	2	7551	CT	0	0
0	2	7553	A	0	0
0	2	7553	T	0	0
0	2	7554	C	0	0
0	2	7554	T	0	0
0	2	7557	A	0	0
0	2	7557	T	0	0
0	2	7558	C	0	0
0	2	7558	T	0	0
0	2	7562	A	0	0
0	2	7562	G	0	0
0	2	7563	ACG	0	0
0	2	7563	GAT	0	0
0	2	7569	A	0	0
0	2	7569	G	0	0
0	2	7574	A	0	0
0	2	7574	G	0	0
0	2	7576	A	0	0
0	2	7576	T	0	0
0	2	7577	C	0	0
0	2	7577	T	0	0
0	2	7579	C	0	0
0	2	7579	T	0	0
0	2	7588	C	0	0
0	2	7588	T	0	0
0	2	7593	C	0	0
0	2	7593	T	0	0
0	2	7594	C	0	0
0	2	7594	T	0	0
0	2	7597	C	0	0
0	2	7597	T	0	0
0	2	7599	A	0	0
0	2	7599	G	0	0
0	2	7600	C	0	0
0	2	7600	T	0	0
0	2	7601	C	0	0
0	2	7601	T	0	0
0	2	7630	ACC	0	0
0	2	7630	TTC	0	0
0	2	7630	TTT	0	0
0	2	7635	A	0	0
0	2	7635	G	0	0
0	2	7635	T	0	0
0	2	7636	A	0	0
0	2	7636	G	0	0
0	2	7637	A	0	0
0	2	7637	G	0	0
0	2	7646	A	0	0
0	2	7646	T	0	0
0	2	7647	A	0	0
0	2	7647	G	0	0
0	2	7648	AA	0	0
0	2	7648	CG	0	0
0	2	7653	A	0	0
0	2	7653	G	0	0
0	2	7661	C	0	0
0	2	7661	T	0	0
0	2	7664	A	0	0
0	2	7664	T	0	0
0	2	7666	A	0	0
0	2	7666	G	0	0
0	2	7667	A	0	0
0	2	7667	G	0	0
0	2	7679	CG	0	0
0	2	7679	TT	0	0
0	2	7680	A	0	0
0	2	7680	T	0	0
0	2	7685	C	0	0
0	2	7685	T	0	0
0	2	7686	AC	0	0
0	2	7686	GA	0	0
0	2	7695	A	0	0
0	2	7695	C	0	0
0	2	7700	A	0	0
0	2	7700	G	0	0
0	2	7701	A	0	0
0	2	7701	T	0	0
0	2	7709	A	0	0
0	2	7709	T	0	0
0	2	7712	C	0	0
0	2	7712	T	0	0
0	2	7717	G	0	0
0	2	7717	T	0	0
0	2	7718	C	0	0
0	2	7718	T	0	0
0	2	7720	A	0	0
0	2	7720	G	0	0
0	2	7721	C	0	0
0	2	7721	T	0	0
0	2	7728	CG	0	0
0	2	7728	TA	0	0
0	2	7729	C	0	0
0	2	7729	G	0	0
0	2	7747	C	0	0
0	2	7747	G	0	0
0	2	7773	A	0	0
0	2	7773	C	0	0
0	2	7779	AA	0	0
0	2	7779	TC	0	0
0	2	7780	A	0	0
0	2	7780	G	0	0
0	2	7781	AC	0	0
0	2	7781	GT	0	0
0	2	7785	C	0	0
0	2	7785	T	0	0
0	2	7787	A	0	0
0	2	7787	T	0	0
0	2	7789	AA	0	0
0	2	7789	GG	0	0
0	2	7792	C	0	0
0	2	7792	T	0	0
0	2	7794	A	0	0
0	2	7794	G	0	0
0	2	7797	CG	0	0
0	2	7797	TA	0	0
0	2	7799	A	0	0
0	2	7799	G	0	0
0	2	7803	A	0	0
0	2	7803	G	0	0
0	2	7805	C	0	0
0	2	7805	T	0	0
0	2	7819	A	0	0
0	2	7819	C	0	0
0	2	7826	C	0	0
0	2	7826	T	0	0
0	2	7827	AG	0	0
0	2	7827	GA	0	0
0	2	7832	A	0	0
0	2	7832	T	0	0
0	2	7833	C	0	0
0	2	7833	T	0	0
0	2	7834	C	0	0
0	2	7834	T	0	0
0	2	7835	A	0	0
0	2	7835	T	0	0
0	2	7836	CA	0	0
0	2	7836	CG	0	0
0	2	7836	TG	0	0
0	2	7838	C	0	0
0	2	7838	T	0	0
0	2	7852	C	0	0
0	2	7852	T	0	0
0	2	7855	C	0	0
0	2	7855	T	0	0
0	2	7858	A	0	0
0	2	7858	G	0	0
0	2	7861	A	0	0
0	2	7861	C	0	0
0	2	7863	AA	0	0
0	2	7863	GG	0	0
0	2	7864	A	0	0
0	2	7864	C	0	0
0	2	7866	C	0	0
0	2	7866	T	0	0
0	2	7871	A	0	0
0	2	7871	T	0	0
0	2	7875	C	0	0
0	2	7875	T	0	0
0	2	7878	G	0	0
0	2	7878	T	0	0
0	2	7881	C	0	0
0	2	7881	T	0	0
0	2	7888	G	0	0
0	2	7888	T	0	0
0	2	7892	C	0	0
0	2	7892	T	0	0
0	2	7895	A	0	0
0	2	7895	G	0	0
0	2	7899	A	0	0
0	2	7899	G	0	0
0	2	7904	C	0	0
0	2	7904	T	0	0
0	2	7906	C	0	0
0	2	7906	T	0	0
0	2	7909	A	0	0
0	2	7909	T	0	0
0	2	7912	A	0	0
0	2	7912	C	0	0
0	2	7913	AC	0	0
0	2	7913	GT	0	0
0	2	7920	A	0	0
0	2	7920	G	0	0
0	2	7921	A	0	0
0	2	7921	T	0	0
0	2	7922	A	0	0
0	2	7922	T	0	0
0	2	7934	C	0	0
0	2	7934	T	0	0
0	2	7944	C	0	0
0	2	7944	G	0	0
0	2	7946	CG	0	0
0	2	7946	CT	0	0
0	2	7946	TG	0	0
0	2	7947	A	0	0
0	2	7947	G	0	0
0	2	7952	A	0	0
0	2	7952	G	0	0
0	2	7954	C	0	0
0	2	7954	T	0	0
0	2	7955	CA	0	0
0	2	7955	CT	0	0
0	2	7955	TT	0	0
0	2	7965	C	0	0
0	2	7965	T	0	0
0	2	7966	A	0	0
0	2	7966	T	0	0
0	2	7974	C	0	0
0	2	7974	T	0	0
0	2	7976	C	0	0
0	2	7976	T	0	0
0	2	7987	C	0	0
0	2	7987	T	0	0
0	2	7989	A	0	0
0	2	7989	T	0	0
0	2	7990	C	0	0
0	2	7990	T	0	0
0	2	7991	A	0	0
0	2	7991	G	0	0
0	2	7992	ACCCTC	0	0
0	2	7992	ACTCCT	0	0
0	2	7992	ATCGCT	0	0
0	2	7992	ATCGTC	0	0
0	2	7992	ATTCCT	0	0
0	2	7992	ATTCTC	0	0
0	2	7992	ATTGCC	0	0
0	2	7992	ATTGCT	0	0
0	2	7992	ATTGTC	0	0
0	2	7992	CCCGCC	0	0
0	2	7992	CTTCTT	0	0
0	2	7992	CTTGCT	0	0
0	2	7992	CTTGTT	0	0
0	2	7996	G	0	0
0	2	7996	T	0	0
0	2	7997	A	0	0
0	2	7997	C	0	0
0	2	7998	A	0	0
0	2	7998	G	0	0
0	2	8001	A	0	0
0	2	8001	C	0	0
0	2	8003	A	0	0
0	2	8003	G	0	0
0	2	8004	AA	0	0
0	2	8004	GT	0	0
0	2	8006	A	0	0
0	2	8006	T	0	0
0	2	8011	A	0	0
0	2	8011	G	0	0
0	2	8019	A	0	0
0	2	8019	T	0	0
0	2	8026	C	0	0
0	2	8026	T	0	0
0	2	8027	A	0	0
0	2	8027	G	0	0
0	2	8034	A	0	0
0	2	8034	G	0	0
0	2	8038	A	0	0
0	2	8038	G	0	0
0	2	8040	AC	0	0
0	2	8040	CT	0	0
0	2	8043	C	0	0
0	2	8043	T	0	0
0	2	8044	A	0	0
0	2	8044	G	0	0
0	2	8046	CG	0	0
0	2	8046	TC	0	0
0	2	8046	TG	0	0
0	2	8048	C	0	0
0	2	8048	G	0	0
0	2	8053	C	0	0
0	2	8053	G	0	0
0	2	8059	C	0	0
0	2	8059	T	0	0
0	2	8065	CC	0	0
0	2	8065	GA	0	0
0	2	8066	A	0	0
0	2	8066	G	0	0
0	2	8067	C	0	0
0	2	8067	T	0	0
0	2	8068	A	0	0
0	2	8068	G	0	0
0	2	8078	CT	0	0
0	2	8078	GC	0	0
0	2	8081	A	0	0
0	2	8081	G	0	0
0	2	8084	C	0	0
0	2	8084	T	0	0
0	2	8089	C	0	0
0	2	8089	T	0	0
0	2	8090	C	0	0
0	2	8090	G	0	0
0	2	8092	C	0	0
0	2	8092	T	0	0
0	2	8099	AT	0	0
0	2	8099	GC	0	0
0	2	8100	C	0	0
0	2	8100	T	0	0
0	2	8102	C	0	0
0	2	8102	T	0	0
0	2	8104	A	0	0
0	2	8104	T	0	0
0	2	8114	A	0	0
0	2	8114	G	0	0
0	2	8119	C	0	0
0	2	8119	T	0	0
0	2	8121	A	0	0
0	2	8121	G	0	0
0	2	8132	A	0	0
0	2	8132	T	0	0
0	2	8133	A	0	0
0	2	8133	G	0	0
0	2	8137	C	0	0
0	2	8137	T	0	0
0	2	8140	C	0	0
0	2	8140	T	0	0
0	2	8145	A	0	0
0	2	8145	G	0	0
0	2	8158	C	0	0
0	2	8158	T	0	0
0	2	8164	C	0	0
0	2	8164	T	0	0
0	2	8165	G	0	0
0	2	8165	T	0	0
0	2	8167	C	0	0
0	2	8167	T	0	0
0	2	8170	C	0	0
0	2	8170	T	0	0
0	2	8172	C	0	0
0	2	8172	T	0	0
0	2	8176	A	0	0
0	2	8176	G	0	0
0	2	8178	A	0	0
0	2	8178	G	0	0
0	2	8179	A	0	0
0	2	8179	G	0	0
0	2	8180	A	0	0
0	2	8180	G	0	0
0	2	8183	A	0	0
0	2	8183	T	0	0
0	2	8184	C	0	0
0	2	8184	T	0	0
0	2	8185	A	0	0
0	2	8185	T	0	0
0	2	8187	A	0	0
0	2	8187	G	0	0
0	2	8192	AG	0	0
0	2	8192	GC	0	0
0	2	8196	AA	0	0
0	2	8196	AG	0	0
0	2	8196	CG	0	0
0	2	8197	C	0	0
0	2	8197	G	0	0
0	2	8199	CG	0	0
0	2	8199	TA	0	0
0	2	8199	TG	0	0
0	2	8200	C	0	0
0	2	8200	T	0	0
0	2	8202	A	0	0
0	2	8202	G	0	0
0	2	8203	G	0	0
0	2	8203	T	0	0
0	2	8218	AG	0	0
0	2	8218	GT	0	0
0	2	8220	C	0	0
0	2	8220	T	0	0
0	2	8222	C	0	0
0	2	8222	T	0	0
0	2	8229	C	0	0
0	2	8229	T	0	0
0	2	8231	A	0	0
0	2	8231	T	0	0
0	2	8232	A	0	0
0	2	8232	G	0	0
0	2	8237	CT	0	0
0	2	8237	TG	0	0
0	2	8244	C	0	0
0	2	8244	T	0	0
0	2	8247	C	0	0
0	2	8247	T	0	0
0	2	8249	C	0	0
0	2	8249	T	0	0
0	2	8250	C	0	0
0	2	8250	G	0	0
0	2	8252	AA	0	0
0	2	8252	GG	0	0
0	2	8253	A	0	0
0	2	8253	G	0	0
0	2	8260	C	0	0
0	2	8260	G	0	0
0	2	8262	A	0	0
0	2	8262	G	0	0
0	2	8264	A	0	0
0	2	8264	C	0	0
0	2	8267	A	0	0
0	2	8267	G	0	0
0	2	8270	C	0	0
0	2	8270	T	0	0
0	2	8281	CA	0	0
0	2	8281	TG	0	0
0	2	8283	A	0	0
0	2	8283	G	0	0
0	2	8286	A	0	0
0	2	8286	G	0	0
0	2	8295	A	0	0
0	2	8295	G	0	0
0	2	8300	C	0	0
0	2	8300	T	0	0
0	2	8303	A	0	0
0	2	8303	G	0	0
0	2	8308	A	0	0
0	2	8308	G	0	0
0	2	8309	A	0	0
0	2	8309	G	0	0
0	2	8315	A	0	0
0	2	8315	G	0	0
0	2	8316	A	0	0
0	2	8316	G	0	0
0	2	8323	A	0	0
0	2	8323	G	0	0
0	2	8330	C	0	0
0	2	8330	T	0	0
0	2	8332	A	0	0
0	2	8332	G	0	0
0	2	8335	A	0	0
0	2	8335	G	0	0
0	2	8336	AC	0	0
0	2	8336	GT	0	0
0	2	8337	A	0	0
0	2	8337	T	0	0
0	2	8339	A	0	0
0	2	8339	T	0	0
0	2	8344	A	0	0
0	2	8344	G	0	0
0	2	8348	A	0	0
0	2	8348	G	0	0
0	2	8352	A	0	0
0	2	8352	G	0	0
0	2	8353	C	0	0
0	2	8353	T	0	0
0	2	8356	C	0	0
0	2	8356	T	0	0
0	2	8358	AC	0	0
0	2	8358	CT	0	0
0	2	8359	A	0	0
0	2	8359	G	0	0
0	2	8362	C	0	0
0	2	8362	T	0	0
0	2	8371	A	0	0
0	2	8371	G	0	0
0	2	8380	A	0	0
0	2	8380	T	0	0
0	2	8381	A	0	0
0	2	8381	G	0	0
0	2	8392	A	0	0
0	2	8392	G	0	0
0	2	8393	C	0	0
0	2	8393	T	0	0
0	2	8395	A	0	0
0	2	8395	G	0	0
0	2	8398	C	0	0
0	2	8398	T	0	0
0	2	8404	A	0	0
0	2	8404	G	0	0
0	2	8405	A	0	0
0	2	8405	G	0	0
0	2	8408	A	0	0
0	2	8408	G	0	0
0	2	8428	A	0	0
0	2	8428	G	0	0
0	2	8433	A	0	0
0	2	8433	G	0	0
0	2	8437	A	0	0
0	2	8437	G	0	0
0	2	8438	A	0	0
0	2	8438	T	0	0
0	2	8447	C	0	0
0	2	8447	G	0	0
0	2	8449	A	0	0
0	2	8449	G	0	0
0	2	8450	C	0	0
0	2	8450	T	0	0
0	2	8452	A	0	0
0	2	8452	G	0	0
0	2	8458	C	0	0
0	2	8458	T	0	0
0	2	8462	A	0	0
0	2	8462	T	0	0
0	2	8470	A	0	0
0	2	8470	G	0	0
0	2	8471	A	0	0
0	2	8471	G	0	0
0	2	8473	AG	0	0
0	2	8473	CA	0	0
0	2	8482	A	0	0
0	2	8482	G	0	0
0	2	8487	AAA	0	0
0	2	8487	AAT	0	0
0	2	8487	AGA	0	0
0	2	8487	AGT	0	0
0	2	8487	GAA	0	0
0	2	8487	GAT	0	0
0	2	8487	GGT	0	0
0	2	8488	A	0	0
0	2	8488	G	0	0
0	2	8504	AC	0	0
0	2	8504	TC	0	0
0	2	8504	TT	0	0
0	2	8506	C	0	0
0	2	8506	G	0	0
0	2	8507	A	0	0
0	2	8507	G	0	0
0	2	8509	A	0	0
0	2	8509	T	0	0
0	2	8510	A	0	0
0	2	8510	G	0	0
0	2	8512	C	0	0
0	2	8512	T	0	0
0	2	8514	A	0	0
0	2	8514	C	0	0
0	2	8524	C	0	0
0	2	8524	T	0	0
0	2	8528	AA	0	0
0	2	8528	GC	0	0
0	2	8529	A	0	0
0	2	8529	C	0	0
0	2	8531	C	0	0
0	2	8531	T	0	0
0	2	8537	A	0	0
0	2	8537	G	0	0
0	2	8541	C	0	0
0	2	8541	G	0	0
0	2	8553	C	0	0
0	2	8553	T	0	0
0	2	8554	C	0	0
0	2	8554	T	0	0
0	2	8560	C	0	0
0	2	8560	T	0	0
0	2	8565	C	0	0
0	2	8565	T	0	0
0	2	8568	A	0	0
0	2	8568	G	0	0
0	2	8571	A	0	0
0	2	8571	G	0	0
0	2	8584	A	0	0
0	2	8584	G	0	0
0	2	8587	C	0	0
0	2	8587	T	0	0
0	2	8588	AT	0	0
0	2	8588	GG	0	0
0	2	8588	GT	0	0
0	2	8591	C	0	0
0	2	8591	T	0	0
0	2	8615	AA	0	0
0	2	8615	GA	0	0
0	2	8615	GC	0	0
0	2	8620	C	0	0
0	2	8620	T	0	0
0	2	8621	C	0	0
0	2	8621	G	0	0
0	2	8625	A	0	0
0	2	8625	G	0	0
0	2	8627	C	0	0
0	2	8627	T	0	0
0	2	8629	A	0	0
0	2	8629	G	0	0
0	2	8631	A	0	0
0	2	8631	G	0	0
0	2	8633	ATC	0	0
0	2	8633	CCA	0	0
0	2	8637	A	0	0
0	2	8637	G	0	0
0	2	8647	AG	0	0
0	2	8647	CA	0	0
0	2	8647	CG	0	0
0	2	8648	AC	0	0
0	2	8648	TT	0	0
0	2	8650	C	0	0
0	2	8650	T	0	0
0	2	8655	A	0	0
0	2	8655	G	0	0
0	2	8657	A	0	0
0	2	8657	G	0	0
0	2	8662	A	0	0
0	2	8662	G	0	0
0	2	8670	A	0	0
0	2	8670	G	0	0
0	2	8675	AA	0	0
0	2	8675	AG	0	0
0	2	8675	TA	0	0
0	2	8676	C	0	0
0	2	8676	T	0	0
0	2	8690	C	0	0
0	2	8690	T	0	0
0	2	8692	AT	0	0
0	2	8692	GC	0	0
0	2	8697	A	0	0
0	2	8697	C	0	0
0	2	8700	C	0	0
0	2	8700	T	0	0
0	2	8705	A	0	0
0	2	8705	C	0	0
0	2	8706	AT	0	0
0	2	8706	GC	0	0
0	2	8712	A	0	0
0	2	8712	G	0	0
0	2	8715	A	0	0
0	2	8715	G	0	0
0	2	8717	G	0	0
0	2	8717	T	0	0
0	2	8719	A	0	0
0	2	8719	T	0	0
0	2	8720	CC	0	0
0	2	8720	GG	0	0
0	2	8725	A	0	0
0	2	8725	T	0	0
0	2	8733	C	0	0
0	2	8733	T	0	0
0	2	8734	C	0	0
0	2	8734	T	0	0
0	2	8737	C	0	0
0	2	8737	T	0	0
0	2	8745	C	0	0
0	2	8745	T	0	0
0	2	8750	C	0	0
0	2	8750	G	0	0
0	2	8752	C	0	0
0	2	8752	T	0	0
0	2	8759	CG	0	0
0	2	8759	TT	0	0
0	2	8763	A	0	0
0	2	8763	C	0	0
0	2	8764	A	0	0
0	2	8764	C	0	0
0	2	8765	A	0	0
0	2	8765	G	0	0
0	2	8771	A	0	0
0	2	8771	G	0	0
0	2	8772	CT	0	0
0	2	8772	TC	0	0
0	2	8773	C	0	0
0	2	8773	T	0	0
0	2	8783	CG	0	0
0	2	8783	TT	0	0
0	2	8784	C	0	0
0	2	8784	T	0	0
0	2	8787	A	0	0
0	2	8787	T	0	0
0	2	8789	CC	0	0
0	2	8789	CT	0	0
0	2	8789	TT	0	0
0	2	8819	C	0	0
0	2	8819	T	0	0
0	2	8823	C	0	0
0	2	8823	T	0	0
0	2	8826	A	0	0
0	2	8826	G	0	0
0	2	8829	C	0	0
0	2	8829	T	0	0
0	2	8842	C	0	0
0	2	8842	T	0	0
0	2	8844	C	0	0
0	2	8844	T	0	0
0	2	8850	A	0	0
0	2	8850	C	0	0
0	2	8863	CC	0	0
0	2	8863	TA	0	0
0	2	8864	A	0	0
0	2	8864	G	0	0
0	2	8870	CC	0	0
0	2	8870	TC	0	0
0	2	8870	TT	0	0
0	2	8871	C	0	0
0	2	8871	T	0	0
0	2	8872	G	0	0
0	2	8872	T	0	0
0	2	8873	A	0	0
0	2	8873	G	0	0
0	2	8874	A	0	0
0	2	8874	T	0	0
0	2	8876	AAA	0	0
0	2	8876	GGG	0	0
0	2	8881	A	0	0
0	2	8881	G	0	0
0	2	8888	C	0	0
0	2	8888	T	0	0
0	2	8890	C	0	0
0	2	8890	T	0	0
0	2	8892	G	0	0
0	2	8892	T	0	0
0	2	8896	CT	0	0
0	2	8896	TC	0	0
0	2	8906	A	0	0
0	2	8906	G	0	0
0	2	8908	A	0	0
0	2	8908	C	0	0
0	2	8912	A	0	0
0	2	8912	G	0	0
0	2	8913	C	0	0
0	2	8913	T	0	0
0	2	8915	A	0	0
0	2	8915	C	0	0
0	2	8915	T	0	0
0	2	8916	AC	0	0
0	2	8916	TC	0	0
0	2	8916	TT	0	0
0	2	8917	A	0	0
0	2	8917	G	0	0
0	2	8921	A	0	0
0	2	8921	C	0	0
0	2	8927	C	0	0
0	2	8927	T	0	0
0	2	8930	A	0	0
0	2	8930	G	0	0
0	2	8935	ACA	0	0
0	2	8935	GAG	0	0
0	2	8935	GCG	0	0
0	2	8936	A	0	0
0	2	8936	G	0	0
0	2	8943	G	0	0
0	2	8943	T	0	0
0	2	8944	A	0	0
0	2	8944	G	0	0
0	2	8953	C	0	0
0	2	8953	G	0	0
0	2	8954	C	0	0
0	2	8954	T	0	0
0	2	8957	AT	0	0
0	2	8957	TG	0	0
0	2	8958	C	0	0
0	2	8958	T	0	0
0	2	8959	C	0	0
0	2	8959	T	0	0
0	2	8968	A	0	0
0	2	8968	G	0	0
0	2	8972	AA	0	0
0	2	8972	GG	0	0
0	2	8973	A	0	0
0	2	8973	G	0	0
0	2	8982	AC	0	0
0	2	8982	CA	0	0
0	2	8983	CT	0	0
0	2	8983	TC	0	0
0	2	8985	ACAAC	0	0
0	2	8985	ACAAG	0	0
0	2	8985	ACGAG	0	0
0	2	8985	ACGCC	0	0
0	2	8985	ATAAG	0	0
0	2	8985	CCACC	0	0
0	2	8985	CCGCC	0	0
0	2	8985	CCGCG	0	0
0	2	8986	C	0	0
0	2	8986	T	0	0
0	2	8988	C	0	0
0	2	8988	T	0	0
0	2	8992	A	0	0
0	2	8992	G	0	0
0	2	8993	C	0	0
0	2	8993	T	0	0
0	2	9006	A	0	0
0	2	9006	C	0	0
0	2	9007	A	0	0
0	2	9007	G	0	0
0	2	9010	AT	0	0
0	2	9010	GA	0	0
0	2	9019	A	0	0
0	2	9019	T	0	0
0	2	9026	C	0	0
0	2	9026	T	0	0
0	2	9040	A	0	0
0	2	9040	G	0	0
0	2	9045	A	0	0
0	2	9045	G	0	0
0	2	9048	A	0	0
0	2	9048	G	0	0
0	2	9052	A	0	0
0	2	9052	G	0	0
0	2	9071	A	0	0
0	2	9071	G	0	0
0	2	9079	C	0	0
0	2	9079	T	0	0
0	2	9083	A	0	0
0	2	9083	G	0	0
0	2	9085	AC	0	0
0	2	9085	TT	0	0
0	2	9096	C	0	0
0	2	9096	T	0	0
0	2	9097	GC	0	0
0	2	9097	TT	0	0
0	2	9104	C	0	0
0	2	9104	T	0	0
0	2	9113	A	0	0
0	2	9113	G	0	0
0	2	9114	CA	0	0
0	2	9114	TG	0	0
0	2	9119	AC	0	0
0	2	9119	TT	0	0
0	2	9130	A	0	0
0	2	9130	G	0	0
0	2	9141	C	0	0
0	2	9141	T	0	0
0	2	9154	C	0	0
0	2	9154	T	0	0
0	2	9157	AC	0	0
0	2	9157	TT	0	0
0	2	9165	A	0	0
0	2	9165	C	0	0
0	2	9167	A	0	0
0	2	9167	G	0	0
0	2	9169	C	0	0
0	2	9169	T	0	0
0	2	9173	C	0	0
0	2	9173	T	0	0
0	2	9182	C	0	0
0	2	9182	T	0	0
0	2	9184	C	0	0
0	2	9184	T	0	0
0	2	9186	C	0	0
0	2	9186	T	0	0
0	2	9188	A	0	0
0	2	9188	G	0	0
0	2	9189	C	0	0
0	2	9189	T	0	0
0	2	9190	G	0	0
0	2	9190	T	0	0
0	2	9193	AT	0	0
0	2	9193	TG	0	0
0	2	9206	CAAAA	0	0
0	2	9206	CTAAA	0	0
0	2	9206	CTAGA	0	0
0	2	9206	CTAGT	0	0
0	2	9206	CTTGA	0	0
0	2	9206	CTTGT	0	0
0	2	9206	TTAGA	0	0
0	2	9209	A	0	0
0	2	9209	G	0	0
0	2	9211	A	0	0
0	2	9211	G	0	0
0	2	9221	A	0	0
0	2	9221	G	0	0
0	2	9227	AG	0	0
0	2	9227	CC	0	0
0	2	9227	CG	0	0
0	2	9229	C	0	0
0	2	9229	T	0	0
0	2	9231	AT	0	0
0	2	9231	GA	0	0
0	2	9231	GT	0	0
0	2	9232	GC	0	0
0	2	9232	GT	0	0
0	2	9232	TC	0	0
0	2	9233	G	0	0
0	2	9233	T	0	0
0	2	9250	C	0	0
0	2	9250	T	0	0
0	2	9263	C	0	0
0	2	9263	T	0	0
0	2	9265	C	0	0
0	2	9265	T	0	0
0	2	9268	C	0	0
0	2	9268	G	0	0
0	2	9282	C	0	0
0	2	9282	T	0	0
0	2	9283	C	0	0
0	2	9283	T	0	0
0	2	9288	C	0	0
0	2	9288	T	0	0
0	2	9289	C	0	0
0	2	9289	T	0	0
0	2	9296	AG	0	0
0	2	9296	GA	0	0
0	2	9325	C	0	0
0	2	9325	T	0	0
0	2	9329	AG	0	0
0	2	9329	TA	0	0
0	2	9330	C	0	0
0	2	9330	T	0	0
0	2	9331	A	0	0
0	2	9331	G	0	0
0	2	9335	A	0	0
0	2	9335	G	0	0
0	2	9339	C	0	0
0	2	9339	T	0	0
0	2	9342	C	0	0
0	2	9342	T	0	0
0	2	9348	AT	0	0
0	2	9348	CC	0	0
0	2	9353	A	0	0
0	2	9353	G	0	0
0	2	9369	C	0	0
0	2	9369	T	0	0
0	2	9370	C	0	0
0	2	9370	T	0	0
0	2	9371	AC	0	0
0	2	9371	GA	0	0
0	2	9384	A	0	0
0	2	9384	T	0	0
0	2	9390	A	0	0
0	2	9390	G	0	0
0	2	9416	C	0	0
0	2	9416	T	0	0
0	2	9422	C	0	0
0	2	9422	T	0	0
0	2	9426	C	0	0
0	2	9426	T	0	0
0	2	9484	A	0	0
0	2	9484	G	0	0
0	2	9486	A	0	0
0	2	9486	G	0	0
0	2	9493	C	0	0
0	2	9493	T	0	0
0	2	9500	C	0	0
0	2	9500	T	0	0
0	2	9505	A	0	0
0	2	9505	G	0	0
0	2	9509	C	0	0
0	2	9509	T	0	0
0	2	9513	A	0	0
0	2	9513	G	0	0
0	2	9517	A	0	0
0	2	9517	T	0	0
0	2	9519	A	0	0
0	2	9519	G	0	0
0	2	9527	C	0	0
0	2	9527	T	0	0
0	2	9530	A	0	0
0	2	9530	G	0	0
0	2	9531	C	0	0
0	2	9531	T	0	0
0	2	9532	A	0	0
0	2	9532	G	0	0
0	2	9533	A	0	0
0	2	9533	G	0	0
0	2	9546	C	0	0
0	2	9546	T	0	0
0	2	9550	A	0	0
0	2	9550	G	0	0
0	2	9557	A	0	0
0	2	9557	C	0	0
0	2	9558	G	0	0
0	2	9558	T	0	0
0	2	9560	A	0	0
0	2	9560	G	0	0
0	2	9570	A	0	0
0	2	9570	G	0	0
0	2	9575	CC	0	0
0	2	9575	TT	0	0
0	2	9586	AA	0	0
0	2	9586	GG	0	0
0	2	9587	A	0	0
0	2	9587	G	0	0
0	2	9589	C	0	0
0	2	9589	T	0	0
0	2	9597	C	0	0
0	2	9597	T	0	0
0	2	9599	C	0	0
0	2	9599	T	0	0
0	2	9612	C	0	0
0	2	9612	T	0	0
0	2	9614	A	0	0
0	2	9614	G	0	0
0	2	9639	C	0	0
0	2	9639	T	0	0
0	2	9673	C	0	0
0	2	9673	T	0	0
0	2	9675	C	0	0
0	2	9675	T	0	0
0	2	9678	A	0	0
0	2	9678	G	0	0
0	2	9682	C	0	0
0	2	9682	T	0	0
0	2	9692	G	0	0
0	2	9692	T	0	0
0	2	9698	C	0	0
0	2	9698	T	0	0
0	2	9702	A	0	0
0	2	9702	G	0	0
0	2	9705	C	0	0
0	2	9705	T	0	0
0	2	9724	A	0	0
0	2	9724	G	0	0
0	2	9726	A	0	0
0	2	9726	G	0	0
0	2	9737	A	0	0
0	2	9737	G	0	0
0	2	9739	C	0	0
0	2	9739	T	0	0
0	2	9749	A	0	0
0	2	9749	T	0	0
0	2	9751	C	0	0
0	2	9751	T	0	0
0	2	9752	C	0	0
0	2	9752	T	0	0
0	2	9754	A	0	0
0	2	9754	T	0	0
0	2	9765	A	0	0
0	2	9765	G	0	0
0	2	9777	C	0	0
0	2	9777	T	0	0
0	2	9779	C	0	0
0	2	9779	T	0	0
0	2	9785	AG	0	0
0	2	9785	GA	0	0
0	2	9785	GG	0	0
0	2	9789	A	0	0
0	2	9789	G	0	0
0	2	9792	C	0	0
0	2	9792	T	0	0
0	2	9793	A	0	0
0	2	9793	G	0	0
0	2	9794	AA	0	0
0	2	9794	GT	0	0
0	2	9798	A	0	0
0	2	9798	G	0	0
0	2	9800	C	0	0
0	2	9800	G	0	0
0	2	9802	G	0	0
0	2	9802	T	0	0
0	2	9803	A	0	0
0	2	9803	T	0	0
0	2	9804	C	0	0
0	2	9804	T	0	0
0	2	9814	C	0	0
0	2	9814	T	0	0
0	2	9815	A	0	0
0	2	9815	G	0	0
0	2	9819	C	0	0
0	2	9819	T	0	0
0	2	9820	C	0	0
0	2	9820	T	0	0
0	2	9830	C	0	0
0	2	9830	T	0	0
0	2	9846	A	0	0
0	2	9846	G	0	0
0	2	9851	AC	0	0
0	2	9851	GT	0	0
0	2	9855	C	0	0
0	2	9855	G	0	0
0	2	9868	C	0	0
0	2	9868	G	0	0
0	2	9869	A	0	0
0	2	9869	G	0	0
0	2	9871	A	0	0
0	2	9871	T	0	0
0	2	9905	A	0	0
0	2	9905	G	0	0
0	2	9911	C	0	0
0	2	9911	T	0	0
0	2	9924	A	0	0
0	2	9924	G	0	0
0	2	9929	AA	0	0
0	2	9929	GA	0	0
0	2	9929	GG	0	0
0	2	9933	A	0	0
0	2	9933	T	0	0
0	2	9940	C	0	0
0	2	9940	T	0	0
0	2	9943	A	0	0
0	2	9943	T	0	0
0	2	9947	A	0	0
0	2	9947	G	0	0
0	2	9948	C	0	0
0	2	9948	T	0	0
0	2	9952	A	0	0
0	2	9952	T	0	0
0	2	9956	A	0	0
0	2	9956	G	0	0
0	2	9958	A	0	0
0	2	9958	G	0	0
0	2	9968	G	0	0
0	2	9968	T	0	0
0	2	9971	A	0	0
0	2	9971	T	0	0
0	2	9975	A	0	0
0	2	9975	C	0	0
0	2	9978	A	0	0
0	2	9978	C	0	0
0	2	9984	C	0	0
0	2	9984	T	0	0
0	2	9996	C	0	0
0	2	9996	T	0	0
0	2	9997	C	0	0
0	2	9997	T	0	0
0	2	10001	CA	0	0
0	2	10001	CG	0	0
0	2	10001	TG	0	0
0	2	10005	C	0	0
0	2	10005	T	0	0
0	2	10008	A	0	0
0	2	10008	G	0	0
0	2	10010	A	0	0
0	2	10010	T	0	0
0	2	10011	A	0	0
0	2	10011	T	0	0
0	2	10014	A	0	0
0	2	10014	G	0	0
0	2	10030	A	0	0
0	2	10030	G	0	0
0	2	10032	A	0	0
0	2	10032	T	0	0
0	2	10035	G	0	0
0	2	10035	T	0	0
0	2	10036	A	0	0
0	2	10036	G	0	0
0	2	10037	A	0	0
0	2	10037	C	0	0
0	2	10057	C	0	0
0	2	10057	T	0	0
0	2	10059	CT	0	0
0	2	10059	GC	0	0
0	2	10059	GT	0	0
0	2	10063	C	0	0
0	2	10063	T	0	0
0	2	10064	A	0	0
0	2	10064	G	0	0
0	2	10066	CT	0	0
0	2	10066	TA	0	0
0	2	10067	G	0	0
0	2	10067	T	0	0
0	2	10068	AT	0	0
0	2	10068	TC	0	0
0	2	10071	A	0	0
0	2	10071	T	0	0
0	2	10075	AT	0	0
0	2	10075	GA	0	0
0	2	10079	A	0	0
0	2	10079	G	0	0
0	2	10081	G	0	0
0	2	10081	T	0	0
0	2	10087	AG	0	0
0	2	10087	GA	0	0
0	2	10090	C	0	0
0	2	10090	T	0	0
0	2	10094	C	0	0
0	2	10094	T	0	0
0	2	10096	C	0	0
0	2	10096	T	0	0
0	2	10102	C	0	0
0	2	10102	T	0	0
0	2	10104	C	0	0
0	2	10104	T	0	0
0	2	10105	A	0	0
0	2	10105	G	0	0
0	2	10107	C	0	0
0	2	10107	T	0	0
0	2	10114	C	0	0
0	2	10114	T	0	0
0	2	10123	C	0	0
0	2	10123	T	0	0
0	2	10128	A	0	0
0	2	10128	G	0	0
0	2	10129	C	0	0
0	2	10129	T	0	0
0	2	10135	C	0	0
0	2	10135	T	0	0
0	2	10137	A	0	0
0	2	10137	G	0	0
0	2	10139	CT	0	0
0	2	10139	TA	0	0
0	2	10149	CC	0	0
0	2	10149	GA	0	0
0	2	10149	GC	0	0
0	2	10151	C	0	0
0	2	10151	T	0	0
0	2	10155	C	0	0
0	2	10155	T	0	0
0	2	10164	G	0	0
0	2	10164	T	0	0
0	2	10171	GA	0	0
0	2	10171	TG	0	0
0	2	10182	CA	0	0
0	2	10182	CC	0	0
0	2	10182	TC	0	0
0	2	10187	CA	0	0
0	2	10187	CG	0	0
0	2	10187	TA	0	0
0	2	10188	A	0	0
0	2	10188	G	0	0
0	2	10200	A	0	0
0	2	10200	G	0	0
0	2	10205	A	0	0
0	2	10205	G	0	0
0	2	10208	C	0	0
0	2	10208	T	0	0
0	2	10210	A	0	0
0	2	10210	C	0	0
0	2	10216	A	0	0
0	2	10216	G	0	0
0	2	10219	C	0	0
0	2	10219	T	0	0
0	2	10223	AA	0	0
0	2	10223	AT	0	0
0	2	10223	GT	0	0
0	2	10224	C	0	0
0	2	10224	T	0	0
0	2	10239	A	0	0
0	2	10239	T	0	0
0	2	10248	G	0	0
0	2	10248	T	0	0
0	2	10251	A	0	0
0	2	10251	G	0	0
0	2	10256	CT	0	0
0	2	10256	GC	0	0
0	2	10259	A	0	0
0	2	10259	G	0	0
0	2	10262	C	0	0
0	2	10262	T	0	0
0	2	10269	AA	0	0
0	2	10269	CG	0	0
0	2	10272	CT	0	0
0	2	10272	TC	0	0
0	2	10278	A	0	0
0	2	10278	C	0	0
0	2	10279	A	0	0
0	2	10279	G	0	0
0	2	10281	C	0	0
0	2	10281	G	0	0
0	2	10283	A	0	0
0	2	10283	C	0	0
0	2	10287	A	0	0
0	2	10287	G	0	0
0	2	10291	CT	0	0
0	2	10291	TC	0	0
0	2	10296	CT	0	0
0	2	10296	TC	0	0
0	2	10297	ACT	0	0
0	2	10297	GCC	0	0
0	2	10297	GTC	0	0
0	2	10299	A	0	0
0	2	10299	G	0	0
0	2	10301	AC	0	0
0	2	10301	GT	0	0
0	2	10302	G	0	0
0	2	10302	T	0	0
0	2	10307	C	0	0
0	2	10307	T	0	0
0	2	10310	A	0	0
0	2	10310	G	0	0
0	2	10311	C	0	0
0	2	10311	T	0	0
0	2	10312	A	0	0
0	2	10312	G	0	0
0	2	10318	C	0	0
0	2	10318	T	0	0
0	2	10321	A	0	0
0	2	10321	T	0	0
0	2	10328	AG	0	0
0	2	10328	GA	0	0
0	2	10342	G	0	0
0	2	10342	T	0	0
0	2	10346	C	0	0
0	2	10346	T	0	0
0	2	10350	A	0	0
0	2	10350	T	0	0
0	2	10403	CC	0	0
0	2	10403	CT	0	0
0	2	10403	TC	0	0
0	2	10403	TT	0	0
0	2	10407	A	0	0
0	2	10407	G	0	0
0	2	10409	C	0	0
0	2	10409	G	0	0
0	2	10412	C	0	0
0	2	10412	T	0	0
0	2	10422	C	0	0
0	2	10422	T	0	0
0	2	10423	C	0	0
0	2	10423	T	0	0
0	2	10425	A	0	0
0	2	10425	G	0	0
0	2	10429	A	0	0
0	2	10429	G	0	0
0	2	10440	A	0	0
0	2	10440	G	0	0
0	2	10441	C	0	0
0	2	10441	T	0	0
0	2	10474	A	0	0
0	2	10474	C	0	0
0	2	10480	C	0	0
0	2	10480	T	0	0
0	2	10494	A	0	0
0	2	10494	G	0	0
0	2	10545	C	0	0
0	2	10545	T	0	0
0	2	10554	C	0	0
0	2	10554	T	0	0
0	2	10560	A	0	0
0	2	10560	G	0	0
0	2	10561	G	0	0
0	2	10561	T	0	0
0	2	10564	A	0	0
0	2	10564	G	0	0
0	2	10576	A	0	0
0	2	10576	T	0	0
0	2	10579	C	0	0
0	2	10579	T	0	0
0	2	10580	A	0	0
0	2	10580	G	0	0
0	2	10582	C	0	0
0	2	10582	T	0	0
0	2	10598	C	0	0
0	2	10598	T	0	0
0	2	10604	C	0	0
0	2	10604	T	0	0
0	2	10605	A	0	0
0	2	10605	G	0	0
0	2	10618	A	0	0
0	2	10618	G	0	0
0	2	10619	C	0	0
0	2	10619	T	0	0
0	2	10621	C	0	0
0	2	10621	T	0	0
0	2	10626	C	0	0
0	2	10626	T	0	0
0	2	10649	C	0	0
0	2	10649	T	0	0
0	2	10669	C	0	0
0	2	10669	T	0	0
0	2	10720	A	0	0
0	2	10720	C	0	0
0	2	10774	C	0	0
0	2	10774	T	0	0
0	2	10781	A	0	0
0	2	10781	G	0	0
0	2	10782	AA	0	0
0	2	10782	GT	0	0
0	2	10785	A	0	0
0	2	10785	G	0	0
0	2	10792	G	0	0
0	2	10792	T	0	0
0	2	10794	A	0	0
0	2	10794	G	0	0
0	2	10829	C	0	0
0	2	10829	T	0	0
0	2	10839	A	0	0
0	2	10839	C	0	0
0	2	10841	AT	0	0
0	2	10841	TG	0	0
0	2	10849	A	0	0
0	2	10849	T	0	0
0	2	10859	C	0	0
0	2	10859	T	0	0
0	2	10870	ATA	0	0
0	2	10870	GGA	0	0
0	2	10870	GGC	0	0
0	2	10873	C	0	0
0	2	10873	T	0	0
0	2	10878	C	0	0
0	2	10878	T	0	0
0	2	10880	A	0	0
0	2	10880	G	0	0
0	2	10883	C	0	0
0	2	10883	T	0	0
0	2	10893	A	0	0
0	2	10893	G	0	0
0	2	10898	A	0	0
0	2	10898	G	0	0
0	2	10903	A	0	0
0	2	10903	G	0	0
0	2	10914	A	0	0
0	2	10914	T	0	0
0	2	10926	C	0	0
0	2	10926	T	0	0
0	2	10942	C	0	0
0	2	10942	T	0	0
0	2	10948	A	0	0
0	2	10948	G	0	0
0	2	10949	AG	0	0
0	2	10949	GA	0	0
0	2	10950	A	0	0
0	2	10950	T	0	0
0	2	10958	A	0	0
0	2	10958	G	0	0
0	2	10959	A	0	0
0	2	10959	G	0	0
0	2	10961	A	0	0
0	2	10961	G	0	0
0	2	10976	G	0	0
0	2	10976	T	0	0
0	2	10982	A	0	0
0	2	10982	T	0	0
0	2	11001	A	0	0
0	2	11001	C	0	0
0	2	11008	C	0	0
0	2	11008	T	0	0
0	2	11014	A	0	0
0	2	11014	G	0	0
0	2	11016	A	0	0
0	2	11016	G	0	0
0	2	11017	C	0	0
0	2	11017	T	0	0
0	2	11018	C	0	0
0	2	11018	T	0	0
0	2	11030	C	0	0
0	2	11030	G	0	0
0	2	11032	AC	0	0
0	2	11032	AT	0	0
0	2	11032	GC	0	0
0	2	11034	C	0	0
0	2	11034	T	0	0
0	2	11036	C	0	0
0	2	11036	T	0	0
0	2	11041	C	0	0
0	2	11041	T	0	0
0	2	11043	A	0	0
0	2	11043	T	0	0
0	2	11049	C	0	0
0	2	11049	T	0	0
0	2	11053	A	0	0
0	2	11053	G	0	0
0	2	11055	A	0	0
0	2	11055	G	0	0
0	2	11062	A	0	0
0	2	11062	G	0	0
0	2	11063	C	0	0
0	2	11063	T	0	0
0	2	11066	C	0	0
0	2	11066	T	0	0
0	2	11068	A	0	0
0	2	11068	G	0	0
0	2	11069	C	0	0
0	2	11069	T	0	0
0	2	11070	C	0	0
0	2	11070	T	0	0
0	2	11096	C	0	0
0	2	11096	T	0	0
0	2	11118	C	0	0
0	2	11118	T	0	0
0	2	11122	A	0	0
0	2	11122	T	0	0
0	2	11124	A	0	0
0	2	11124	C	0	0
0	2	11138	C	0	0
0	2	11138	T	0	0
0	2	11142	C	0	0
0	2	11142	T	0	0
0	2	11143	A	0	0
0	2	11143	G	0	0
0	2	11144	C	0	0
0	2	11144	T	0	0
0	2	11149	A	0	0
0	2	11149	G	0	0
0	2	11152	A	0	0
0	2	11152	C	0	0
0	2	11165	C	0	0
0	2	11165	T	0	0
0	2	11174	AA	0	0
0	2	11174	GA	0	0
0	2	11174	GG	0	0
0	2	11187	C	0	0
0	2	11187	T	0	0
0	2	11189	AT	0	0
0	2	11189	CC	0	0
0	2	11189	CT	0	0
0	2	11190	A	0	0
0	2	11190	G	0	0
0	2	11198	AA	0	0
0	2	11198	GG	0	0
0	2	11201	CT	0	0
0	2	11201	TC	0	0
0	2	11205	C	0	0
0	2	11205	T	0	0
0	2	11214	CG	0	0
0	2	11214	TC	0	0
0	2	11220	C	0	0
0	2	11220	T	0	0
0	2	11223	G	0	0
0	2	11223	T	0	0
0	2	11226	C	0	0
0	2	11226	T	0	0
0	2	11233	C	0	0
0	2	11233	T	0	0
0	2	11234	C	0	0
0	2	11234	T	0	0
0	2	11238	A	0	0
0	2	11238	C	0	0
0	2	11239	A	0	0
0	2	11239	G	0	0
0	2	11241	C	0	0
0	2	11241	G	0	0
0	2	11242	A	0	0
0	2	11242	G	0	0
0	2	11243	CA	0	0
0	2	11243	TT	0	0
0	2	11245	A	0	0
0	2	11245	G	0	0
0	2	11250	A	0	0
0	2	11250	T	0	0
0	2	11251	CC	0	0
0	2	11251	TT	0	0
0	2	11254	C	0	0
0	2	11254	T	0	0
0	2	11255	C	0	0
0	2	11255	T	0	0
0	2	11256	C	0	0
0	2	11256	T	0	0
0	2	11261	C	0	0
0	2	11261	T	0	0
0	2	11267	C	0	0
0	2	11267	T	0	0
0	2	11268	A	0	0
0	2	11268	T	0	0
0	2	11270	AG	0	0
0	2	11270	GA	0	0
0	2	11281	C	0	0
0	2	11281	T	0	0
0	2	11291	C	0	0
0	2	11291	T	0	0
0	2	11306	A	0	0
0	2	11306	T	0	0
0	2	11316	AA	0	0
0	2	11316	GT	0	0
0	2	11317	C	0	0
0	2	11317	T	0	0
0	2	11321	A	0	0
0	2	11321	G	0	0
0	2	11325	C	0	0
0	2	11325	T	0	0
0	2	11327	C	0	0
0	2	11327	T	0	0
0	2	11329	C	0	0
0	2	11329	T	0	0
0	2	11334	A	0	0
0	2	11334	G	0	0
0	2	11338	A	0	0
0	2	11338	G	0	0
0	2	11342	C	0	0
0	2	11342	T	0	0
0	2	11351	C	0	0
0	2	11351	T	0	0
0	2	11354	A	0	0
0	2	11354	T	0	0
0	2	11360	AC	0	0
0	2	11360	TT	0	0
0	2	11365	A	0	0
0	2	11365	C	0	0
0	2	11366	A	0	0
0	2	11366	G	0	0
0	2	11367	G	0	0
0	2	11367	T	0	0
0	2	11372	C	0	0
0	2	11372	T	0	0
0	2	11375	A	0	0
0	2	11375	G	0	0
0	2	11376	A	0	0
0	2	11376	G	0	0
0	2	11394	C	0	0
0	2	11394	T	0	0
0	2	11418	AC	0	0
0	2	11418	GT	0	0
0	2	11440	A	0	0
0	2	11440	G	0	0
0	2	11445	A	0	0
0	2	11445	G	0	0
0	2	11450	AG	0	0
0	2	11450	GA	0	0
0	2	11470	A	0	0
0	2	11470	G	0	0
0	2	11515	C	0	0
0	2	11515	T	0	0
0	2	11534	A	0	0
0	2	11534	G	0	0
0	2	11543	A	0	0
0	2	11543	G	0	0
0	2	11557	G	0	0
0	2	11557	T	0	0
0	2	11682	A	0	0
0	2	11682	G	0	0
0	2	11699	A	0	0
0	2	11699	T	0	0
0	2	11704	A	0	0
0	2	11704	G	0	0
0	2	11705	A	0	0
0	2	11705	G	0	0
0	2	11712	A	0	0
0	2	11712	G	0	0
0	2	11714	C	0	0
0	2	11714	T	0	0
0	2	11755	A	0	0
0	2	11755	G	0	0
0	2	11815	A	0	0
0	2	11815	T	0	0
0	2	11827	C	0	0
0	2	11827	T	0	0
0	2	11836	A	0	0
0	2	11836	C	0	0
0	2	11860	C	0	0
0	2	11860	T	0	0
0	2	11885	A	0	0
0	2	11885	G	0	0
0	2	11911	C	0	0
0	2	11911	G	0	0
0	2	11915	ACT	0	0
0	2	11915	GTC	0	0
0	2	11937	C	0	0
0	2	11937	T	0	0
0	2	12089	A	0	0
0	2	12089	G	0	0
0	2	12149	C	0	0
0	2	12149	T	0	0
0	2	12155	C	0	0
0	2	12155	T	0	0
0	2	12175	A	0	0
0	2	12175	C	0	0
0	2	12207	C	0	0
0	2	12207	T	0	0
0	2	12244	A	0	0
0	2	12244	T	0	0
0	2	12245	A	0	0
0	2	12245	G	0	0
0	2	12549	CC	0	0
0	2	12549	TT	0	0
0	2	12604	A	0	0
0	2	12604	C	0	0
0	2	12654	A	0	0
0	2	12654	G	0	0
0	2	12689	A	0	0
0	2	12689	T	0	0
0	2	12696	C	0	0
0	2	12696	T	0	0
0	2	12732	C	0	0
0	2	12732	T	0	0
0	2	12829	A	0	0
0	2	12829	G	0	0
