chr,chr.pos,univ.pos,a,b,h,missing,recoms
Ca21chr1_C_albicans_SC5314,0,0,0,0,0,0,0
Ca21chr1_C_albicans_SC5314,10000,10000,0,0,0,0,0
Ca21chr1_C_albicans_SC5314,20000,20000,0,0,0,0,0
Ca21chr1_C_albicans_SC5314,30000,30000,0,0,0,0,0
Ca21chr1_C_albicans_SC5314,40000,40000,0,0,0,0,0
Ca21chr1_C_albicans_SC5314,50000,50000,0,0,0,0,0
Ca21chr1_C_albicans_SC5314,60000,60000,0,0,0,0,0
Ca21chr1_C_albicans_SC5314,70000,70000,0,0,0,0,0
Ca21chr1_C_albicans_SC5314,80000,80000,0,0,0,0,0
Ca21chr1_C_albicans_SC5314,90000,90000,0,0,0,0,0
Ca21chr1_C_albicans_SC5314,100000,100000,0,0,0,0,0
Ca21chr1_C_albicans_SC5314,110000,110000,0,0,0,0,0
Ca21chr1_C_albicans_SC5314,120000,120000,0,0,0,0,0
Ca21chr1_C_albicans_SC5314,130000,130000,0,0,0,0,0
Ca21chr1_C_albicans_SC5314,140000,140000,33,0,1,49,1
Ca21chr1_C_albicans_SC5314,150000,150000,76,0,0,7,0
Ca21chr1_C_albicans_SC5314,160000,160000,0,0,0,0,0
Ca21chr1_C_albicans_SC5314,170000,170000,1,0,0,82,0
Ca21chr1_C_albicans_SC5314,180000,180000,0,0,0,0,0
Ca21chr1_C_albicans_SC5314,190000,190000,0,0,0,0,0
Ca21chr1_C_albicans_SC5314,200000,200000,5,0,0,78,0
Ca21chr1_C_albicans_SC5314,210000,210000,0,0,0,0,0
Ca21chr1_C_albicans_SC5314,220000,220000,0,0,0,0,0
Ca21chr1_C_albicans_SC5314,230000,230000,44,0,0,39,0
Ca21chr1_C_albicans_SC5314,240000,240000,0,0,0,0,0
Ca21chr1_C_albicans_SC5314,250000,250000,0,0,0,0,0
Ca21chr1_C_albicans_SC5314,260000,260000,0,0,0,0,0
Ca21chr1_C_albicans_SC5314,270000,270000,1,0,0,82,0
Ca21chr1_C_albicans_SC5314,280000,280000,0,0,0,0,0
Ca21chr1_C_albicans_SC5314,290000,290000,0,0,0,0,0
Ca21chr1_C_albicans_SC5314,300000,300000,0,0,0,0,0
Ca21chr1_C_albicans_SC5314,310000,310000,0,0,0,0,0
Ca21chr1_C_albicans_SC5314,320000,320000,83,0,0,0,0
Ca21chr1_C_albicans_SC5314,330000,330000,0,0,0,0,0
Ca21chr1_C_albicans_SC5314,340000,340000,118,0,0,131,8
Ca21chr1_C_albicans_SC5314,350000,350000,0,0,0,0,0
Ca21chr1_C_albicans_SC5314,360000,360000,48,0,7,28,5
Ca21chr1_C_albicans_SC5314,370000,370000,0,0,0,0,0
Ca21chr1_C_albicans_SC5314,380000,380000,0,0,0,0,0
Ca21chr1_C_albicans_SC5314,390000,390000,0,0,0,0,0
Ca21chr1_C_albicans_SC5314,400000,400000,41,0,0,125,6
Ca21chr1_C_albicans_SC5314,410000,410000,86,0,7,73,12
Ca21chr1_C_albicans_SC5314,420000,420000,46,0,9,111,11
Ca21chr1_C_albicans_SC5314,430000,430000,0,0,0,0,0
Ca21chr1_C_albicans_SC5314,440000,440000,59,0,6,18,3
Ca21chr1_C_albicans_SC5314,450000,450000,0,0,0,0,0
Ca21chr1_C_albicans_SC5314,460000,460000,0,0,0,0,0
Ca21chr1_C_albicans_SC5314,470000,470000,34,0,5,44,5
Ca21chr1_C_albicans_SC5314,480000,480000,0,0,0,0,0
Ca21chr1_C_albicans_SC5314,490000,490000,0,0,0,0,0
Ca21chr1_C_albicans_SC5314,500000,500000,0,0,0,0,0
Ca21chr1_C_albicans_SC5314,510000,510000,68,0,0,15,7
Ca21chr1_C_albicans_SC5314,520000,520000,36,0,7,40,1
Ca21chr1_C_albicans_SC5314,530000,530000,77,0,6,0,6
Ca21chr1_C_albicans_SC5314,540000,540000,0,0,0,0,0
Ca21chr1_C_albicans_SC5314,550000,550000,0,0,0,0,0
Ca21chr1_C_albicans_SC5314,560000,560000,0,0,0,0,0
Ca21chr1_C_albicans_SC5314,570000,570000,0,0,0,0,0
Ca21chr1_C_albicans_SC5314,580000,580000,0,0,0,0,0
Ca21chr1_C_albicans_SC5314,590000,590000,1,0,0,82,0
Ca21chr1_C_albicans_SC5314,600000,600000,0,0,0,0,0
Ca21chr1_C_albicans_SC5314,610000,610000,0,0,0,0,0
Ca21chr1_C_albicans_SC5314,620000,620000,0,0,0,0,0
Ca21chr1_C_albicans_SC5314,630000,630000,0,0,0,0,0
Ca21chr1_C_albicans_SC5314,640000,640000,0,0,0,0,0
Ca21chr1_C_albicans_SC5314,650000,650000,0,0,0,0,0
Ca21chr1_C_albicans_SC5314,660000,660000,126,0,0,40,0
Ca21chr1_C_albicans_SC5314,670000,670000,0,0,0,0,0
Ca21chr1_C_albicans_SC5314,680000,680000,0,0,0,0,0
Ca21chr1_C_albicans_SC5314,690000,690000,0,0,0,0,0
Ca21chr1_C_albicans_SC5314,700000,700000,0,0,0,0,0
Ca21chr1_C_albicans_SC5314,710000,710000,0,0,0,0,0
Ca21chr1_C_albicans_SC5314,720000,720000,0,0,0,0,0
Ca21chr1_C_albicans_SC5314,730000,730000,24,0,0,59,0
Ca21chr1_C_albicans_SC5314,740000,740000,0,0,0,0,0
Ca21chr1_C_albicans_SC5314,750000,750000,83,0,0,0,0
Ca21chr1_C_albicans_SC5314,760000,760000,78,0,0,5,4
Ca21chr1_C_albicans_SC5314,770000,770000,0,0,0,0,0
Ca21chr1_C_albicans_SC5314,780000,780000,32,0,4,47,3
Ca21chr1_C_albicans_SC5314,790000,790000,82,0,0,1,5
Ca21chr1_C_albicans_SC5314,800000,800000,0,0,0,0,0
Ca21chr1_C_albicans_SC5314,810000,810000,46,0,1,36,0
Ca21chr1_C_albicans_SC5314,820000,820000,0,0,0,0,0
Ca21chr1_C_albicans_SC5314,830000,830000,0,0,0,0,0
Ca21chr1_C_albicans_SC5314,840000,840000,79,1,5,81,6
Ca21chr1_C_albicans_SC5314,850000,850000,0,0,0,0,0
Ca21chr1_C_albicans_SC5314,860000,860000,0,0,0,0,0
Ca21chr1_C_albicans_SC5314,870000,870000,80,0,0,3,0
Ca21chr1_C_albicans_SC5314,880000,880000,0,0,0,0,0
Ca21chr1_C_albicans_SC5314,890000,890000,0,0,0,0,0
Ca21chr1_C_albicans_SC5314,900000,900000,5,0,0,78,0
Ca21chr1_C_albicans_SC5314,910000,910000,170,0,0,79,6
Ca21chr1_C_albicans_SC5314,920000,920000,0,0,0,0,0
Ca21chr1_C_albicans_SC5314,930000,930000,0,0,0,0,0
Ca21chr1_C_albicans_SC5314,940000,940000,0,0,0,0,0
Ca21chr1_C_albicans_SC5314,950000,950000,76,0,6,1,1
Ca21chr1_C_albicans_SC5314,960000,960000,0,0,0,0,0
Ca21chr1_C_albicans_SC5314,970000,970000,16,0,2,65,0
Ca21chr1_C_albicans_SC5314,980000,980000,62,0,6,15,2
Ca21chr1_C_albicans_SC5314,990000,990000,0,0,0,0,0
Ca21chr1_C_albicans_SC5314,1000000,1000000,66,2,4,11,2
Ca21chr1_C_albicans_SC5314,1010000,1010000,40,0,7,119,0
Ca21chr1_C_albicans_SC5314,1020000,1020000,0,0,0,0,0
Ca21chr1_C_albicans_SC5314,1030000,1030000,0,0,0,83,0
Ca21chr1_C_albicans_SC5314,1040000,1040000,181,0,10,58,12
Ca21chr1_C_albicans_SC5314,1050000,1050000,0,0,0,0,0
Ca21chr1_C_albicans_SC5314,1060000,1060000,0,0,0,0,0
Ca21chr1_C_albicans_SC5314,1070000,1070000,0,0,0,0,0
Ca21chr1_C_albicans_SC5314,1080000,1080000,48,0,6,29,1
Ca21chr1_C_albicans_SC5314,1090000,1090000,0,0,0,0,0
Ca21chr1_C_albicans_SC5314,1100000,1100000,0,0,0,0,0
Ca21chr1_C_albicans_SC5314,1110000,1110000,0,0,0,0,0
Ca21chr1_C_albicans_SC5314,1120000,1120000,0,0,0,0,0
Ca21chr1_C_albicans_SC5314,1130000,1130000,0,0,0,0,0
Ca21chr1_C_albicans_SC5314,1140000,1140000,0,0,0,0,0
Ca21chr1_C_albicans_SC5314,1150000,1150000,0,0,0,0,0
Ca21chr1_C_albicans_SC5314,1160000,1160000,0,0,0,0,0
Ca21chr1_C_albicans_SC5314,1170000,1170000,0,0,0,0,0
Ca21chr1_C_albicans_SC5314,1180000,1180000,0,0,0,0,0
Ca21chr1_C_albicans_SC5314,1190000,1190000,0,0,0,0,0
Ca21chr1_C_albicans_SC5314,1200000,1200000,0,0,0,0,0
Ca21chr1_C_albicans_SC5314,1210000,1210000,156,0,5,5,5
Ca21chr1_C_albicans_SC5314,1220000,1220000,0,0,0,0,0
Ca21chr1_C_albicans_SC5314,1230000,1230000,82,0,0,1,6
Ca21chr1_C_albicans_SC5314,1240000,1240000,0,0,0,0,0
Ca21chr1_C_albicans_SC5314,1250000,1250000,4,0,1,78,0
Ca21chr1_C_albicans_SC5314,1260000,1260000,127,0,6,33,7
Ca21chr1_C_albicans_SC5314,1270000,1270000,0,0,0,0,0
Ca21chr1_C_albicans_SC5314,1280000,1280000,0,0,0,0,0
Ca21chr1_C_albicans_SC5314,1290000,1290000,0,0,0,0,0
Ca21chr1_C_albicans_SC5314,1300000,1300000,0,0,0,0,0
Ca21chr1_C_albicans_SC5314,1310000,1310000,0,0,0,0,0
Ca21chr1_C_albicans_SC5314,1320000,1320000,0,0,0,0,0
Ca21chr1_C_albicans_SC5314,1330000,1330000,0,0,0,0,0
Ca21chr1_C_albicans_SC5314,1340000,1340000,0,0,0,0,0
Ca21chr1_C_albicans_SC5314,1350000,1350000,0,0,0,0,0
Ca21chr1_C_albicans_SC5314,1360000,1360000,0,0,0,0,0
Ca21chr1_C_albicans_SC5314,1370000,1370000,0,0,0,0,0
Ca21chr1_C_albicans_SC5314,1380000,1380000,0,0,0,0,0
Ca21chr1_C_albicans_SC5314,1390000,1390000,138,0,3,25,4
Ca21chr1_C_albicans_SC5314,1400000,1400000,0,0,0,0,0
Ca21chr1_C_albicans_SC5314,1410000,1410000,0,0,0,0,0
Ca21chr1_C_albicans_SC5314,1420000,1420000,47,1,5,113,4
Ca21chr1_C_albicans_SC5314,1430000,1430000,0,0,0,0,0
Ca21chr1_C_albicans_SC5314,1440000,1440000,63,0,2,101,3
Ca21chr1_C_albicans_SC5314,1450000,1450000,183,1,1,64,4
Ca21chr1_C_albicans_SC5314,1460000,1460000,0,0,0,0,0
Ca21chr1_C_albicans_SC5314,1470000,1470000,0,0,0,0,0
Ca21chr1_C_albicans_SC5314,1480000,1480000,89,0,2,75,3
Ca21chr1_C_albicans_SC5314,1490000,1490000,0,0,0,0,0
Ca21chr1_C_albicans_SC5314,1500000,1500000,0,0,0,0,0
Ca21chr1_C_albicans_SC5314,1510000,1510000,0,0,0,0,0
Ca21chr1_C_albicans_SC5314,1520000,1520000,0,0,0,0,0
Ca21chr1_C_albicans_SC5314,1530000,1530000,98,0,6,62,4
Ca21chr1_C_albicans_SC5314,1540000,1540000,167,0,0,82,3
Ca21chr1_C_albicans_SC5314,1550000,1550000,15,0,0,68,0
Ca21chr1_C_albicans_SC5314,1560000,1560000,77,0,0,6,0
Ca21chr1_C_albicans_SC5314,1570000,1570000,0,0,0,0,0
Ca21chr1_C_albicans_SC5314,1580000,1580000,0,0,0,0,0
Ca21chr1_C_albicans_SC5314,1590000,1590000,0,0,0,0,0
Ca21chr1_C_albicans_SC5314,1600000,1600000,46,0,0,37,0
Ca21chr1_C_albicans_SC5314,1610000,1610000,76,0,6,1,36
Ca21chr1_C_albicans_SC5314,1620000,1620000,0,0,0,0,0
Ca21chr1_C_albicans_SC5314,1630000,1630000,0,0,0,83,0
Ca21chr1_C_albicans_SC5314,1640000,1640000,74,0,0,9,2
Ca21chr1_C_albicans_SC5314,1650000,1650000,167,0,11,71,2
Ca21chr1_C_albicans_SC5314,1660000,1660000,74,0,5,87,0
Ca21chr1_C_albicans_SC5314,1670000,1670000,0,0,0,0,0
Ca21chr1_C_albicans_SC5314,1680000,1680000,0,0,0,0,0
Ca21chr1_C_albicans_SC5314,1690000,1690000,0,0,0,0,0
Ca21chr1_C_albicans_SC5314,1700000,1700000,0,0,0,0,0
Ca21chr1_C_albicans_SC5314,1710000,1710000,0,0,0,0,0
Ca21chr1_C_albicans_SC5314,1720000,1720000,0,0,0,0,0
Ca21chr1_C_albicans_SC5314,1730000,1730000,0,0,0,0,0
Ca21chr1_C_albicans_SC5314,1740000,1740000,0,0,0,0,0
Ca21chr1_C_albicans_SC5314,1750000,1750000,12,0,1,70,0
Ca21chr1_C_albicans_SC5314,1760000,1760000,75,0,0,8,4
Ca21chr1_C_albicans_SC5314,1770000,1770000,0,0,0,0,0
Ca21chr1_C_albicans_SC5314,1780000,1780000,0,0,0,0,0
Ca21chr1_C_albicans_SC5314,1790000,1790000,0,0,0,0,0
Ca21chr1_C_albicans_SC5314,1800000,1800000,0,0,0,0,0
Ca21chr1_C_albicans_SC5314,1810000,1810000,0,0,0,0,0
Ca21chr1_C_albicans_SC5314,1820000,1820000,0,0,0,0,0
Ca21chr1_C_albicans_SC5314,1830000,1830000,64,0,1,18,1
Ca21chr1_C_albicans_SC5314,1840000,1840000,11,0,1,71,1
Ca21chr1_C_albicans_SC5314,1850000,1850000,0,0,0,0,0
Ca21chr1_C_albicans_SC5314,1860000,1860000,31,0,3,49,1
Ca21chr1_C_albicans_SC5314,1870000,1870000,0,0,0,0,0
Ca21chr1_C_albicans_SC5314,1880000,1880000,75,0,2,6,1
Ca21chr1_C_albicans_SC5314,1890000,1890000,0,0,0,0,0
Ca21chr1_C_albicans_SC5314,1900000,1900000,0,0,0,0,0
Ca21chr1_C_albicans_SC5314,1910000,1910000,28,0,2,53,2
Ca21chr1_C_albicans_SC5314,1920000,1920000,0,0,0,0,0
Ca21chr1_C_albicans_SC5314,1930000,1930000,71,0,5,7,3
Ca21chr1_C_albicans_SC5314,1940000,1940000,6,0,0,77,0
Ca21chr1_C_albicans_SC5314,1950000,1950000,0,0,0,0,0
Ca21chr1_C_albicans_SC5314,1960000,1960000,0,0,0,83,0
Ca21chr1_C_albicans_SC5314,1970000,1970000,52,0,7,190,2
Ca21chr1_C_albicans_SC5314,1980000,1980000,72,0,0,11,4
Ca21chr1_C_albicans_SC5314,1990000,1990000,10,0,0,73,0
Ca21chr1_C_albicans_SC5314,2000000,2000000,0,0,0,0,0
Ca21chr1_C_albicans_SC5314,2010000,2010000,0,0,0,0,0
Ca21chr1_C_albicans_SC5314,2020000,2020000,0,0,0,0,0
Ca21chr1_C_albicans_SC5314,2030000,2030000,0,0,0,0,0
Ca21chr1_C_albicans_SC5314,2040000,2040000,0,0,0,0,0
Ca21chr1_C_albicans_SC5314,2050000,2050000,11,0,0,72,0
Ca21chr1_C_albicans_SC5314,2060000,2060000,72,0,5,89,4
Ca21chr1_C_albicans_SC5314,2070000,2070000,0,0,0,0,0
Ca21chr1_C_albicans_SC5314,2080000,2080000,0,0,0,0,0
Ca21chr1_C_albicans_SC5314,2090000,2090000,0,0,0,0,0
Ca21chr1_C_albicans_SC5314,2100000,2100000,79,0,0,4,3
Ca21chr1_C_albicans_SC5314,2110000,2110000,82,0,0,84,1
Ca21chr1_C_albicans_SC5314,2120000,2120000,142,2,5,183,6
Ca21chr1_C_albicans_SC5314,2130000,2130000,32,0,0,51,3
Ca21chr1_C_albicans_SC5314,2140000,2140000,156,0,6,4,11
Ca21chr1_C_albicans_SC5314,2150000,2150000,0,0,0,0,0
Ca21chr1_C_albicans_SC5314,2160000,2160000,76,0,0,7,0
Ca21chr1_C_albicans_SC5314,2170000,2170000,50,0,0,33,0
Ca21chr1_C_albicans_SC5314,2180000,2180000,0,0,0,0,0
Ca21chr1_C_albicans_SC5314,2190000,2190000,0,0,0,0,0
Ca21chr1_C_albicans_SC5314,2200000,2200000,24,7,26,26,33
Ca21chr1_C_albicans_SC5314,2210000,2210000,143,0,0,23,32
Ca21chr1_C_albicans_SC5314,2220000,2220000,71,0,0,12,0
Ca21chr1_C_albicans_SC5314,2230000,2230000,77,0,0,6,1
Ca21chr1_C_albicans_SC5314,2240000,2240000,0,0,0,0,0
Ca21chr1_C_albicans_SC5314,2250000,2250000,143,0,9,14,7
Ca21chr1_C_albicans_SC5314,2260000,2260000,82,0,0,1,5
Ca21chr1_C_albicans_SC5314,2270000,2270000,0,0,0,0,0
Ca21chr1_C_albicans_SC5314,2280000,2280000,0,0,0,0,0
Ca21chr1_C_albicans_SC5314,2290000,2290000,0,0,0,0,0
Ca21chr1_C_albicans_SC5314,2300000,2300000,76,0,2,5,1
Ca21chr1_C_albicans_SC5314,2310000,2310000,18,0,5,60,5
Ca21chr1_C_albicans_SC5314,2320000,2320000,82,0,0,1,6
Ca21chr1_C_albicans_SC5314,2330000,2330000,0,0,0,0,0
Ca21chr1_C_albicans_SC5314,2340000,2340000,0,0,0,0,0
Ca21chr1_C_albicans_SC5314,2350000,2350000,17,0,3,63,3
Ca21chr1_C_albicans_SC5314,2360000,2360000,0,0,0,0,0
Ca21chr1_C_albicans_SC5314,2370000,2370000,0,0,0,0,0
Ca21chr1_C_albicans_SC5314,2380000,2380000,46,0,2,35,5
Ca21chr1_C_albicans_SC5314,2390000,2390000,0,0,0,0,0
Ca21chr1_C_albicans_SC5314,2400000,2400000,130,1,11,107,4
Ca21chr1_C_albicans_SC5314,2410000,2410000,0,0,0,0,0
Ca21chr1_C_albicans_SC5314,2420000,2420000,56,1,6,20,2
Ca21chr1_C_albicans_SC5314,2430000,2430000,0,0,0,0,0
Ca21chr1_C_albicans_SC5314,2440000,2440000,0,0,0,0,0
Ca21chr1_C_albicans_SC5314,2450000,2450000,74,0,0,92,5
Ca21chr1_C_albicans_SC5314,2460000,2460000,50,0,0,33,0
Ca21chr1_C_albicans_SC5314,2470000,2470000,0,0,0,0,0
Ca21chr1_C_albicans_SC5314,2480000,2480000,0,0,0,0,0
Ca21chr1_C_albicans_SC5314,2490000,2490000,0,0,0,0,0
Ca21chr1_C_albicans_SC5314,2500000,2500000,0,0,0,0,0
Ca21chr1_C_albicans_SC5314,2510000,2510000,0,0,0,0,0
Ca21chr1_C_albicans_SC5314,2520000,2520000,88,1,6,71,8
Ca21chr1_C_albicans_SC5314,2530000,2530000,76,0,0,7,3
Ca21chr1_C_albicans_SC5314,2540000,2540000,76,0,0,7,1
Ca21chr1_C_albicans_SC5314,2550000,2550000,0,0,0,0,0
Ca21chr1_C_albicans_SC5314,2560000,2560000,0,0,0,0,0
Ca21chr1_C_albicans_SC5314,2570000,2570000,60,0,5,18,4
Ca21chr1_C_albicans_SC5314,2580000,2580000,27,0,4,52,0
Ca21chr1_C_albicans_SC5314,2590000,2590000,0,0,0,0,0
Ca21chr1_C_albicans_SC5314,2600000,2600000,11,0,0,72,0
Ca21chr1_C_albicans_SC5314,2610000,2610000,0,0,0,0,0
Ca21chr1_C_albicans_SC5314,2620000,2620000,0,0,0,0,0
Ca21chr1_C_albicans_SC5314,2630000,2630000,0,0,0,0,0
Ca21chr1_C_albicans_SC5314,2640000,2640000,79,0,0,4,5
Ca21chr1_C_albicans_SC5314,2650000,2650000,0,0,0,0,0
Ca21chr1_C_albicans_SC5314,2660000,2660000,65,0,0,18,0
Ca21chr1_C_albicans_SC5314,2670000,2670000,0,0,0,0,0
Ca21chr1_C_albicans_SC5314,2680000,2680000,21,0,4,58,4
Ca21chr1_C_albicans_SC5314,2690000,2690000,0,0,0,0,0
Ca21chr1_C_albicans_SC5314,2700000,2700000,0,0,0,0,0
Ca21chr1_C_albicans_SC5314,2710000,2710000,83,0,0,0,4
Ca21chr1_C_albicans_SC5314,2720000,2720000,0,0,0,0,0
Ca21chr1_C_albicans_SC5314,2730000,2730000,0,0,0,0,0
Ca21chr1_C_albicans_SC5314,2740000,2740000,0,0,0,0,0
Ca21chr1_C_albicans_SC5314,2750000,2750000,0,0,0,0,0
Ca21chr1_C_albicans_SC5314,2760000,2760000,0,0,0,0,0
Ca21chr1_C_albicans_SC5314,2770000,2770000,226,0,10,13,9
Ca21chr1_C_albicans_SC5314,2780000,2780000,91,0,8,233,4
Ca21chr1_C_albicans_SC5314,2790000,2790000,0,0,0,0,0
Ca21chr1_C_albicans_SC5314,2800000,2800000,0,0,0,0,0
Ca21chr1_C_albicans_SC5314,2810000,2810000,0,0,0,0,0
Ca21chr1_C_albicans_SC5314,2820000,2820000,25,0,0,58,4
Ca21chr1_C_albicans_SC5314,2830000,2830000,0,0,0,0,0
Ca21chr1_C_albicans_SC5314,2840000,2840000,0,0,0,0,0
Ca21chr1_C_albicans_SC5314,2850000,2850000,0,0,0,0,0
Ca21chr1_C_albicans_SC5314,2860000,2860000,22,0,0,61,0
Ca21chr1_C_albicans_SC5314,2870000,2870000,0,0,0,0,0
Ca21chr1_C_albicans_SC5314,2880000,2880000,0,0,0,0,0
Ca21chr1_C_albicans_SC5314,2890000,2890000,0,0,0,0,0
Ca21chr1_C_albicans_SC5314,2900000,2900000,70,0,0,13,1
Ca21chr1_C_albicans_SC5314,2910000,2910000,72,0,6,5,6
Ca21chr1_C_albicans_SC5314,2920000,2920000,0,0,0,0,0
Ca21chr1_C_albicans_SC5314,2930000,2930000,0,0,0,0,0
Ca21chr1_C_albicans_SC5314,2940000,2940000,0,0,0,0,0
Ca21chr1_C_albicans_SC5314,2950000,2950000,45,0,0,38,6
Ca21chr1_C_albicans_SC5314,2960000,2960000,0,0,0,0,0
Ca21chr1_C_albicans_SC5314,2970000,2970000,0,0,0,0,0
Ca21chr1_C_albicans_SC5314,2980000,2980000,0,0,0,0,0
Ca21chr1_C_albicans_SC5314,2990000,2990000,123,0,11,32,7
Ca21chr1_C_albicans_SC5314,3000000,3000000,0,0,0,0,0
Ca21chr1_C_albicans_SC5314,3010000,3010000,47,0,7,29,0
Ca21chr1_C_albicans_SC5314,3020000,3020000,179,1,10,59,9
Ca21chr1_C_albicans_SC5314,3030000,3030000,156,0,0,10,0
Ca21chr1_C_albicans_SC5314,3040000,3040000,0,0,0,0,0
Ca21chr1_C_albicans_SC5314,3050000,3050000,75,0,8,166,7
Ca21chr1_C_albicans_SC5314,3060000,3060000,146,0,14,6,0
Ca21chr1_C_albicans_SC5314,3070000,3070000,38,3,2,40,3
Ca21chr1_C_albicans_SC5314,3080000,3080000,0,0,0,0,0
Ca21chr1_C_albicans_SC5314,3090000,3090000,69,0,6,91,4
Ca21chr1_C_albicans_SC5314,3100000,3100000,64,0,7,95,1
Ca21chr1_C_albicans_SC5314,3110000,3110000,0,0,0,0,0
Ca21chr1_C_albicans_SC5314,3120000,3120000,0,0,0,0,0
Ca21chr1_C_albicans_SC5314,3130000,3130000,76,0,6,1,1
Ca21chr1_C_albicans_SC5314,3140000,3140000,0,0,0,0,0
Ca21chr1_C_albicans_SC5314,3150000,3150000,76,0,6,1,2
Ca21chr1_C_albicans_SC5314,3160000,3160000,0,0,0,0,0
Ca21chr1_C_albicans_SC5314,3170000,3170000,76,0,1,6,1
Ca21chr1_C_albicans_SC5314,3180000,3180000,0,0,0,0,0
Ca21chr2_C_albicans_SC5314,0,3195000,19,0,3,61,1
Ca21chr2_C_albicans_SC5314,10000,3205000,0,0,0,0,0
Ca21chr2_C_albicans_SC5314,20000,3215000,0,0,0,0,0
Ca21chr2_C_albicans_SC5314,30000,3225000,16,0,1,66,1
Ca21chr2_C_albicans_SC5314,40000,3235000,0,0,0,0,0
Ca21chr2_C_albicans_SC5314,50000,3245000,0,0,0,0,0
Ca21chr2_C_albicans_SC5314,60000,3255000,26,0,4,53,0
Ca21chr2_C_albicans_SC5314,70000,3265000,0,0,0,0,0
Ca21chr2_C_albicans_SC5314,80000,3275000,0,0,0,0,0
Ca21chr2_C_albicans_SC5314,90000,3285000,0,0,0,0,0
Ca21chr2_C_albicans_SC5314,100000,3295000,0,0,0,0,0
Ca21chr2_C_albicans_SC5314,110000,3305000,0,0,0,0,0
Ca21chr2_C_albicans_SC5314,120000,3315000,29,0,3,51,3
Ca21chr2_C_albicans_SC5314,130000,3325000,0,0,0,0,0
Ca21chr2_C_albicans_SC5314,140000,3335000,0,0,0,0,0
Ca21chr2_C_albicans_SC5314,150000,3345000,0,0,0,0,0
Ca21chr2_C_albicans_SC5314,160000,3355000,0,0,0,0,0
Ca21chr2_C_albicans_SC5314,170000,3365000,0,0,0,0,0
Ca21chr2_C_albicans_SC5314,180000,3375000,0,0,0,0,0
Ca21chr2_C_albicans_SC5314,190000,3385000,0,0,0,0,0
Ca21chr2_C_albicans_SC5314,200000,3395000,0,0,0,0,0
Ca21chr2_C_albicans_SC5314,210000,3405000,0,0,0,0,0
Ca21chr2_C_albicans_SC5314,220000,3415000,0,0,0,0,0
Ca21chr2_C_albicans_SC5314,230000,3425000,0,0,0,0,0
Ca21chr2_C_albicans_SC5314,240000,3435000,0,0,0,0,0
Ca21chr2_C_albicans_SC5314,250000,3445000,0,0,0,0,0
Ca21chr2_C_albicans_SC5314,260000,3455000,22,0,0,61,3
Ca21chr2_C_albicans_SC5314,270000,3465000,0,0,0,0,0
Ca21chr2_C_albicans_SC5314,280000,3475000,0,0,0,0,0
Ca21chr2_C_albicans_SC5314,290000,3485000,51,0,0,115,2
Ca21chr2_C_albicans_SC5314,300000,3495000,0,0,0,0,0
Ca21chr2_C_albicans_SC5314,310000,3505000,0,0,0,0,0
Ca21chr2_C_albicans_SC5314,320000,3515000,0,0,0,0,0
Ca21chr2_C_albicans_SC5314,330000,3525000,0,0,0,0,0
Ca21chr2_C_albicans_SC5314,340000,3535000,0,0,0,0,0
Ca21chr2_C_albicans_SC5314,350000,3545000,0,0,0,0,0
Ca21chr2_C_albicans_SC5314,360000,3555000,39,0,6,38,6
Ca21chr2_C_albicans_SC5314,370000,3565000,0,0,0,0,0
Ca21chr2_C_albicans_SC5314,380000,3575000,0,0,0,0,0
Ca21chr2_C_albicans_SC5314,390000,3585000,0,0,0,0,0
Ca21chr2_C_albicans_SC5314,400000,3595000,0,0,0,0,0
Ca21chr2_C_albicans_SC5314,410000,3605000,0,0,0,0,0
Ca21chr2_C_albicans_SC5314,420000,3615000,0,0,0,0,0
Ca21chr2_C_albicans_SC5314,430000,3625000,0,0,0,0,0
Ca21chr2_C_albicans_SC5314,440000,3635000,0,0,0,0,0
Ca21chr2_C_albicans_SC5314,450000,3645000,58,0,0,108,4
Ca21chr2_C_albicans_SC5314,460000,3655000,0,0,0,0,0
Ca21chr2_C_albicans_SC5314,470000,3665000,0,0,0,0,0
Ca21chr2_C_albicans_SC5314,480000,3675000,0,0,0,0,0
Ca21chr2_C_albicans_SC5314,490000,3685000,0,0,0,0,0
Ca21chr2_C_albicans_SC5314,500000,3695000,0,0,0,0,0
Ca21chr2_C_albicans_SC5314,510000,3705000,0,0,0,0,0
Ca21chr2_C_albicans_SC5314,520000,3715000,0,0,0,0,0
Ca21chr2_C_albicans_SC5314,530000,3725000,0,0,0,0,0
Ca21chr2_C_albicans_SC5314,540000,3735000,45,0,4,34,1
Ca21chr2_C_albicans_SC5314,550000,3745000,0,0,0,0,0
Ca21chr2_C_albicans_SC5314,560000,3755000,0,0,0,0,0
Ca21chr2_C_albicans_SC5314,570000,3765000,0,0,0,0,0
Ca21chr2_C_albicans_SC5314,580000,3775000,0,0,0,0,0
Ca21chr2_C_albicans_SC5314,590000,3785000,0,0,0,0,0
Ca21chr2_C_albicans_SC5314,600000,3795000,0,0,0,0,0
Ca21chr2_C_albicans_SC5314,610000,3805000,39,0,3,41,3
Ca21chr2_C_albicans_SC5314,620000,3815000,0,0,0,0,0
Ca21chr2_C_albicans_SC5314,630000,3825000,0,0,0,0,0
Ca21chr2_C_albicans_SC5314,640000,3835000,0,0,0,0,0
Ca21chr2_C_albicans_SC5314,650000,3845000,0,0,0,0,0
Ca21chr2_C_albicans_SC5314,660000,3855000,0,0,0,0,0
Ca21chr2_C_albicans_SC5314,670000,3865000,0,0,0,0,0
Ca21chr2_C_albicans_SC5314,680000,3875000,0,0,0,0,0
Ca21chr2_C_albicans_SC5314,690000,3885000,0,0,0,0,0
Ca21chr2_C_albicans_SC5314,700000,3895000,0,0,0,0,0
Ca21chr2_C_albicans_SC5314,710000,3905000,0,0,0,0,0
Ca21chr2_C_albicans_SC5314,720000,3915000,0,0,0,0,0
Ca21chr2_C_albicans_SC5314,730000,3925000,16,0,0,67,0
Ca21chr2_C_albicans_SC5314,740000,3935000,0,0,0,0,0
Ca21chr2_C_albicans_SC5314,750000,3945000,0,0,0,0,0
Ca21chr2_C_albicans_SC5314,760000,3955000,0,0,0,0,0
Ca21chr2_C_albicans_SC5314,770000,3965000,39,0,0,44,0
Ca21chr2_C_albicans_SC5314,780000,3975000,0,0,0,0,0
Ca21chr2_C_albicans_SC5314,790000,3985000,0,0,0,0,0
Ca21chr2_C_albicans_SC5314,800000,3995000,10,0,0,73,0
Ca21chr2_C_albicans_SC5314,810000,4005000,0,0,0,0,0
Ca21chr2_C_albicans_SC5314,820000,4015000,0,0,0,0,0
Ca21chr2_C_albicans_SC5314,830000,4025000,0,0,0,0,0
Ca21chr2_C_albicans_SC5314,840000,4035000,0,0,0,0,0
Ca21chr2_C_albicans_SC5314,850000,4045000,0,0,0,0,0
Ca21chr2_C_albicans_SC5314,860000,4055000,0,0,0,0,0
Ca21chr2_C_albicans_SC5314,870000,4065000,0,0,0,0,0
Ca21chr2_C_albicans_SC5314,880000,4075000,53,0,0,113,3
Ca21chr2_C_albicans_SC5314,890000,4085000,10,0,2,71,4
Ca21chr2_C_albicans_SC5314,900000,4095000,23,0,6,137,1
Ca21chr2_C_albicans_SC5314,910000,4105000,0,0,0,0,0
Ca21chr2_C_albicans_SC5314,920000,4115000,12,0,2,69,2
Ca21chr2_C_albicans_SC5314,930000,4125000,42,0,0,124,0
Ca21chr2_C_albicans_SC5314,940000,4135000,18,0,0,65,3
Ca21chr2_C_albicans_SC5314,950000,4145000,0,0,0,0,0
Ca21chr2_C_albicans_SC5314,960000,4155000,0,0,0,0,0
Ca21chr2_C_albicans_SC5314,970000,4165000,0,0,0,0,0
Ca21chr2_C_albicans_SC5314,980000,4175000,0,0,0,0,0
Ca21chr2_C_albicans_SC5314,990000,4185000,0,0,0,0,0
Ca21chr2_C_albicans_SC5314,1000000,4195000,0,0,0,0,0
Ca21chr2_C_albicans_SC5314,1010000,4205000,0,0,0,0,0
Ca21chr2_C_albicans_SC5314,1020000,4215000,0,0,0,0,0
Ca21chr2_C_albicans_SC5314,1030000,4225000,0,0,0,0,0
Ca21chr2_C_albicans_SC5314,1040000,4235000,0,0,0,0,0
Ca21chr2_C_albicans_SC5314,1050000,4245000,46,0,3,34,4
Ca21chr2_C_albicans_SC5314,1060000,4255000,0,0,0,0,0
Ca21chr2_C_albicans_SC5314,1070000,4265000,0,0,0,0,0
Ca21chr2_C_albicans_SC5314,1080000,4275000,17,0,0,66,0
Ca21chr2_C_albicans_SC5314,1090000,4285000,0,0,0,0,0
Ca21chr2_C_albicans_SC5314,1100000,4295000,0,0,0,0,0
Ca21chr2_C_albicans_SC5314,1110000,4305000,0,0,0,0,0
Ca21chr2_C_albicans_SC5314,1120000,4315000,0,0,0,0,0
Ca21chr2_C_albicans_SC5314,1130000,4325000,0,0,0,0,0
Ca21chr2_C_albicans_SC5314,1140000,4335000,0,0,0,0,0
Ca21chr2_C_albicans_SC5314,1150000,4345000,0,0,0,0,0
Ca21chr2_C_albicans_SC5314,1160000,4355000,0,0,0,0,0
Ca21chr2_C_albicans_SC5314,1170000,4365000,0,0,0,0,0
Ca21chr2_C_albicans_SC5314,1180000,4375000,0,0,0,0,0
Ca21chr2_C_albicans_SC5314,1190000,4385000,0,0,0,0,0
Ca21chr2_C_albicans_SC5314,1200000,4395000,0,0,0,0,0
Ca21chr2_C_albicans_SC5314,1210000,4405000,0,0,0,0,0
Ca21chr2_C_albicans_SC5314,1220000,4415000,0,0,0,0,0
Ca21chr2_C_albicans_SC5314,1230000,4425000,63,0,1,102,1
Ca21chr2_C_albicans_SC5314,1240000,4435000,0,0,0,0,0
Ca21chr2_C_albicans_SC5314,1250000,4445000,48,0,0,35,1
Ca21chr2_C_albicans_SC5314,1260000,4455000,0,0,0,0,0
Ca21chr2_C_albicans_SC5314,1270000,4465000,41,0,0,42,3
Ca21chr2_C_albicans_SC5314,1280000,4475000,0,0,0,0,0
Ca21chr2_C_albicans_SC5314,1290000,4485000,0,0,0,0,0
Ca21chr2_C_albicans_SC5314,1300000,4495000,0,0,0,0,0
Ca21chr2_C_albicans_SC5314,1310000,4505000,34,0,0,49,0
Ca21chr2_C_albicans_SC5314,1320000,4515000,0,0,0,0,0
Ca21chr2_C_albicans_SC5314,1330000,4525000,0,0,0,0,0
Ca21chr2_C_albicans_SC5314,1340000,4535000,16,1,3,63,2
Ca21chr2_C_albicans_SC5314,1350000,4545000,0,0,0,0,0
Ca21chr2_C_albicans_SC5314,1360000,4555000,0,0,0,0,0
Ca21chr2_C_albicans_SC5314,1370000,4565000,4,0,0,79,0
Ca21chr2_C_albicans_SC5314,1380000,4575000,47,0,0,119,2
Ca21chr2_C_albicans_SC5314,1390000,4585000,0,0,0,83,0
Ca21chr2_C_albicans_SC5314,1400000,4595000,0,0,0,0,0
Ca21chr2_C_albicans_SC5314,1410000,4605000,27,0,4,52,4
Ca21chr2_C_albicans_SC5314,1420000,4615000,0,0,0,0,0
Ca21chr2_C_albicans_SC5314,1430000,4625000,0,0,0,0,0
Ca21chr2_C_albicans_SC5314,1440000,4635000,0,0,0,0,0
Ca21chr2_C_albicans_SC5314,1450000,4645000,0,0,0,0,0
Ca21chr2_C_albicans_SC5314,1460000,4655000,0,0,0,0,0
Ca21chr2_C_albicans_SC5314,1470000,4665000,35,0,0,48,4
Ca21chr2_C_albicans_SC5314,1480000,4675000,0,0,0,0,0
Ca21chr2_C_albicans_SC5314,1490000,4685000,0,0,0,0,0
Ca21chr2_C_albicans_SC5314,1500000,4695000,0,0,0,0,0
Ca21chr2_C_albicans_SC5314,1510000,4705000,0,0,0,0,0
Ca21chr2_C_albicans_SC5314,1520000,4715000,0,0,0,0,0
Ca21chr2_C_albicans_SC5314,1530000,4725000,0,0,0,0,0
Ca21chr2_C_albicans_SC5314,1540000,4735000,0,0,0,0,0
Ca21chr2_C_albicans_SC5314,1550000,4745000,0,0,0,0,0
Ca21chr2_C_albicans_SC5314,1560000,4755000,9,0,3,71,3
Ca21chr2_C_albicans_SC5314,1570000,4765000,0,0,0,0,0
Ca21chr2_C_albicans_SC5314,1580000,4775000,0,0,0,0,0
Ca21chr2_C_albicans_SC5314,1590000,4785000,0,0,0,0,0
Ca21chr2_C_albicans_SC5314,1600000,4795000,0,0,0,0,0
Ca21chr2_C_albicans_SC5314,1610000,4805000,0,0,0,0,0
Ca21chr2_C_albicans_SC5314,1620000,4815000,0,0,0,0,0
Ca21chr2_C_albicans_SC5314,1630000,4825000,0,0,0,0,0
Ca21chr2_C_albicans_SC5314,1640000,4835000,0,0,0,0,0
Ca21chr2_C_albicans_SC5314,1650000,4845000,0,0,0,0,0
Ca21chr2_C_albicans_SC5314,1660000,4855000,0,0,0,0,0
Ca21chr2_C_albicans_SC5314,1670000,4865000,0,0,0,0,0
Ca21chr2_C_albicans_SC5314,1680000,4875000,24,0,0,59,3
Ca21chr2_C_albicans_SC5314,1690000,4885000,0,0,0,0,0
Ca21chr2_C_albicans_SC5314,1700000,4895000,0,0,0,0,0
Ca21chr2_C_albicans_SC5314,1710000,4905000,0,0,0,0,0
Ca21chr2_C_albicans_SC5314,1720000,4915000,0,0,0,0,0
Ca21chr2_C_albicans_SC5314,1730000,4925000,0,0,0,0,0
Ca21chr2_C_albicans_SC5314,1740000,4935000,0,0,0,0,0
Ca21chr2_C_albicans_SC5314,1750000,4945000,0,0,0,0,0
Ca21chr2_C_albicans_SC5314,1760000,4955000,0,0,0,0,0
Ca21chr2_C_albicans_SC5314,1770000,4965000,0,0,0,0,0
Ca21chr2_C_albicans_SC5314,1780000,4975000,16,0,0,67,0
Ca21chr2_C_albicans_SC5314,1790000,4985000,42,0,3,38,3
Ca21chr2_C_albicans_SC5314,1800000,4995000,0,0,0,0,0
Ca21chr2_C_albicans_SC5314,1810000,5005000,0,0,0,0,0
Ca21chr2_C_albicans_SC5314,1820000,5015000,0,0,0,0,0
Ca21chr2_C_albicans_SC5314,1830000,5025000,0,0,0,0,0
Ca21chr2_C_albicans_SC5314,1840000,5035000,0,0,0,0,0
Ca21chr2_C_albicans_SC5314,1850000,5045000,0,0,0,0,0
Ca21chr2_C_albicans_SC5314,1860000,5055000,0,0,0,0,0
Ca21chr2_C_albicans_SC5314,1870000,5065000,48,0,0,35,3
Ca21chr2_C_albicans_SC5314,1880000,5075000,27,0,3,136,0
Ca21chr2_C_albicans_SC5314,1890000,5085000,45,0,4,34,0
Ca21chr2_C_albicans_SC5314,1900000,5095000,0,0,0,0,0
Ca21chr2_C_albicans_SC5314,1910000,5105000,0,0,0,0,0
Ca21chr2_C_albicans_SC5314,1920000,5115000,0,0,0,0,0
Ca21chr2_C_albicans_SC5314,1930000,5125000,0,0,0,0,0
Ca21chr2_C_albicans_SC5314,1940000,5135000,0,0,0,0,0
Ca21chr2_C_albicans_SC5314,1950000,5145000,0,0,0,0,0
Ca21chr2_C_albicans_SC5314,1960000,5155000,0,0,0,0,0
Ca21chr2_C_albicans_SC5314,1970000,5165000,0,0,0,0,0
Ca21chr2_C_albicans_SC5314,1980000,5175000,0,0,0,0,0
Ca21chr2_C_albicans_SC5314,1990000,5185000,0,0,0,0,0
Ca21chr2_C_albicans_SC5314,2000000,5195000,0,0,0,0,0
Ca21chr2_C_albicans_SC5314,2010000,5205000,62,0,7,97,0
Ca21chr2_C_albicans_SC5314,2020000,5215000,108,0,3,138,7
Ca21chr2_C_albicans_SC5314,2030000,5225000,0,0,0,0,0
Ca21chr2_C_albicans_SC5314,2040000,5235000,0,0,0,0,0
Ca21chr2_C_albicans_SC5314,2050000,5245000,0,0,0,0,0
Ca21chr2_C_albicans_SC5314,2060000,5255000,0,0,0,0,0
Ca21chr2_C_albicans_SC5314,2070000,5265000,28,0,4,51,1
Ca21chr2_C_albicans_SC5314,2080000,5275000,0,0,0,0,0
Ca21chr2_C_albicans_SC5314,2090000,5285000,44,1,3,35,1
Ca21chr2_C_albicans_SC5314,2100000,5295000,0,0,0,0,0
Ca21chr2_C_albicans_SC5314,2110000,5305000,17,0,0,149,1
Ca21chr2_C_albicans_SC5314,2120000,5315000,0,0,0,0,0
Ca21chr2_C_albicans_SC5314,2130000,5325000,0,0,0,0,0
Ca21chr2_C_albicans_SC5314,2140000,5335000,0,0,0,0,0
Ca21chr2_C_albicans_SC5314,2150000,5345000,0,0,0,0,0
Ca21chr2_C_albicans_SC5314,2160000,5355000,0,0,0,0,0
Ca21chr2_C_albicans_SC5314,2170000,5365000,20,0,3,143,1
Ca21chr2_C_albicans_SC5314,2180000,5375000,0,0,0,0,0
Ca21chr2_C_albicans_SC5314,2190000,5385000,145,0,8,179,6
Ca21chr2_C_albicans_SC5314,2200000,5395000,0,0,0,0,0
Ca21chr2_C_albicans_SC5314,2210000,5405000,48,0,0,35,4
Ca21chr2_C_albicans_SC5314,2220000,5415000,67,0,8,91,4
Ca21chr2_C_albicans_SC5314,2230000,5425000,0,0,0,0,0
Ca21chr3_C_albicans_SC5314,0,5435000,0,0,0,0,0
Ca21chr3_C_albicans_SC5314,10000,5445000,81,0,0,2,0
Ca21chr3_C_albicans_SC5314,20000,5455000,0,0,0,0,0
Ca21chr3_C_albicans_SC5314,30000,5465000,82,0,0,1,0
Ca21chr3_C_albicans_SC5314,40000,5475000,82,0,0,84,7
Ca21chr3_C_albicans_SC5314,50000,5485000,0,0,0,0,0
Ca21chr3_C_albicans_SC5314,60000,5495000,347,0,13,55,7
Ca21chr3_C_albicans_SC5314,70000,5505000,0,0,0,0,0
Ca21chr3_C_albicans_SC5314,80000,5515000,0,0,0,0,0
Ca21chr3_C_albicans_SC5314,90000,5525000,0,0,0,0,0
Ca21chr3_C_albicans_SC5314,100000,5535000,0,0,0,0,0
Ca21chr3_C_albicans_SC5314,110000,5545000,0,0,0,0,0
Ca21chr3_C_albicans_SC5314,120000,5555000,50,0,0,116,0
Ca21chr3_C_albicans_SC5314,130000,5565000,0,0,0,0,0
Ca21chr3_C_albicans_SC5314,140000,5575000,0,0,0,0,0
Ca21chr3_C_albicans_SC5314,150000,5585000,0,0,0,0,0
Ca21chr3_C_albicans_SC5314,160000,5595000,82,0,0,1,4
Ca21chr3_C_albicans_SC5314,170000,5605000,0,0,0,0,0
Ca21chr3_C_albicans_SC5314,180000,5615000,0,0,0,0,0
Ca21chr3_C_albicans_SC5314,190000,5625000,0,0,0,0,0
Ca21chr3_C_albicans_SC5314,200000,5635000,0,0,0,0,0
Ca21chr3_C_albicans_SC5314,210000,5645000,0,0,0,0,0
Ca21chr3_C_albicans_SC5314,220000,5655000,0,0,0,0,0
Ca21chr3_C_albicans_SC5314,230000,5665000,21,0,0,62,3
Ca21chr3_C_albicans_SC5314,240000,5675000,0,0,0,0,0
Ca21chr3_C_albicans_SC5314,250000,5685000,59,1,6,17,1
Ca21chr3_C_albicans_SC5314,260000,5695000,0,0,0,0,0
Ca21chr3_C_albicans_SC5314,270000,5705000,0,0,0,0,0
Ca21chr3_C_albicans_SC5314,280000,5715000,65,0,7,11,7
Ca21chr3_C_albicans_SC5314,290000,5725000,0,0,0,0,0
Ca21chr3_C_albicans_SC5314,300000,5735000,0,0,0,0,0
Ca21chr3_C_albicans_SC5314,310000,5745000,0,0,0,0,0
Ca21chr3_C_albicans_SC5314,320000,5755000,0,0,0,0,0
Ca21chr3_C_albicans_SC5314,330000,5765000,0,0,0,0,0
Ca21chr3_C_albicans_SC5314,340000,5775000,0,0,0,0,0
Ca21chr3_C_albicans_SC5314,350000,5785000,0,0,0,0,0
Ca21chr3_C_albicans_SC5314,360000,5795000,0,0,0,0,0
Ca21chr3_C_albicans_SC5314,370000,5805000,0,0,0,0,0
Ca21chr3_C_albicans_SC5314,380000,5815000,81,0,0,2,7
Ca21chr3_C_albicans_SC5314,390000,5825000,46,0,7,30,7
Ca21chr3_C_albicans_SC5314,400000,5835000,0,0,0,0,0
Ca21chr3_C_albicans_SC5314,410000,5845000,0,0,0,0,0
Ca21chr3_C_albicans_SC5314,420000,5855000,0,0,0,0,0
Ca21chr3_C_albicans_SC5314,430000,5865000,152,0,5,92,10
Ca21chr3_C_albicans_SC5314,440000,5875000,0,0,0,0,0
Ca21chr3_C_albicans_SC5314,450000,5885000,0,0,0,0,0
Ca21chr3_C_albicans_SC5314,460000,5895000,0,0,0,0,0
Ca21chr3_C_albicans_SC5314,470000,5905000,160,0,0,6,2
Ca21chr3_C_albicans_SC5314,480000,5915000,17,0,0,66,0
Ca21chr3_C_albicans_SC5314,490000,5925000,0,0,0,0,0
Ca21chr3_C_albicans_SC5314,500000,5935000,23,0,0,60,0
Ca21chr3_C_albicans_SC5314,510000,5945000,0,0,0,0,0
Ca21chr3_C_albicans_SC5314,520000,5955000,0,0,0,0,0
Ca21chr3_C_albicans_SC5314,530000,5965000,82,0,0,84,5
Ca21chr3_C_albicans_SC5314,540000,5975000,0,0,0,0,0
Ca21chr3_C_albicans_SC5314,550000,5985000,0,0,0,83,0
Ca21chr3_C_albicans_SC5314,560000,5995000,0,0,0,0,0
Ca21chr3_C_albicans_SC5314,570000,6005000,0,0,0,0,0
Ca21chr3_C_albicans_SC5314,580000,6015000,141,1,6,101,7
Ca21chr3_C_albicans_SC5314,590000,6025000,84,0,0,82,0
Ca21chr3_C_albicans_SC5314,600000,6035000,0,0,0,0,0
Ca21chr3_C_albicans_SC5314,610000,6045000,0,0,0,0,0
Ca21chr3_C_albicans_SC5314,620000,6055000,82,0,0,1,7
Ca21chr3_C_albicans_SC5314,630000,6065000,0,0,0,0,0
Ca21chr3_C_albicans_SC5314,640000,6075000,0,0,0,0,0
Ca21chr3_C_albicans_SC5314,650000,6085000,75,0,7,1,4
Ca21chr3_C_albicans_SC5314,660000,6095000,0,0,0,0,0
Ca21chr3_C_albicans_SC5314,670000,6105000,0,0,0,0,0
Ca21chr3_C_albicans_SC5314,680000,6115000,0,0,0,0,0
Ca21chr3_C_albicans_SC5314,690000,6125000,0,0,0,0,0
Ca21chr3_C_albicans_SC5314,700000,6135000,0,0,0,0,0
Ca21chr3_C_albicans_SC5314,710000,6145000,0,0,0,0,0
Ca21chr3_C_albicans_SC5314,720000,6155000,0,0,0,0,0
Ca21chr3_C_albicans_SC5314,730000,6165000,0,0,0,0,0
Ca21chr3_C_albicans_SC5314,740000,6175000,123,0,11,32,7
Ca21chr3_C_albicans_SC5314,750000,6185000,0,0,0,0,0
Ca21chr3_C_albicans_SC5314,760000,6195000,0,0,0,0,0
Ca21chr3_C_albicans_SC5314,770000,6205000,0,0,0,0,0
Ca21chr3_C_albicans_SC5314,780000,6215000,0,0,0,0,0
Ca21chr3_C_albicans_SC5314,790000,6225000,0,0,0,0,0
Ca21chr3_C_albicans_SC5314,800000,6235000,0,0,0,0,0
Ca21chr3_C_albicans_SC5314,810000,6245000,0,0,0,0,0
Ca21chr3_C_albicans_SC5314,820000,6255000,0,0,0,0,0
Ca21chr3_C_albicans_SC5314,830000,6265000,0,0,0,83,0
Ca21chr3_C_albicans_SC5314,840000,6275000,0,0,0,0,0
Ca21chr3_C_albicans_SC5314,850000,6285000,0,0,0,0,0
Ca21chr3_C_albicans_SC5314,860000,6295000,0,0,0,0,0
Ca21chr3_C_albicans_SC5314,870000,6305000,0,0,0,0,0
Ca21chr3_C_albicans_SC5314,880000,6315000,0,0,0,0,0
Ca21chr3_C_albicans_SC5314,890000,6325000,0,0,0,0,0
Ca21chr3_C_albicans_SC5314,900000,6335000,23,0,0,60,23
Ca21chr3_C_albicans_SC5314,910000,6345000,0,0,0,0,0
Ca21chr3_C_albicans_SC5314,920000,6355000,40,0,0,43,17
Ca21chr3_C_albicans_SC5314,930000,6365000,94,0,0,72,23
Ca21chr3_C_albicans_SC5314,940000,6375000,0,0,0,0,0
Ca21chr3_C_albicans_SC5314,950000,6385000,0,0,0,0,0
Ca21chr3_C_albicans_SC5314,960000,6395000,0,0,0,0,0
Ca21chr3_C_albicans_SC5314,970000,6405000,0,0,0,0,0
Ca21chr3_C_albicans_SC5314,980000,6415000,56,0,6,270,10
Ca21chr3_C_albicans_SC5314,990000,6425000,0,0,0,0,0
Ca21chr3_C_albicans_SC5314,1000000,6435000,0,0,0,0,0
Ca21chr3_C_albicans_SC5314,1010000,6445000,0,0,0,0,0
Ca21chr3_C_albicans_SC5314,1020000,6455000,92,0,9,65,19
Ca21chr3_C_albicans_SC5314,1030000,6465000,0,0,0,0,0
Ca21chr3_C_albicans_SC5314,1040000,6475000,49,0,4,30,4
Ca21chr3_C_albicans_SC5314,1050000,6485000,0,0,0,0,0
Ca21chr3_C_albicans_SC5314,1060000,6495000,62,1,6,14,6
Ca21chr3_C_albicans_SC5314,1070000,6505000,0,0,0,0,0
Ca21chr3_C_albicans_SC5314,1080000,6515000,77,0,0,6,7
Ca21chr3_C_albicans_SC5314,1090000,6525000,0,0,0,0,0
Ca21chr3_C_albicans_SC5314,1100000,6535000,89,0,7,70,11
Ca21chr3_C_albicans_SC5314,1110000,6545000,0,0,0,0,0
Ca21chr3_C_albicans_SC5314,1120000,6555000,0,0,0,0,0
Ca21chr3_C_albicans_SC5314,1130000,6565000,0,0,0,0,0
Ca21chr3_C_albicans_SC5314,1140000,6575000,0,0,0,0,0
Ca21chr3_C_albicans_SC5314,1150000,6585000,0,0,0,0,0
Ca21chr3_C_albicans_SC5314,1160000,6595000,0,0,0,0,0
Ca21chr3_C_albicans_SC5314,1170000,6605000,0,0,0,0,0
Ca21chr3_C_albicans_SC5314,1180000,6615000,90,0,3,73,1
Ca21chr3_C_albicans_SC5314,1190000,6625000,0,0,0,0,0
Ca21chr3_C_albicans_SC5314,1200000,6635000,15,0,3,65,2
Ca21chr3_C_albicans_SC5314,1210000,6645000,0,0,0,0,0
Ca21chr3_C_albicans_SC5314,1220000,6655000,0,0,2,81,1
Ca21chr3_C_albicans_SC5314,1230000,6665000,0,0,0,0,0
Ca21chr3_C_albicans_SC5314,1240000,6675000,0,0,0,0,0
Ca21chr3_C_albicans_SC5314,1250000,6685000,76,0,3,4,1
Ca21chr3_C_albicans_SC5314,1260000,6695000,152,0,11,3,4
Ca21chr3_C_albicans_SC5314,1270000,6705000,74,0,7,2,3
Ca21chr3_C_albicans_SC5314,1280000,6715000,0,0,0,0,0
Ca21chr3_C_albicans_SC5314,1290000,6725000,82,0,0,1,7
Ca21chr3_C_albicans_SC5314,1300000,6735000,0,0,0,0,0
Ca21chr3_C_albicans_SC5314,1310000,6745000,28,0,6,132,6
Ca21chr3_C_albicans_SC5314,1320000,6755000,0,0,0,0,0
Ca21chr3_C_albicans_SC5314,1330000,6765000,0,0,0,0,0
Ca21chr3_C_albicans_SC5314,1340000,6775000,0,0,0,0,0
Ca21chr3_C_albicans_SC5314,1350000,6785000,0,0,0,0,0
Ca21chr3_C_albicans_SC5314,1360000,6795000,0,0,0,0,0
Ca21chr3_C_albicans_SC5314,1370000,6805000,0,0,0,0,0
Ca21chr3_C_albicans_SC5314,1380000,6815000,0,0,0,0,0
Ca21chr3_C_albicans_SC5314,1390000,6825000,0,0,0,0,0
Ca21chr3_C_albicans_SC5314,1400000,6835000,0,0,0,0,0
Ca21chr3_C_albicans_SC5314,1410000,6845000,0,0,0,0,0
Ca21chr3_C_albicans_SC5314,1420000,6855000,82,0,0,1,6
Ca21chr3_C_albicans_SC5314,1430000,6865000,0,0,0,0,0
Ca21chr3_C_albicans_SC5314,1440000,6875000,0,0,0,0,0
Ca21chr3_C_albicans_SC5314,1450000,6885000,0,0,0,0,0
Ca21chr3_C_albicans_SC5314,1460000,6895000,77,0,5,1,5
Ca21chr3_C_albicans_SC5314,1470000,6905000,82,0,0,1,5
Ca21chr3_C_albicans_SC5314,1480000,6915000,0,0,0,0,0
Ca21chr3_C_albicans_SC5314,1490000,6925000,0,0,0,0,0
Ca21chr3_C_albicans_SC5314,1500000,6935000,10,0,0,73,0
Ca21chr3_C_albicans_SC5314,1510000,6945000,0,0,0,0,0
Ca21chr3_C_albicans_SC5314,1520000,6955000,0,0,0,0,0
Ca21chr3_C_albicans_SC5314,1530000,6965000,0,0,0,0,0
Ca21chr3_C_albicans_SC5314,1540000,6975000,0,0,0,0,0
Ca21chr3_C_albicans_SC5314,1550000,6985000,0,0,0,0,0
Ca21chr3_C_albicans_SC5314,1560000,6995000,72,0,0,11,0
Ca21chr3_C_albicans_SC5314,1570000,7005000,0,0,0,0,0
Ca21chr3_C_albicans_SC5314,1580000,7015000,73,0,1,9,1
Ca21chr3_C_albicans_SC5314,1590000,7025000,81,0,0,2,1
Ca21chr3_C_albicans_SC5314,1600000,7035000,154,0,4,8,8
Ca21chr3_C_albicans_SC5314,1610000,7045000,150,0,13,3,8
Ca21chr3_C_albicans_SC5314,1620000,7055000,0,0,0,0,0
Ca21chr3_C_albicans_SC5314,1630000,7065000,114,0,13,205,4
Ca21chr3_C_albicans_SC5314,1640000,7075000,40,0,0,43,3
Ca21chr3_C_albicans_SC5314,1650000,7085000,0,0,0,0,0
Ca21chr3_C_albicans_SC5314,1660000,7095000,0,0,0,0,0
Ca21chr3_C_albicans_SC5314,1670000,7105000,52,0,5,26,4
Ca21chr3_C_albicans_SC5314,1680000,7115000,75,0,7,1,2
Ca21chr3_C_albicans_SC5314,1690000,7125000,1,0,0,82,0
Ca21chr3_C_albicans_SC5314,1700000,7135000,78,0,4,1,3
Ca21chr3_C_albicans_SC5314,1710000,7145000,75,0,7,1,3
Ca21chr3_C_albicans_SC5314,1720000,7155000,67,0,0,16,6
Ca21chr3_C_albicans_SC5314,1730000,7165000,75,0,0,8,0
Ca21chr3_C_albicans_SC5314,1740000,7175000,0,0,0,0,0
Ca21chr3_C_albicans_SC5314,1750000,7185000,0,0,0,0,0
Ca21chr3_C_albicans_SC5314,1760000,7195000,0,0,0,0,0
Ca21chr3_C_albicans_SC5314,1770000,7205000,0,0,0,0,0
Ca21chr3_C_albicans_SC5314,1780000,7215000,145,0,7,14,7
Ca21chr3_C_albicans_SC5314,1790000,7225000,0,0,0,0,0
Ca21chr4_C_albicans_SC5314,0,7240000,0,0,0,0,0
Ca21chr4_C_albicans_SC5314,10000,7250000,0,0,0,0,0
Ca21chr4_C_albicans_SC5314,20000,7260000,0,0,0,0,0
Ca21chr4_C_albicans_SC5314,30000,7270000,0,0,0,0,0
Ca21chr4_C_albicans_SC5314,40000,7280000,0,0,0,0,0
Ca21chr4_C_albicans_SC5314,50000,7290000,0,0,0,0,0
Ca21chr4_C_albicans_SC5314,60000,7300000,0,0,0,0,0
Ca21chr4_C_albicans_SC5314,70000,7310000,0,0,0,0,0
Ca21chr4_C_albicans_SC5314,80000,7320000,0,0,0,0,0
Ca21chr4_C_albicans_SC5314,90000,7330000,0,0,0,0,0
Ca21chr4_C_albicans_SC5314,100000,7340000,0,0,0,0,0
Ca21chr4_C_albicans_SC5314,110000,7350000,0,0,0,0,0
Ca21chr4_C_albicans_SC5314,120000,7360000,0,0,0,0,0
Ca21chr4_C_albicans_SC5314,130000,7370000,0,0,0,0,0
Ca21chr4_C_albicans_SC5314,140000,7380000,0,0,0,0,0
Ca21chr4_C_albicans_SC5314,150000,7390000,0,0,0,0,0
Ca21chr4_C_albicans_SC5314,160000,7400000,0,0,0,0,0
Ca21chr4_C_albicans_SC5314,170000,7410000,6,0,0,77,0
Ca21chr4_C_albicans_SC5314,180000,7420000,0,0,0,0,0
Ca21chr4_C_albicans_SC5314,190000,7430000,0,0,0,0,0
Ca21chr4_C_albicans_SC5314,200000,7440000,0,0,0,0,0
Ca21chr4_C_albicans_SC5314,210000,7450000,0,0,0,0,0
Ca21chr4_C_albicans_SC5314,220000,7460000,145,1,9,94,13
Ca21chr4_C_albicans_SC5314,230000,7470000,0,0,0,0,0
Ca21chr4_C_albicans_SC5314,240000,7480000,0,0,0,0,0
Ca21chr4_C_albicans_SC5314,250000,7490000,0,0,0,0,0
Ca21chr4_C_albicans_SC5314,260000,7500000,0,0,0,0,0
Ca21chr4_C_albicans_SC5314,270000,7510000,0,0,0,0,0
Ca21chr4_C_albicans_SC5314,280000,7520000,0,0,0,0,0
Ca21chr4_C_albicans_SC5314,290000,7530000,0,0,0,0,0
Ca21chr4_C_albicans_SC5314,300000,7540000,0,0,0,0,0
Ca21chr4_C_albicans_SC5314,310000,7550000,0,0,0,0,0
Ca21chr4_C_albicans_SC5314,320000,7560000,0,0,0,0,0
Ca21chr4_C_albicans_SC5314,330000,7570000,111,1,10,44,9
Ca21chr4_C_albicans_SC5314,340000,7580000,0,0,0,0,0
Ca21chr4_C_albicans_SC5314,350000,7590000,81,0,0,85,6
Ca21chr4_C_albicans_SC5314,360000,7600000,60,0,8,98,2
Ca21chr4_C_albicans_SC5314,370000,7610000,3,0,0,80,0
Ca21chr4_C_albicans_SC5314,380000,7620000,58,0,3,105,7
Ca21chr4_C_albicans_SC5314,390000,7630000,0,0,0,0,0
Ca21chr4_C_albicans_SC5314,400000,7640000,75,0,0,8,0
Ca21chr4_C_albicans_SC5314,410000,7650000,21,0,0,62,1
Ca21chr4_C_albicans_SC5314,420000,7660000,0,0,0,0,0
Ca21chr4_C_albicans_SC5314,430000,7670000,0,0,0,0,0
Ca21chr4_C_albicans_SC5314,440000,7680000,0,0,0,0,0
Ca21chr4_C_albicans_SC5314,450000,7690000,0,0,0,0,0
Ca21chr4_C_albicans_SC5314,460000,7700000,0,0,0,0,0
Ca21chr4_C_albicans_SC5314,470000,7710000,0,0,0,0,0
Ca21chr4_C_albicans_SC5314,480000,7720000,172,0,9,68,11
Ca21chr4_C_albicans_SC5314,490000,7730000,0,0,0,0,0
Ca21chr4_C_albicans_SC5314,500000,7740000,0,0,0,0,0
Ca21chr4_C_albicans_SC5314,510000,7750000,0,0,0,0,0
Ca21chr4_C_albicans_SC5314,520000,7760000,120,0,5,41,6
Ca21chr4_C_albicans_SC5314,530000,7770000,0,0,0,0,0
Ca21chr4_C_albicans_SC5314,540000,7780000,0,0,0,0,0
Ca21chr4_C_albicans_SC5314,550000,7790000,17,0,3,63,1
Ca21chr4_C_albicans_SC5314,560000,7800000,0,0,0,0,0
Ca21chr4_C_albicans_SC5314,570000,7810000,66,0,6,11,1
Ca21chr4_C_albicans_SC5314,580000,7820000,0,0,0,0,0
Ca21chr4_C_albicans_SC5314,590000,7830000,0,0,0,0,0
Ca21chr4_C_albicans_SC5314,600000,7840000,0,0,0,166,0
Ca21chr4_C_albicans_SC5314,610000,7850000,0,0,0,0,0
Ca21chr4_C_albicans_SC5314,620000,7860000,40,0,4,39,4
Ca21chr4_C_albicans_SC5314,630000,7870000,0,0,0,0,0
Ca21chr4_C_albicans_SC5314,640000,7880000,0,0,0,0,0
Ca21chr4_C_albicans_SC5314,650000,7890000,0,0,0,0,0
Ca21chr4_C_albicans_SC5314,660000,7900000,0,0,0,0,0
Ca21chr4_C_albicans_SC5314,670000,7910000,52,0,0,31,4
Ca21chr4_C_albicans_SC5314,680000,7920000,7,4,1,71,5
Ca21chr4_C_albicans_SC5314,690000,7930000,0,0,0,0,0
Ca21chr4_C_albicans_SC5314,700000,7940000,80,0,0,3,0
Ca21chr4_C_albicans_SC5314,710000,7950000,0,0,0,0,0
Ca21chr4_C_albicans_SC5314,720000,7960000,0,0,0,0,0
Ca21chr4_C_albicans_SC5314,730000,7970000,0,0,0,0,0
Ca21chr4_C_albicans_SC5314,740000,7980000,34,0,0,49,3
Ca21chr4_C_albicans_SC5314,750000,7990000,0,0,0,0,0
Ca21chr4_C_albicans_SC5314,760000,8000000,34,0,1,48,0
Ca21chr4_C_albicans_SC5314,770000,8010000,0,0,0,0,0
Ca21chr4_C_albicans_SC5314,780000,8020000,79,0,3,84,1
Ca21chr4_C_albicans_SC5314,790000,8030000,0,0,0,0,0
Ca21chr4_C_albicans_SC5314,800000,8040000,0,0,0,0,0
Ca21chr4_C_albicans_SC5314,810000,8050000,0,0,0,0,0
Ca21chr4_C_albicans_SC5314,820000,8060000,0,0,0,0,0
Ca21chr4_C_albicans_SC5314,830000,8070000,0,0,0,0,0
Ca21chr4_C_albicans_SC5314,840000,8080000,0,0,0,0,0
Ca21chr4_C_albicans_SC5314,850000,8090000,66,0,2,15,3
Ca21chr4_C_albicans_SC5314,860000,8100000,137,0,12,17,6
Ca21chr4_C_albicans_SC5314,870000,8110000,0,0,0,0,0
Ca21chr4_C_albicans_SC5314,880000,8120000,47,0,0,36,0
Ca21chr4_C_albicans_SC5314,890000,8130000,80,0,0,3,0
Ca21chr4_C_albicans_SC5314,900000,8140000,81,0,0,2,0
Ca21chr4_C_albicans_SC5314,910000,8150000,0,0,0,0,0
Ca21chr4_C_albicans_SC5314,920000,8160000,0,0,0,0,0
Ca21chr4_C_albicans_SC5314,930000,8170000,0,0,0,0,0
Ca21chr4_C_albicans_SC5314,940000,8180000,90,0,2,74,4
Ca21chr4_C_albicans_SC5314,950000,8190000,99,0,0,67,40
Ca21chr4_C_albicans_SC5314,960000,8200000,38,0,5,40,17
Ca21chr4_C_albicans_SC5314,970000,8210000,23,0,4,56,0
Ca21chr4_C_albicans_SC5314,980000,8220000,0,0,0,0,0
Ca21chr4_C_albicans_SC5314,990000,8230000,0,0,0,83,0
Ca21chr4_C_albicans_SC5314,1000000,8240000,73,0,6,4,79
Ca21chr4_C_albicans_SC5314,1010000,8250000,0,0,0,0,0
Ca21chr4_C_albicans_SC5314,1020000,8260000,0,0,0,0,0
Ca21chr4_C_albicans_SC5314,1030000,8270000,0,0,0,0,0
Ca21chr4_C_albicans_SC5314,1040000,8280000,0,0,0,0,0
Ca21chr4_C_albicans_SC5314,1050000,8290000,0,0,0,0,0
Ca21chr4_C_albicans_SC5314,1060000,8300000,0,0,0,0,0
Ca21chr4_C_albicans_SC5314,1070000,8310000,0,0,0,0,0
Ca21chr4_C_albicans_SC5314,1080000,8320000,54,0,0,29,5
Ca21chr4_C_albicans_SC5314,1090000,8330000,0,0,0,0,0
Ca21chr4_C_albicans_SC5314,1100000,8340000,0,0,0,0,0
Ca21chr4_C_albicans_SC5314,1110000,8350000,80,0,0,3,2
Ca21chr4_C_albicans_SC5314,1120000,8360000,0,0,0,0,0
Ca21chr4_C_albicans_SC5314,1130000,8370000,0,0,0,0,0
Ca21chr4_C_albicans_SC5314,1140000,8380000,0,0,0,0,0
Ca21chr4_C_albicans_SC5314,1150000,8390000,31,0,0,52,0
Ca21chr4_C_albicans_SC5314,1160000,8400000,95,0,6,65,8
Ca21chr4_C_albicans_SC5314,1170000,8410000,0,0,0,0,0
Ca21chr4_C_albicans_SC5314,1180000,8420000,0,0,0,0,0
Ca21chr4_C_albicans_SC5314,1190000,8430000,61,0,0,22,0
Ca21chr4_C_albicans_SC5314,1200000,8440000,0,0,0,0,0
Ca21chr4_C_albicans_SC5314,1210000,8450000,0,0,0,0,0
Ca21chr4_C_albicans_SC5314,1220000,8460000,0,0,0,0,0
Ca21chr4_C_albicans_SC5314,1230000,8470000,0,0,0,0,0
Ca21chr4_C_albicans_SC5314,1240000,8480000,0,0,0,0,0
Ca21chr4_C_albicans_SC5314,1250000,8490000,0,0,0,0,0
Ca21chr4_C_albicans_SC5314,1260000,8500000,0,0,0,0,0
Ca21chr4_C_albicans_SC5314,1270000,8510000,39,0,3,41,2
Ca21chr4_C_albicans_SC5314,1280000,8520000,20,0,0,63,1
Ca21chr4_C_albicans_SC5314,1290000,8530000,11,0,1,71,0
Ca21chr4_C_albicans_SC5314,1300000,8540000,0,0,0,0,0
Ca21chr4_C_albicans_SC5314,1310000,8550000,37,0,0,46,3
Ca21chr4_C_albicans_SC5314,1320000,8560000,0,0,0,0,0
Ca21chr4_C_albicans_SC5314,1330000,8570000,0,0,0,0,0
Ca21chr4_C_albicans_SC5314,1340000,8580000,81,0,0,2,1
Ca21chr4_C_albicans_SC5314,1350000,8590000,42,0,0,41,0
Ca21chr4_C_albicans_SC5314,1360000,8600000,0,0,0,0,0
Ca21chr4_C_albicans_SC5314,1370000,8610000,161,0,0,5,0
Ca21chr4_C_albicans_SC5314,1380000,8620000,81,0,0,2,0
Ca21chr4_C_albicans_SC5314,1390000,8630000,0,0,0,0,0
Ca21chr4_C_albicans_SC5314,1400000,8640000,75,0,6,2,6
Ca21chr4_C_albicans_SC5314,1410000,8650000,0,0,0,0,0
Ca21chr4_C_albicans_SC5314,1420000,8660000,77,0,4,2,2
Ca21chr4_C_albicans_SC5314,1430000,8670000,0,0,0,0,0
Ca21chr4_C_albicans_SC5314,1440000,8680000,0,0,0,0,0
Ca21chr4_C_albicans_SC5314,1450000,8690000,59,0,0,24,4
Ca21chr4_C_albicans_SC5314,1460000,8700000,0,0,0,0,0
Ca21chr4_C_albicans_SC5314,1470000,8710000,75,0,0,8,0
Ca21chr4_C_albicans_SC5314,1480000,8720000,0,0,0,0,0
Ca21chr4_C_albicans_SC5314,1490000,8730000,0,0,0,0,0
Ca21chr4_C_albicans_SC5314,1500000,8740000,0,0,0,0,0
Ca21chr4_C_albicans_SC5314,1510000,8750000,0,0,0,0,0
Ca21chr4_C_albicans_SC5314,1520000,8760000,81,0,0,2,0
Ca21chr4_C_albicans_SC5314,1530000,8770000,0,0,0,0,0
Ca21chr4_C_albicans_SC5314,1540000,8780000,0,0,0,0,0
Ca21chr4_C_albicans_SC5314,1550000,8790000,0,0,0,0,0
Ca21chr4_C_albicans_SC5314,1560000,8800000,139,0,5,22,6
Ca21chr4_C_albicans_SC5314,1570000,8810000,0,0,0,0,0
Ca21chr4_C_albicans_SC5314,1580000,8820000,177,0,11,61,11
Ca21chr4_C_albicans_SC5314,1590000,8830000,0,0,0,0,0
Ca21chr4_C_albicans_SC5314,1600000,8840000,0,0,0,0,0
Ca21chr5_C_albicans_SC5314,0,8850000,150,0,6,10,13
Ca21chr5_C_albicans_SC5314,10000,8860000,2,0,0,81,0
Ca21chr5_C_albicans_SC5314,20000,8870000,55,0,7,21,0
Ca21chr5_C_albicans_SC5314,30000,8880000,0,0,0,0,0
Ca21chr5_C_albicans_SC5314,40000,8890000,75,0,7,1,7
Ca21chr5_C_albicans_SC5314,50000,8900000,0,0,0,0,0
Ca21chr5_C_albicans_SC5314,60000,8910000,222,0,7,186,12
Ca21chr5_C_albicans_SC5314,70000,8920000,135,0,7,24,10
Ca21chr5_C_albicans_SC5314,80000,8930000,79,0,2,85,2
Ca21chr5_C_albicans_SC5314,90000,8940000,0,0,0,0,0
Ca21chr5_C_albicans_SC5314,100000,8950000,204,0,5,123,10
Ca21chr5_C_albicans_SC5314,110000,8960000,44,0,0,39,0
Ca21chr5_C_albicans_SC5314,120000,8970000,0,0,0,0,0
Ca21chr5_C_albicans_SC5314,130000,8980000,0,0,0,0,0
Ca21chr5_C_albicans_SC5314,140000,8990000,128,0,0,38,0
Ca21chr5_C_albicans_SC5314,150000,9000000,70,0,0,13,0
Ca21chr5_C_albicans_SC5314,160000,9010000,45,0,0,38,0
Ca21chr5_C_albicans_SC5314,170000,9020000,81,0,0,2,0
Ca21chr5_C_albicans_SC5314,180000,9030000,79,0,0,87,0
Ca21chr5_C_albicans_SC5314,190000,9040000,8,0,0,75,1
Ca21chr5_C_albicans_SC5314,200000,9050000,0,0,0,0,0
Ca21chr5_C_albicans_SC5314,210000,9060000,18,0,1,64,1
Ca21chr5_C_albicans_SC5314,220000,9070000,82,0,0,84,1
Ca21chr5_C_albicans_SC5314,230000,9080000,0,0,0,0,0
Ca21chr5_C_albicans_SC5314,240000,9090000,36,0,0,47,3
Ca21chr5_C_albicans_SC5314,250000,9100000,47,0,3,33,3
Ca21chr5_C_albicans_SC5314,260000,9110000,29,0,0,54,0
Ca21chr5_C_albicans_SC5314,270000,9120000,138,0,1,27,5
Ca21chr5_C_albicans_SC5314,280000,9130000,2,0,0,81,0
Ca21chr5_C_albicans_SC5314,290000,9140000,60,0,0,23,1
Ca21chr5_C_albicans_SC5314,300000,9150000,0,0,0,0,0
Ca21chr5_C_albicans_SC5314,310000,9160000,0,0,0,0,0
Ca21chr5_C_albicans_SC5314,320000,9170000,59,0,5,19,5
Ca21chr5_C_albicans_SC5314,330000,9180000,0,0,0,0,0
Ca21chr5_C_albicans_SC5314,340000,9190000,0,0,0,0,0
Ca21chr5_C_albicans_SC5314,350000,9200000,0,0,0,0,0
Ca21chr5_C_albicans_SC5314,360000,9210000,156,0,0,10,4
Ca21chr5_C_albicans_SC5314,370000,9220000,13,0,0,70,1
Ca21chr5_C_albicans_SC5314,380000,9230000,69,0,4,10,3
Ca21chr5_C_albicans_SC5314,390000,9240000,4,0,0,245,4
Ca21chr5_C_albicans_SC5314,400000,9250000,0,0,0,0,0
Ca21chr5_C_albicans_SC5314,410000,9260000,82,0,6,78,39
Ca21chr5_C_albicans_SC5314,420000,9270000,80,0,12,157,19
Ca21chr5_C_albicans_SC5314,430000,9280000,0,0,0,0,0
Ca21chr5_C_albicans_SC5314,440000,9290000,0,0,0,0,0
Ca21chr5_C_albicans_SC5314,450000,9300000,0,0,0,0,0
Ca21chr5_C_albicans_SC5314,460000,9310000,0,0,0,0,0
Ca21chr5_C_albicans_SC5314,470000,9320000,0,0,0,0,0
Ca21chr5_C_albicans_SC5314,480000,9330000,0,0,0,0,0
Ca21chr5_C_albicans_SC5314,490000,9340000,0,0,0,0,0
Ca21chr5_C_albicans_SC5314,500000,9350000,76,0,6,84,4
Ca21chr5_C_albicans_SC5314,510000,9360000,0,0,0,0,0
Ca21chr5_C_albicans_SC5314,520000,9370000,42,1,5,35,7
Ca21chr5_C_albicans_SC5314,530000,9380000,60,0,3,20,17
Ca21chr5_C_albicans_SC5314,540000,9390000,0,0,0,0,0
Ca21chr5_C_albicans_SC5314,550000,9400000,97,0,0,69,10
Ca21chr5_C_albicans_SC5314,560000,9410000,0,0,0,0,0
Ca21chr5_C_albicans_SC5314,570000,9420000,126,0,0,40,3
Ca21chr5_C_albicans_SC5314,580000,9430000,0,0,0,83,0
Ca21chr5_C_albicans_SC5314,590000,9440000,0,0,0,0,0
Ca21chr5_C_albicans_SC5314,600000,9450000,0,0,0,0,0
Ca21chr5_C_albicans_SC5314,610000,9460000,0,0,0,0,0
Ca21chr5_C_albicans_SC5314,620000,9470000,0,0,0,0,0
Ca21chr5_C_albicans_SC5314,630000,9480000,0,0,0,0,0
Ca21chr5_C_albicans_SC5314,640000,9490000,0,0,0,0,0
Ca21chr5_C_albicans_SC5314,650000,9500000,65,0,0,18,0
Ca21chr5_C_albicans_SC5314,660000,9510000,0,0,0,0,0
Ca21chr5_C_albicans_SC5314,670000,9520000,0,0,0,0,0
Ca21chr5_C_albicans_SC5314,680000,9530000,42,0,0,41,0
Ca21chr5_C_albicans_SC5314,690000,9540000,0,0,0,0,0
Ca21chr5_C_albicans_SC5314,700000,9550000,0,0,0,0,0
Ca21chr5_C_albicans_SC5314,710000,9560000,13,0,0,70,0
Ca21chr5_C_albicans_SC5314,720000,9570000,0,0,0,0,0
Ca21chr5_C_albicans_SC5314,730000,9580000,72,0,0,11,0
Ca21chr5_C_albicans_SC5314,740000,9590000,153,0,7,6,14
Ca21chr5_C_albicans_SC5314,750000,9600000,0,0,0,0,0
Ca21chr5_C_albicans_SC5314,760000,9610000,0,0,0,0,0
Ca21chr5_C_albicans_SC5314,770000,9620000,68,0,3,95,3
Ca21chr5_C_albicans_SC5314,780000,9630000,98,5,5,58,7
Ca21chr5_C_albicans_SC5314,790000,9640000,0,0,0,0,0
Ca21chr5_C_albicans_SC5314,800000,9650000,229,0,13,7,11
Ca21chr5_C_albicans_SC5314,810000,9660000,72,0,6,5,1
Ca21chr5_C_albicans_SC5314,820000,9670000,52,0,0,31,0
Ca21chr5_C_albicans_SC5314,830000,9680000,0,0,0,0,0
Ca21chr5_C_albicans_SC5314,840000,9690000,0,0,0,0,0
Ca21chr5_C_albicans_SC5314,850000,9700000,34,0,0,132,6
Ca21chr5_C_albicans_SC5314,860000,9710000,76,0,6,1,6
Ca21chr5_C_albicans_SC5314,870000,9720000,0,0,0,0,0
Ca21chr5_C_albicans_SC5314,880000,9730000,0,0,0,83,0
Ca21chr5_C_albicans_SC5314,890000,9740000,0,0,0,0,0
Ca21chr5_C_albicans_SC5314,900000,9750000,0,0,0,0,0
Ca21chr5_C_albicans_SC5314,910000,9760000,82,0,0,1,6
Ca21chr5_C_albicans_SC5314,920000,9770000,0,0,0,0,0
Ca21chr5_C_albicans_SC5314,930000,9780000,0,0,0,0,0
Ca21chr5_C_albicans_SC5314,940000,9790000,153,0,3,10,6
Ca21chr5_C_albicans_SC5314,950000,9800000,0,0,0,0,0
Ca21chr5_C_albicans_SC5314,960000,9810000,0,0,0,0,0
Ca21chr5_C_albicans_SC5314,970000,9820000,164,0,0,2,0
Ca21chr5_C_albicans_SC5314,980000,9830000,75,0,0,8,0
Ca21chr5_C_albicans_SC5314,990000,9840000,0,0,0,0,0
Ca21chr5_C_albicans_SC5314,1000000,9850000,81,0,0,2,0
Ca21chr5_C_albicans_SC5314,1010000,9860000,0,0,0,0,0
Ca21chr5_C_albicans_SC5314,1020000,9870000,0,0,0,0,0
Ca21chr5_C_albicans_SC5314,1030000,9880000,0,0,0,0,0
Ca21chr5_C_albicans_SC5314,1040000,9890000,134,0,3,112,5
Ca21chr5_C_albicans_SC5314,1050000,9900000,156,0,7,3,13
Ca21chr5_C_albicans_SC5314,1060000,9910000,0,0,0,0,0
Ca21chr5_C_albicans_SC5314,1070000,9920000,82,0,0,1,0
Ca21chr5_C_albicans_SC5314,1080000,9930000,0,0,0,0,0
Ca21chr5_C_albicans_SC5314,1090000,9940000,159,0,4,3,4
Ca21chr5_C_albicans_SC5314,1100000,9950000,5,0,0,78,0
Ca21chr5_C_albicans_SC5314,1110000,9960000,207,0,13,29,11
Ca21chr5_C_albicans_SC5314,1120000,9970000,50,0,0,33,5
Ca21chr5_C_albicans_SC5314,1130000,9980000,0,0,0,0,0
Ca21chr5_C_albicans_SC5314,1140000,9990000,0,0,0,0,0
Ca21chr5_C_albicans_SC5314,1150000,10000000,0,0,0,0,0
Ca21chr5_C_albicans_SC5314,1160000,10010000,0,0,0,0,0
Ca21chr5_C_albicans_SC5314,1170000,10020000,54,0,0,29,2
Ca21chr5_C_albicans_SC5314,1180000,10030000,0,0,0,0,0
Ca21chr5_C_albicans_SC5314,1190000,10040000,0,0,0,0,0
Ca21chr6_C_albicans_SC5314,0,10050000,0,0,0,0,0
Ca21chr6_C_albicans_SC5314,10000,10060000,77,0,0,89,2
Ca21chr6_C_albicans_SC5314,20000,10070000,77,0,6,0,6
Ca21chr6_C_albicans_SC5314,30000,10080000,0,0,0,0,0
Ca21chr6_C_albicans_SC5314,40000,10090000,0,0,0,0,0
Ca21chr6_C_albicans_SC5314,50000,10100000,0,0,0,0,0
Ca21chr6_C_albicans_SC5314,60000,10110000,0,0,0,0,0
Ca21chr6_C_albicans_SC5314,70000,10120000,0,0,0,0,0
Ca21chr6_C_albicans_SC5314,80000,10130000,0,0,0,0,0
Ca21chr6_C_albicans_SC5314,90000,10140000,0,0,0,0,0
Ca21chr6_C_albicans_SC5314,100000,10150000,7,0,1,75,1
Ca21chr6_C_albicans_SC5314,110000,10160000,0,0,0,0,0
Ca21chr6_C_albicans_SC5314,120000,10170000,144,0,1,21,7
Ca21chr6_C_albicans_SC5314,130000,10180000,0,0,0,0,0
Ca21chr6_C_albicans_SC5314,140000,10190000,62,0,5,16,3
Ca21chr6_C_albicans_SC5314,150000,10200000,0,0,0,0,0
Ca21chr6_C_albicans_SC5314,160000,10210000,28,0,2,53,3
Ca21chr6_C_albicans_SC5314,170000,10220000,65,0,6,12,6
Ca21chr6_C_albicans_SC5314,180000,10230000,198,0,0,51,1
Ca21chr6_C_albicans_SC5314,190000,10240000,0,0,0,0,0
Ca21chr6_C_albicans_SC5314,200000,10250000,104,0,0,62,49
Ca21chr6_C_albicans_SC5314,210000,10260000,15,15,35,18,49
Ca21chr6_C_albicans_SC5314,220000,10270000,58,1,2,105,7
Ca21chr6_C_albicans_SC5314,230000,10280000,38,0,2,43,3
Ca21chr6_C_albicans_SC5314,240000,10290000,0,0,0,0,0
Ca21chr6_C_albicans_SC5314,250000,10300000,184,0,6,59,10
Ca21chr6_C_albicans_SC5314,260000,10310000,0,0,0,0,0
Ca21chr6_C_albicans_SC5314,270000,10320000,0,0,0,0,0
Ca21chr6_C_albicans_SC5314,280000,10330000,0,0,0,0,0
Ca21chr6_C_albicans_SC5314,290000,10340000,0,0,0,0,0
Ca21chr6_C_albicans_SC5314,300000,10350000,89,0,0,77,0
Ca21chr6_C_albicans_SC5314,310000,10360000,0,0,0,0,0
Ca21chr6_C_albicans_SC5314,320000,10370000,0,0,0,0,0
Ca21chr6_C_albicans_SC5314,330000,10380000,0,0,0,0,0
Ca21chr6_C_albicans_SC5314,340000,10390000,81,0,0,2,0
Ca21chr6_C_albicans_SC5314,350000,10400000,97,0,1,68,2
Ca21chr6_C_albicans_SC5314,360000,10410000,0,0,0,0,0
Ca21chr6_C_albicans_SC5314,370000,10420000,0,0,0,0,0
Ca21chr6_C_albicans_SC5314,380000,10430000,0,0,0,0,0
Ca21chr6_C_albicans_SC5314,390000,10440000,83,0,0,0,0
Ca21chr6_C_albicans_SC5314,400000,10450000,27,0,0,56,0
Ca21chr6_C_albicans_SC5314,410000,10460000,0,0,0,0,0
Ca21chr6_C_albicans_SC5314,420000,10470000,0,0,0,0,0
Ca21chr6_C_albicans_SC5314,430000,10480000,0,0,0,0,0
Ca21chr6_C_albicans_SC5314,440000,10490000,19,0,0,64,0
Ca21chr6_C_albicans_SC5314,450000,10500000,0,0,0,0,0
Ca21chr6_C_albicans_SC5314,460000,10510000,83,0,0,0,3
Ca21chr6_C_albicans_SC5314,470000,10520000,0,0,0,0,0
Ca21chr6_C_albicans_SC5314,480000,10530000,0,0,0,0,0
Ca21chr6_C_albicans_SC5314,490000,10540000,0,0,0,0,0
Ca21chr6_C_albicans_SC5314,500000,10550000,0,0,0,0,0
Ca21chr6_C_albicans_SC5314,510000,10560000,36,0,2,45,3
Ca21chr6_C_albicans_SC5314,520000,10570000,0,0,0,0,0
Ca21chr6_C_albicans_SC5314,530000,10580000,78,0,0,88,4
Ca21chr6_C_albicans_SC5314,540000,10590000,67,0,6,10,2
Ca21chr6_C_albicans_SC5314,550000,10600000,0,0,0,0,0
Ca21chr6_C_albicans_SC5314,560000,10610000,0,0,0,0,0
Ca21chr6_C_albicans_SC5314,570000,10620000,41,1,4,37,5
Ca21chr6_C_albicans_SC5314,580000,10630000,79,0,0,4,6
Ca21chr6_C_albicans_SC5314,590000,10640000,0,0,0,0,0
Ca21chr6_C_albicans_SC5314,600000,10650000,75,0,6,2,1
Ca21chr6_C_albicans_SC5314,610000,10660000,29,0,5,49,5
Ca21chr6_C_albicans_SC5314,620000,10670000,0,0,0,0,0
Ca21chr6_C_albicans_SC5314,630000,10680000,0,0,0,0,0
Ca21chr6_C_albicans_SC5314,640000,10690000,0,0,0,0,0
Ca21chr6_C_albicans_SC5314,650000,10700000,0,0,0,0,0
Ca21chr6_C_albicans_SC5314,660000,10710000,0,0,0,0,0
Ca21chr6_C_albicans_SC5314,670000,10720000,0,0,0,0,0
Ca21chr6_C_albicans_SC5314,680000,10730000,0,0,0,0,0
Ca21chr6_C_albicans_SC5314,690000,10740000,229,0,2,101,4
Ca21chr6_C_albicans_SC5314,700000,10750000,0,0,0,0,0
Ca21chr6_C_albicans_SC5314,710000,10760000,0,0,0,0,0
Ca21chr6_C_albicans_SC5314,720000,10770000,0,0,0,0,0
Ca21chr6_C_albicans_SC5314,730000,10780000,0,0,0,0,0
Ca21chr6_C_albicans_SC5314,740000,10790000,0,0,0,0,0
Ca21chr6_C_albicans_SC5314,750000,10800000,116,0,0,50,0
Ca21chr6_C_albicans_SC5314,760000,10810000,76,0,0,7,0
Ca21chr6_C_albicans_SC5314,770000,10820000,0,0,0,0,0
Ca21chr6_C_albicans_SC5314,780000,10830000,0,0,0,0,0
Ca21chr6_C_albicans_SC5314,790000,10840000,0,0,0,0,0
Ca21chr6_C_albicans_SC5314,800000,10850000,0,0,0,0,0
Ca21chr6_C_albicans_SC5314,810000,10860000,0,0,0,0,0
Ca21chr6_C_albicans_SC5314,820000,10870000,0,0,0,0,0
Ca21chr6_C_albicans_SC5314,830000,10880000,0,0,0,0,0
Ca21chr6_C_albicans_SC5314,840000,10890000,0,0,0,0,0
Ca21chr6_C_albicans_SC5314,850000,10900000,0,0,0,0,0
Ca21chr6_C_albicans_SC5314,860000,10910000,0,0,0,0,0
Ca21chr6_C_albicans_SC5314,870000,10920000,57,0,0,26,0
Ca21chr6_C_albicans_SC5314,880000,10930000,160,0,0,6,5
Ca21chr6_C_albicans_SC5314,890000,10940000,78,0,5,0,31
Ca21chr6_C_albicans_SC5314,900000,10950000,44,0,0,39,3
Ca21chr6_C_albicans_SC5314,910000,10960000,0,0,0,0,0
Ca21chr6_C_albicans_SC5314,920000,10970000,0,0,0,0,0
Ca21chr6_C_albicans_SC5314,930000,10980000,54,0,0,29,0
Ca21chr6_C_albicans_SC5314,940000,10990000,0,0,0,0,0
Ca21chr6_C_albicans_SC5314,950000,11000000,0,0,0,0,0
Ca21chr6_C_albicans_SC5314,960000,11010000,0,0,0,0,0
Ca21chr6_C_albicans_SC5314,970000,11020000,0,0,0,0,0
Ca21chr6_C_albicans_SC5314,980000,11030000,61,0,0,22,0
Ca21chr6_C_albicans_SC5314,990000,11040000,100,0,4,62,25
Ca21chr6_C_albicans_SC5314,1000000,11050000,0,0,0,0,0
Ca21chr6_C_albicans_SC5314,1010000,11060000,0,0,0,0,0
Ca21chr6_C_albicans_SC5314,1020000,11070000,0,0,0,0,0
Ca21chr6_C_albicans_SC5314,1030000,11080000,0,0,0,0,0
Ca21chr7_C_albicans_SC5314,0,11090000,0,0,0,0,0
Ca21chr7_C_albicans_SC5314,10000,11100000,0,0,0,0,0
Ca21chr7_C_albicans_SC5314,20000,11110000,0,0,0,0,0
Ca21chr7_C_albicans_SC5314,30000,11120000,75,1,6,1,0
Ca21chr7_C_albicans_SC5314,40000,11130000,0,0,0,0,0
Ca21chr7_C_albicans_SC5314,50000,11140000,4,0,1,78,0
Ca21chr7_C_albicans_SC5314,60000,11150000,75,1,6,1,0
Ca21chr7_C_albicans_SC5314,70000,11160000,0,0,0,0,0
Ca21chr7_C_albicans_SC5314,80000,11170000,50,1,6,26,6
Ca21chr7_C_albicans_SC5314,90000,11180000,10,6,0,67,6
Ca21chr7_C_albicans_SC5314,100000,11190000,0,0,0,0,0
Ca21chr7_C_albicans_SC5314,110000,11200000,5,0,0,161,0
Ca21chr7_C_albicans_SC5314,120000,11210000,0,0,0,0,0
Ca21chr7_C_albicans_SC5314,130000,11220000,95,0,8,63,4
Ca21chr7_C_albicans_SC5314,140000,11230000,72,0,5,6,0
Ca21chr7_C_albicans_SC5314,150000,11240000,0,0,0,0,0
Ca21chr7_C_albicans_SC5314,160000,11250000,0,0,0,0,0
Ca21chr7_C_albicans_SC5314,170000,11260000,0,0,0,0,0
Ca21chr7_C_albicans_SC5314,180000,11270000,0,0,0,0,0
Ca21chr7_C_albicans_SC5314,190000,11280000,0,0,0,0,0
Ca21chr7_C_albicans_SC5314,200000,11290000,0,0,0,0,0
Ca21chr7_C_albicans_SC5314,210000,11300000,0,0,0,0,0
Ca21chr7_C_albicans_SC5314,220000,11310000,75,1,6,1,1
Ca21chr7_C_albicans_SC5314,230000,11320000,0,0,0,0,0
Ca21chr7_C_albicans_SC5314,240000,11330000,76,0,5,2,1
Ca21chr7_C_albicans_SC5314,250000,11340000,69,1,6,7,0
Ca21chr7_C_albicans_SC5314,260000,11350000,92,0,10,64,0
Ca21chr7_C_albicans_SC5314,270000,11360000,95,1,6,64,2
Ca21chr7_C_albicans_SC5314,280000,11370000,43,1,6,33,7
Ca21chr7_C_albicans_SC5314,290000,11380000,0,0,0,0,0
Ca21chr7_C_albicans_SC5314,300000,11390000,82,0,0,1,0
Ca21chr7_C_albicans_SC5314,310000,11400000,0,0,0,0,0
Ca21chr7_C_albicans_SC5314,320000,11410000,0,0,0,0,0
Ca21chr7_C_albicans_SC5314,330000,11420000,0,0,0,0,0
Ca21chr7_C_albicans_SC5314,340000,11430000,0,0,0,0,0
Ca21chr7_C_albicans_SC5314,350000,11440000,82,0,0,1,1
Ca21chr7_C_albicans_SC5314,360000,11450000,155,1,6,170,38
Ca21chr7_C_albicans_SC5314,370000,11460000,6,0,0,77,0
Ca21chr7_C_albicans_SC5314,380000,11470000,55,0,0,28,0
Ca21chr7_C_albicans_SC5314,390000,11480000,0,0,0,0,0
Ca21chr7_C_albicans_SC5314,400000,11490000,0,0,0,0,0
Ca21chr7_C_albicans_SC5314,410000,11500000,0,0,0,0,0
Ca21chr7_C_albicans_SC5314,420000,11510000,0,0,0,0,0
Ca21chr7_C_albicans_SC5314,430000,11520000,0,0,0,0,0
Ca21chr7_C_albicans_SC5314,440000,11530000,0,0,0,0,0
Ca21chr7_C_albicans_SC5314,450000,11540000,75,2,5,1,0
Ca21chr7_C_albicans_SC5314,460000,11550000,0,0,0,0,0
Ca21chr7_C_albicans_SC5314,470000,11560000,0,0,0,0,0
Ca21chr7_C_albicans_SC5314,480000,11570000,0,0,0,0,0
Ca21chr7_C_albicans_SC5314,490000,11580000,0,0,0,0,0
Ca21chr7_C_albicans_SC5314,500000,11590000,33,0,0,50,6
Ca21chr7_C_albicans_SC5314,510000,11600000,0,0,0,0,0
Ca21chr7_C_albicans_SC5314,520000,11610000,0,0,0,0,0
Ca21chr7_C_albicans_SC5314,530000,11620000,0,0,0,0,0
Ca21chr7_C_albicans_SC5314,540000,11630000,0,0,0,0,0
Ca21chr7_C_albicans_SC5314,550000,11640000,0,0,0,0,0
Ca21chr7_C_albicans_SC5314,560000,11650000,0,0,0,0,0
Ca21chr7_C_albicans_SC5314,570000,11660000,0,0,0,0,0
Ca21chr7_C_albicans_SC5314,580000,11670000,0,0,0,0,0
Ca21chr7_C_albicans_SC5314,590000,11680000,0,0,0,0,0
Ca21chr7_C_albicans_SC5314,600000,11690000,0,0,0,0,0
Ca21chr7_C_albicans_SC5314,610000,11700000,0,0,0,0,0
Ca21chr7_C_albicans_SC5314,620000,11710000,0,0,0,0,0
Ca21chr7_C_albicans_SC5314,630000,11720000,0,0,0,0,0
Ca21chr7_C_albicans_SC5314,640000,11730000,0,0,0,0,0
Ca21chr7_C_albicans_SC5314,650000,11740000,0,0,0,0,0
Ca21chr7_C_albicans_SC5314,660000,11750000,0,0,0,0,0
Ca21chr7_C_albicans_SC5314,670000,11760000,7,0,0,76,0
Ca21chr7_C_albicans_SC5314,680000,11770000,62,0,0,21,0
Ca21chr7_C_albicans_SC5314,690000,11780000,0,0,0,0,0
Ca21chr7_C_albicans_SC5314,700000,11790000,81,0,0,2,1
Ca21chr7_C_albicans_SC5314,710000,11800000,0,0,0,0,0
Ca21chr7_C_albicans_SC5314,720000,11810000,51,0,0,32,0
Ca21chr7_C_albicans_SC5314,730000,11820000,0,0,0,0,0
Ca21chr7_C_albicans_SC5314,740000,11830000,0,0,0,0,0
Ca21chr7_C_albicans_SC5314,750000,11840000,0,0,0,0,0
Ca21chr7_C_albicans_SC5314,760000,11850000,0,0,0,0,0
Ca21chr7_C_albicans_SC5314,770000,11860000,0,0,0,0,0
Ca21chr7_C_albicans_SC5314,780000,11870000,79,0,0,87,0
Ca21chr7_C_albicans_SC5314,790000,11880000,14,0,4,65,4
Ca21chr7_C_albicans_SC5314,800000,11890000,82,0,0,1,4
Ca21chr7_C_albicans_SC5314,810000,11900000,51,2,5,108,7
Ca21chr7_C_albicans_SC5314,820000,11910000,0,0,0,0,0
Ca21chr7_C_albicans_SC5314,830000,11920000,0,0,0,0,0
Ca21chr7_C_albicans_SC5314,840000,11930000,82,0,0,1,7
Ca21chr7_C_albicans_SC5314,850000,11940000,0,0,0,0,0
Ca21chr7_C_albicans_SC5314,860000,11950000,0,0,0,0,0
Ca21chr7_C_albicans_SC5314,870000,11960000,180,1,6,62,13
Ca21chr7_C_albicans_SC5314,880000,11970000,0,0,0,0,0
Ca21chr7_C_albicans_SC5314,890000,11980000,28,0,0,55,0
Ca21chr7_C_albicans_SC5314,900000,11990000,55,0,0,111,0
Ca21chr7_C_albicans_SC5314,910000,12000000,0,0,0,0,0
Ca21chr7_C_albicans_SC5314,920000,12010000,0,0,0,0,0
Ca21chr7_C_albicans_SC5314,930000,12020000,155,0,1,10,1
Ca21chr7_C_albicans_SC5314,940000,12030000,0,0,0,0,0
Ca21chrR_C_albicans_SC5314,0,12045000,0,0,0,0,0
Ca21chrR_C_albicans_SC5314,10000,12055000,0,0,0,0,0
Ca21chrR_C_albicans_SC5314,20000,12065000,0,0,0,0,0
Ca21chrR_C_albicans_SC5314,30000,12075000,0,0,0,0,0
Ca21chrR_C_albicans_SC5314,40000,12085000,0,0,0,0,0
Ca21chrR_C_albicans_SC5314,50000,12095000,0,0,0,0,0
Ca21chrR_C_albicans_SC5314,60000,12105000,0,0,0,0,0
Ca21chrR_C_albicans_SC5314,70000,12115000,11,0,5,67,0
Ca21chrR_C_albicans_SC5314,80000,12125000,63,0,6,14,7
Ca21chrR_C_albicans_SC5314,90000,12135000,0,0,0,0,0
Ca21chrR_C_albicans_SC5314,100000,12145000,0,0,0,0,0
Ca21chrR_C_albicans_SC5314,110000,12155000,0,0,0,0,0
Ca21chrR_C_albicans_SC5314,120000,12165000,0,0,0,0,0
Ca21chrR_C_albicans_SC5314,130000,12175000,82,0,0,1,6
Ca21chrR_C_albicans_SC5314,140000,12185000,0,0,0,0,0
Ca21chrR_C_albicans_SC5314,150000,12195000,0,0,0,0,0
Ca21chrR_C_albicans_SC5314,160000,12205000,0,0,0,0,0
Ca21chrR_C_albicans_SC5314,170000,12215000,0,0,0,0,0
Ca21chrR_C_albicans_SC5314,180000,12225000,0,0,0,0,0
Ca21chrR_C_albicans_SC5314,190000,12235000,0,0,0,0,0
Ca21chrR_C_albicans_SC5314,200000,12245000,0,0,0,0,0
Ca21chrR_C_albicans_SC5314,210000,12255000,0,0,0,0,0
Ca21chrR_C_albicans_SC5314,220000,12265000,75,0,7,1,2
Ca21chrR_C_albicans_SC5314,230000,12275000,123,0,5,38,11
Ca21chrR_C_albicans_SC5314,240000,12285000,94,0,6,66,6
Ca21chrR_C_albicans_SC5314,250000,12295000,0,0,0,0,0
Ca21chrR_C_albicans_SC5314,260000,12305000,0,0,0,0,0
Ca21chrR_C_albicans_SC5314,270000,12315000,0,0,0,0,0
Ca21chrR_C_albicans_SC5314,280000,12325000,81,0,0,2,0
Ca21chrR_C_albicans_SC5314,290000,12335000,75,0,0,8,0
Ca21chrR_C_albicans_SC5314,300000,12345000,78,0,0,5,5
Ca21chrR_C_albicans_SC5314,310000,12355000,0,0,0,0,0
Ca21chrR_C_albicans_SC5314,320000,12365000,0,0,0,0,0
Ca21chrR_C_albicans_SC5314,330000,12375000,0,0,0,0,0
Ca21chrR_C_albicans_SC5314,340000,12385000,24,0,4,55,4
Ca21chrR_C_albicans_SC5314,350000,12395000,0,0,0,0,0
Ca21chrR_C_albicans_SC5314,360000,12405000,0,0,0,0,0
Ca21chrR_C_albicans_SC5314,370000,12415000,0,0,0,0,0
Ca21chrR_C_albicans_SC5314,380000,12425000,0,0,0,0,0
Ca21chrR_C_albicans_SC5314,390000,12435000,0,0,0,0,0
Ca21chrR_C_albicans_SC5314,400000,12445000,0,0,0,0,0
Ca21chrR_C_albicans_SC5314,410000,12455000,0,0,0,0,0
Ca21chrR_C_albicans_SC5314,420000,12465000,0,0,0,0,0
Ca21chrR_C_albicans_SC5314,430000,12475000,0,0,0,0,0
Ca21chrR_C_albicans_SC5314,440000,12485000,0,0,0,0,0
Ca21chrR_C_albicans_SC5314,450000,12495000,55,0,0,28,1
Ca21chrR_C_albicans_SC5314,460000,12505000,0,0,0,0,0
Ca21chrR_C_albicans_SC5314,470000,12515000,0,0,0,0,0
Ca21chrR_C_albicans_SC5314,480000,12525000,0,0,0,0,0
Ca21chrR_C_albicans_SC5314,490000,12535000,39,0,0,44,1
Ca21chrR_C_albicans_SC5314,500000,12545000,0,0,0,0,0
Ca21chrR_C_albicans_SC5314,510000,12555000,0,0,0,0,0
Ca21chrR_C_albicans_SC5314,520000,12565000,0,0,0,0,0
Ca21chrR_C_albicans_SC5314,530000,12575000,0,0,0,0,0
Ca21chrR_C_albicans_SC5314,540000,12585000,0,0,0,0,0
Ca21chrR_C_albicans_SC5314,550000,12595000,0,0,0,0,0
Ca21chrR_C_albicans_SC5314,560000,12605000,0,0,0,0,0
Ca21chrR_C_albicans_SC5314,570000,12615000,0,0,0,0,0
Ca21chrR_C_albicans_SC5314,580000,12625000,0,0,0,0,0
Ca21chrR_C_albicans_SC5314,590000,12635000,0,0,0,0,0
Ca21chrR_C_albicans_SC5314,600000,12645000,0,0,0,0,0
Ca21chrR_C_albicans_SC5314,610000,12655000,0,0,0,0,0
Ca21chrR_C_albicans_SC5314,620000,12665000,0,0,0,0,0
Ca21chrR_C_albicans_SC5314,630000,12675000,0,0,0,0,0
Ca21chrR_C_albicans_SC5314,640000,12685000,0,0,0,0,0
Ca21chrR_C_albicans_SC5314,650000,12695000,0,0,0,0,0
Ca21chrR_C_albicans_SC5314,660000,12705000,0,0,0,0,0
Ca21chrR_C_albicans_SC5314,670000,12715000,72,0,0,11,2
Ca21chrR_C_albicans_SC5314,680000,12725000,0,0,0,0,0
Ca21chrR_C_albicans_SC5314,690000,12735000,0,0,0,0,0
Ca21chrR_C_albicans_SC5314,700000,12745000,77,0,5,1,4
Ca21chrR_C_albicans_SC5314,710000,12755000,0,0,0,0,0
Ca21chrR_C_albicans_SC5314,720000,12765000,0,0,0,0,0
Ca21chrR_C_albicans_SC5314,730000,12775000,79,0,0,4,0
Ca21chrR_C_albicans_SC5314,740000,12785000,0,0,0,0,0
Ca21chrR_C_albicans_SC5314,750000,12795000,0,0,0,0,0
Ca21chrR_C_albicans_SC5314,760000,12805000,0,0,0,0,0
Ca21chrR_C_albicans_SC5314,770000,12815000,0,0,0,0,0
Ca21chrR_C_albicans_SC5314,780000,12825000,0,0,0,0,0
Ca21chrR_C_albicans_SC5314,790000,12835000,81,0,0,2,0
Ca21chrR_C_albicans_SC5314,800000,12845000,0,0,0,0,0
Ca21chrR_C_albicans_SC5314,810000,12855000,0,0,0,0,0
Ca21chrR_C_albicans_SC5314,820000,12865000,42,0,0,41,0
Ca21chrR_C_albicans_SC5314,830000,12875000,0,0,0,0,0
Ca21chrR_C_albicans_SC5314,840000,12885000,0,0,0,0,0
Ca21chrR_C_albicans_SC5314,850000,12895000,0,0,0,0,0
Ca21chrR_C_albicans_SC5314,860000,12905000,0,0,0,0,0
Ca21chrR_C_albicans_SC5314,870000,12915000,0,0,0,0,0
Ca21chrR_C_albicans_SC5314,880000,12925000,0,0,0,0,0
Ca21chrR_C_albicans_SC5314,890000,12935000,0,0,0,0,0
Ca21chrR_C_albicans_SC5314,900000,12945000,158,0,5,86,11
Ca21chrR_C_albicans_SC5314,910000,12955000,0,0,0,0,0
Ca21chrR_C_albicans_SC5314,920000,12965000,0,0,0,0,0
Ca21chrR_C_albicans_SC5314,930000,12975000,0,0,0,0,0
Ca21chrR_C_albicans_SC5314,940000,12985000,75,0,0,8,3
Ca21chrR_C_albicans_SC5314,950000,12995000,0,0,0,0,0
Ca21chrR_C_albicans_SC5314,960000,13005000,0,0,0,0,0
Ca21chrR_C_albicans_SC5314,970000,13015000,0,0,0,0,0
Ca21chrR_C_albicans_SC5314,980000,13025000,0,0,0,0,0
Ca21chrR_C_albicans_SC5314,990000,13035000,0,0,0,0,0
Ca21chrR_C_albicans_SC5314,1000000,13045000,0,0,0,0,0
Ca21chrR_C_albicans_SC5314,1010000,13055000,0,0,0,0,0
Ca21chrR_C_albicans_SC5314,1020000,13065000,0,0,0,0,0
Ca21chrR_C_albicans_SC5314,1030000,13075000,0,0,0,0,0
Ca21chrR_C_albicans_SC5314,1040000,13085000,0,0,0,0,0
Ca21chrR_C_albicans_SC5314,1050000,13095000,0,0,0,0,0
Ca21chrR_C_albicans_SC5314,1060000,13105000,0,0,0,0,0
Ca21chrR_C_albicans_SC5314,1070000,13115000,0,0,0,0,0
Ca21chrR_C_albicans_SC5314,1080000,13125000,136,0,8,22,3
Ca21chrR_C_albicans_SC5314,1090000,13135000,0,0,0,0,0
Ca21chrR_C_albicans_SC5314,1100000,13145000,0,0,0,0,0
Ca21chrR_C_albicans_SC5314,1110000,13155000,0,0,0,0,0
Ca21chrR_C_albicans_SC5314,1120000,13165000,0,0,0,0,0
Ca21chrR_C_albicans_SC5314,1130000,13175000,0,0,0,0,0
Ca21chrR_C_albicans_SC5314,1140000,13185000,0,0,0,0,0
Ca21chrR_C_albicans_SC5314,1150000,13195000,73,0,5,5,5
Ca21chrR_C_albicans_SC5314,1160000,13205000,0,0,0,0,0
Ca21chrR_C_albicans_SC5314,1170000,13215000,0,0,0,0,0
Ca21chrR_C_albicans_SC5314,1180000,13225000,0,0,0,0,0
Ca21chrR_C_albicans_SC5314,1190000,13235000,0,0,0,0,0
Ca21chrR_C_albicans_SC5314,1200000,13245000,0,0,0,0,0
Ca21chrR_C_albicans_SC5314,1210000,13255000,0,0,0,0,0
Ca21chrR_C_albicans_SC5314,1220000,13265000,76,0,0,7,4
Ca21chrR_C_albicans_SC5314,1230000,13275000,0,0,0,0,0
Ca21chrR_C_albicans_SC5314,1240000,13285000,21,0,3,59,1
Ca21chrR_C_albicans_SC5314,1250000,13295000,76,0,5,2,5
Ca21chrR_C_albicans_SC5314,1260000,13305000,80,0,0,3,1
Ca21chrR_C_albicans_SC5314,1270000,13315000,0,0,0,0,0
Ca21chrR_C_albicans_SC5314,1280000,13325000,0,0,0,0,0
Ca21chrR_C_albicans_SC5314,1290000,13335000,77,0,0,6,3
Ca21chrR_C_albicans_SC5314,1300000,13345000,0,0,0,0,0
Ca21chrR_C_albicans_SC5314,1310000,13355000,0,0,0,0,0
Ca21chrR_C_albicans_SC5314,1320000,13365000,0,0,0,0,0
Ca21chrR_C_albicans_SC5314,1330000,13375000,0,0,0,0,0
Ca21chrR_C_albicans_SC5314,1340000,13385000,0,0,0,0,0
Ca21chrR_C_albicans_SC5314,1350000,13395000,0,0,0,0,0
Ca21chrR_C_albicans_SC5314,1360000,13405000,0,0,0,0,0
Ca21chrR_C_albicans_SC5314,1370000,13415000,0,0,0,0,0
Ca21chrR_C_albicans_SC5314,1380000,13425000,0,0,0,0,0
Ca21chrR_C_albicans_SC5314,1390000,13435000,67,1,5,93,7
Ca21chrR_C_albicans_SC5314,1400000,13445000,0,0,0,0,0
Ca21chrR_C_albicans_SC5314,1410000,13455000,0,0,0,0,0
Ca21chrR_C_albicans_SC5314,1420000,13465000,0,0,0,0,0
Ca21chrR_C_albicans_SC5314,1430000,13475000,0,0,0,0,0
Ca21chrR_C_albicans_SC5314,1440000,13485000,81,0,0,2,2
Ca21chrR_C_albicans_SC5314,1450000,13495000,80,0,0,3,7
Ca21chrR_C_albicans_SC5314,1460000,13505000,0,0,0,0,0
Ca21chrR_C_albicans_SC5314,1470000,13515000,0,0,0,0,0
Ca21chrR_C_albicans_SC5314,1480000,13525000,0,0,0,0,0
Ca21chrR_C_albicans_SC5314,1490000,13535000,0,0,0,0,0
Ca21chrR_C_albicans_SC5314,1500000,13545000,0,0,0,0,0
Ca21chrR_C_albicans_SC5314,1510000,13555000,0,0,0,0,0
Ca21chrR_C_albicans_SC5314,1520000,13565000,0,0,0,0,0
Ca21chrR_C_albicans_SC5314,1530000,13575000,0,0,0,0,0
Ca21chrR_C_albicans_SC5314,1540000,13585000,0,0,0,0,0
Ca21chrR_C_albicans_SC5314,1550000,13595000,0,0,0,0,0
Ca21chrR_C_albicans_SC5314,1560000,13605000,0,0,0,0,0
Ca21chrR_C_albicans_SC5314,1570000,13615000,0,0,0,0,0
Ca21chrR_C_albicans_SC5314,1580000,13625000,0,0,0,0,0
Ca21chrR_C_albicans_SC5314,1590000,13635000,0,0,0,0,0
Ca21chrR_C_albicans_SC5314,1600000,13645000,0,0,0,0,0
Ca21chrR_C_albicans_SC5314,1610000,13655000,0,0,0,0,0
Ca21chrR_C_albicans_SC5314,1620000,13665000,0,0,0,0,0
Ca21chrR_C_albicans_SC5314,1630000,13675000,0,0,0,0,0
Ca21chrR_C_albicans_SC5314,1640000,13685000,0,0,0,0,0
Ca21chrR_C_albicans_SC5314,1650000,13695000,0,0,0,0,0
Ca21chrR_C_albicans_SC5314,1660000,13705000,31,0,2,50,0
Ca21chrR_C_albicans_SC5314,1670000,13715000,73,0,5,5,18
Ca21chrR_C_albicans_SC5314,1680000,13725000,0,0,0,0,0
Ca21chrR_C_albicans_SC5314,1690000,13735000,0,0,0,0,0
Ca21chrR_C_albicans_SC5314,1700000,13745000,25,0,4,54,4
Ca21chrR_C_albicans_SC5314,1710000,13755000,0,0,0,0,0
Ca21chrR_C_albicans_SC5314,1720000,13765000,0,0,0,0,0
Ca21chrR_C_albicans_SC5314,1730000,13775000,58,0,0,25,0
Ca21chrR_C_albicans_SC5314,1740000,13785000,63,0,0,20,0
Ca21chrR_C_albicans_SC5314,1750000,13795000,0,0,0,0,0
Ca21chrR_C_albicans_SC5314,1760000,13805000,0,0,0,0,0
Ca21chrR_C_albicans_SC5314,1770000,13815000,0,0,0,0,0
Ca21chrR_C_albicans_SC5314,1780000,13825000,0,0,0,0,0
Ca21chrR_C_albicans_SC5314,1790000,13835000,0,0,0,0,0
Ca21chrR_C_albicans_SC5314,1800000,13845000,0,0,0,0,0
Ca21chrR_C_albicans_SC5314,1810000,13855000,0,0,0,0,0
Ca21chrR_C_albicans_SC5314,1820000,13865000,0,0,0,0,0
Ca21chrR_C_albicans_SC5314,1830000,13875000,21,0,2,60,2
Ca21chrR_C_albicans_SC5314,1840000,13885000,0,0,0,0,0
Ca21chrR_C_albicans_SC5314,1850000,13895000,54,0,1,28,7
Ca21chrR_C_albicans_SC5314,1860000,13905000,81,0,0,2,14
Ca21chrR_C_albicans_SC5314,1870000,13915000,0,0,0,0,0
Ca21chrR_C_albicans_SC5314,1880000,13925000,0,0,0,0,0
Ca21chrR_C_albicans_SC5314,1890000,13935000,0,0,0,0,0
Ca21chrR_C_albicans_SC5314,1900000,13945000,0,0,0,0,0
Ca21chrR_C_albicans_SC5314,1910000,13955000,39,1,6,37,7
Ca21chrR_C_albicans_SC5314,1920000,13965000,0,0,0,0,0
Ca21chrR_C_albicans_SC5314,1930000,13975000,0,0,0,0,0
Ca21chrR_C_albicans_SC5314,1940000,13985000,0,0,0,0,0
Ca21chrR_C_albicans_SC5314,1950000,13995000,0,0,0,0,0
Ca21chrR_C_albicans_SC5314,1960000,14005000,0,0,0,0,0
Ca21chrR_C_albicans_SC5314,1970000,14015000,0,0,0,0,0
Ca21chrR_C_albicans_SC5314,1980000,14025000,0,0,0,0,0
Ca21chrR_C_albicans_SC5314,1990000,14035000,0,0,0,0,0
Ca21chrR_C_albicans_SC5314,2000000,14045000,0,0,0,0,0
Ca21chrR_C_albicans_SC5314,2010000,14055000,66,0,4,13,1
Ca21chrR_C_albicans_SC5314,2020000,14065000,157,0,8,167,9
Ca21chrR_C_albicans_SC5314,2030000,14075000,79,0,0,4,0
Ca21chrR_C_albicans_SC5314,2040000,14085000,142,0,7,17,12
Ca21chrR_C_albicans_SC5314,2050000,14095000,33,0,0,50,0
Ca21chrR_C_albicans_SC5314,2060000,14105000,0,0,0,0,0
Ca21chrR_C_albicans_SC5314,2070000,14115000,76,0,7,0,5
Ca21chrR_C_albicans_SC5314,2080000,14125000,124,0,0,42,7
Ca21chrR_C_albicans_SC5314,2090000,14135000,115,0,0,51,0
Ca21chrR_C_albicans_SC5314,2100000,14145000,76,0,7,0,7
Ca21chrR_C_albicans_SC5314,2110000,14155000,76,0,7,0,0
Ca21chrR_C_albicans_SC5314,2120000,14165000,0,0,0,0,0
Ca21chrR_C_albicans_SC5314,2130000,14175000,73,0,7,3,0
Ca21chrR_C_albicans_SC5314,2140000,14185000,0,0,0,0,0
Ca21chrR_C_albicans_SC5314,2150000,14195000,81,0,0,2,7
Ca21chrR_C_albicans_SC5314,2160000,14205000,0,0,0,0,0
Ca21chrR_C_albicans_SC5314,2170000,14215000,0,0,0,0,0
Ca21chrR_C_albicans_SC5314,2180000,14225000,0,0,0,0,0
Ca21chrR_C_albicans_SC5314,2190000,14235000,0,0,0,0,0
Ca21chrR_C_albicans_SC5314,2200000,14245000,0,0,0,0,0
Ca21chrR_C_albicans_SC5314,2210000,14255000,5,0,1,77,1
Ca21chrR_C_albicans_SC5314,2220000,14265000,0,0,0,0,0
Ca21chrR_C_albicans_SC5314,2230000,14275000,0,0,0,0,0
Ca21chrR_C_albicans_SC5314,2240000,14285000,0,0,0,0,0
Ca21chrR_C_albicans_SC5314,2250000,14295000,0,0,0,0,0
Ca21chrR_C_albicans_SC5314,2260000,14305000,0,0,0,0,0
Ca21chrR_C_albicans_SC5314,2270000,14315000,13,0,3,67,2
Ca21chrR_C_albicans_SC5314,2280000,14325000,0,0,0,0,0
