chr,chr.pos,univ.pos,a,b,h,s,missing,recoms,recom.by.col,recom.by.mkr
Ca21chr1_C_albicans_SC5314,0,0,0,0,0,0,0,0,0,0
Ca21chr1_C_albicans_SC5314,10000,10000,0,0,0,0,0,0,0,0
Ca21chr1_C_albicans_SC5314,20000,20000,0,0,0,0,0,0,0,0
Ca21chr1_C_albicans_SC5314,30000,30000,0,0,0,0,0,0,0,0
Ca21chr1_C_albicans_SC5314,40000,40000,0,0,0,0,0,0,0,0
Ca21chr1_C_albicans_SC5314,50000,50000,0,0,0,0,0,0,0,0
Ca21chr1_C_albicans_SC5314,60000,60000,0,0,0,0,0,0,0,0
Ca21chr1_C_albicans_SC5314,70000,70000,0,0,0,0,0,0,0,0
Ca21chr1_C_albicans_SC5314,80000,80000,0,0,0,0,0,0,0,0
Ca21chr1_C_albicans_SC5314,90000,90000,0,0,0,0,0,0,0,0
Ca21chr1_C_albicans_SC5314,100000,100000,0,0,0,0,0,0,0,0
Ca21chr1_C_albicans_SC5314,110000,110000,0,0,0,0,0,0,0,0
Ca21chr1_C_albicans_SC5314,120000,120000,0,0,0,0,0,0,0,0
Ca21chr1_C_albicans_SC5314,130000,130000,0,0,0,0,0,0,0,0
Ca21chr1_C_albicans_SC5314,140000,140000,24,0,1,0,0,1,0,0
Ca21chr1_C_albicans_SC5314,150000,150000,69,0,0,0,0,0,0,0
Ca21chr1_C_albicans_SC5314,160000,160000,0,0,0,0,0,0,0,0
Ca21chr1_C_albicans_SC5314,170000,170000,1,0,0,0,0,0,0,0
Ca21chr1_C_albicans_SC5314,180000,180000,0,0,0,0,0,0,0,0
Ca21chr1_C_albicans_SC5314,190000,190000,0,0,0,0,0,0,0,0
Ca21chr1_C_albicans_SC5314,200000,200000,5,0,0,0,0,0,0,0
Ca21chr1_C_albicans_SC5314,210000,210000,0,0,0,0,0,0,0,0
Ca21chr1_C_albicans_SC5314,220000,220000,0,0,0,0,0,0,0,0
Ca21chr1_C_albicans_SC5314,230000,230000,36,0,0,0,0,0,0,0
Ca21chr1_C_albicans_SC5314,240000,240000,0,0,0,0,0,0,0,0
Ca21chr1_C_albicans_SC5314,250000,250000,0,0,0,0,0,0,0,0
Ca21chr1_C_albicans_SC5314,260000,260000,0,0,0,0,0,0,0,0
Ca21chr1_C_albicans_SC5314,270000,270000,1,0,0,0,0,0,0,0
Ca21chr1_C_albicans_SC5314,280000,280000,0,0,0,0,0,0,0,0
Ca21chr1_C_albicans_SC5314,290000,290000,0,0,0,0,0,0,0,0
Ca21chr1_C_albicans_SC5314,300000,300000,0,0,0,0,0,0,0,0
Ca21chr1_C_albicans_SC5314,310000,310000,0,0,0,0,0,0,0,0
Ca21chr1_C_albicans_SC5314,320000,320000,101,0,0,0,0,0,0.0,0.0
Ca21chr1_C_albicans_SC5314,330000,330000,0,0,0,0,0,0,0,0
Ca21chr1_C_albicans_SC5314,340000,340000,93,0,0,0,0,32,32.0,0.3441
Ca21chr1_C_albicans_SC5314,350000,350000,0,0,23,0,0,23,0,0
Ca21chr1_C_albicans_SC5314,360000,360000,99,0,12,0,0,15,15.0,0.1351
Ca21chr1_C_albicans_SC5314,370000,370000,0,0,0,0,0,0,0,0
Ca21chr1_C_albicans_SC5314,380000,380000,0,0,0,0,0,0,0,0
Ca21chr1_C_albicans_SC5314,390000,390000,0,0,0,0,0,0,0,0
Ca21chr1_C_albicans_SC5314,400000,400000,31,0,0,0,0,0,0,0
Ca21chr1_C_albicans_SC5314,410000,410000,123,0,2,0,0,6,6.0,0.048
Ca21chr1_C_albicans_SC5314,420000,420000,33,0,4,0,0,4,0,0
Ca21chr1_C_albicans_SC5314,430000,430000,0,0,0,0,0,0,0,0
Ca21chr1_C_albicans_SC5314,440000,440000,52,0,0,0,0,0,0,0
Ca21chr1_C_albicans_SC5314,450000,450000,0,0,0,0,0,0,0,0
Ca21chr1_C_albicans_SC5314,460000,460000,0,0,0,0,0,0,0,0
Ca21chr1_C_albicans_SC5314,470000,470000,28,0,0,0,0,0,0,0
Ca21chr1_C_albicans_SC5314,480000,480000,0,0,0,0,0,0,0,0
Ca21chr1_C_albicans_SC5314,490000,490000,0,0,0,0,0,0,0,0
Ca21chr1_C_albicans_SC5314,500000,500000,0,0,0,0,0,0,0,0
Ca21chr1_C_albicans_SC5314,510000,510000,55,0,0,0,0,0,0,0
Ca21chr1_C_albicans_SC5314,520000,520000,30,0,0,0,0,0,0,0
Ca21chr1_C_albicans_SC5314,530000,530000,70,0,0,0,0,0,0.0,0.0
Ca21chr1_C_albicans_SC5314,540000,540000,0,0,0,0,0,0,0,0
Ca21chr1_C_albicans_SC5314,550000,550000,0,0,0,0,0,0,0,0
Ca21chr1_C_albicans_SC5314,560000,560000,0,0,0,0,0,0,0,0
Ca21chr1_C_albicans_SC5314,570000,570000,0,0,0,0,0,0,0,0
Ca21chr1_C_albicans_SC5314,580000,580000,0,0,0,0,0,0,0,0
Ca21chr1_C_albicans_SC5314,590000,590000,1,0,0,0,0,0,0,0
Ca21chr1_C_albicans_SC5314,600000,600000,0,0,0,0,0,0,0,0
Ca21chr1_C_albicans_SC5314,610000,610000,0,0,0,0,0,0,0,0
Ca21chr1_C_albicans_SC5314,620000,620000,0,0,0,0,0,0,0,0
Ca21chr1_C_albicans_SC5314,630000,630000,0,0,0,0,0,0,0,0
Ca21chr1_C_albicans_SC5314,640000,640000,0,0,0,0,0,0,0,0
Ca21chr1_C_albicans_SC5314,650000,650000,0,0,0,0,0,0,0,0
Ca21chr1_C_albicans_SC5314,660000,660000,102,0,0,0,0,0,0.0,0.0
Ca21chr1_C_albicans_SC5314,670000,670000,0,0,0,0,0,0,0,0
Ca21chr1_C_albicans_SC5314,680000,680000,0,0,0,0,0,0,0,0
Ca21chr1_C_albicans_SC5314,690000,690000,0,0,0,0,0,0,0,0
Ca21chr1_C_albicans_SC5314,700000,700000,0,0,0,0,0,0,0,0
Ca21chr1_C_albicans_SC5314,710000,710000,0,0,0,0,0,0,0,0
Ca21chr1_C_albicans_SC5314,720000,720000,0,0,0,0,0,0,0,0
Ca21chr1_C_albicans_SC5314,730000,730000,16,0,0,0,0,0,0,0
Ca21chr1_C_albicans_SC5314,740000,740000,0,0,0,0,0,0,0,0
Ca21chr1_C_albicans_SC5314,750000,750000,70,0,0,0,0,0,0.0,0.0
Ca21chr1_C_albicans_SC5314,760000,760000,67,0,0,0,0,0,0,0
Ca21chr1_C_albicans_SC5314,770000,770000,0,0,0,0,0,0,0,0
Ca21chr1_C_albicans_SC5314,780000,780000,25,0,0,0,0,0,0,0
Ca21chr1_C_albicans_SC5314,790000,790000,70,0,0,0,0,0,0.0,0.0
Ca21chr1_C_albicans_SC5314,800000,800000,0,0,0,0,0,0,0,0
Ca21chr1_C_albicans_SC5314,810000,810000,39,0,0,0,0,0,0,0
Ca21chr1_C_albicans_SC5314,820000,820000,0,0,0,0,0,0,0,0
Ca21chr1_C_albicans_SC5314,830000,830000,0,0,0,0,0,0,0,0
Ca21chr1_C_albicans_SC5314,840000,840000,68,0,0,0,0,0,0,0
Ca21chr1_C_albicans_SC5314,850000,850000,0,0,0,0,0,0,0,0
Ca21chr1_C_albicans_SC5314,860000,860000,0,0,0,0,0,0,0,0
Ca21chr1_C_albicans_SC5314,870000,870000,70,0,0,0,0,1,1.0,0.0143
Ca21chr1_C_albicans_SC5314,880000,880000,0,0,0,0,0,0,0,0
Ca21chr1_C_albicans_SC5314,890000,890000,66,0,1,0,0,1,0,0
Ca21chr1_C_albicans_SC5314,900000,900000,5,0,0,0,0,0,0,0
Ca21chr1_C_albicans_SC5314,910000,910000,144,0,0,0,0,0,0.0,0.0
Ca21chr1_C_albicans_SC5314,920000,920000,0,0,0,0,0,0,0,0
Ca21chr1_C_albicans_SC5314,930000,930000,0,0,0,0,0,0,0,0
Ca21chr1_C_albicans_SC5314,940000,940000,0,0,0,0,0,0,0,0
Ca21chr1_C_albicans_SC5314,950000,950000,69,0,0,0,0,1,0,0
Ca21chr1_C_albicans_SC5314,960000,960000,0,0,0,0,0,0,0,0
Ca21chr1_C_albicans_SC5314,970000,970000,13,0,0,0,0,1,0,0
Ca21chr1_C_albicans_SC5314,980000,980000,122,0,2,0,0,2,2.0,0.0161
Ca21chr1_C_albicans_SC5314,990000,990000,0,0,0,0,0,0,0,0
Ca21chr1_C_albicans_SC5314,1000000,1000000,60,0,0,0,0,0,0,0
Ca21chr1_C_albicans_SC5314,1010000,1010000,33,0,0,0,0,0,0,0
Ca21chr1_C_albicans_SC5314,1020000,1020000,0,0,0,0,0,0,0,0
Ca21chr1_C_albicans_SC5314,1030000,1030000,0,0,0,0,0,0,0,0
Ca21chr1_C_albicans_SC5314,1040000,1040000,159,0,0,0,0,1,0.5,0.0063
Ca21chr1_C_albicans_SC5314,1050000,1050000,0,0,0,0,0,0,0,0
Ca21chr1_C_albicans_SC5314,1060000,1060000,0,0,0,0,0,0,0,0
Ca21chr1_C_albicans_SC5314,1070000,1070000,0,0,0,0,0,0,0,0
Ca21chr1_C_albicans_SC5314,1080000,1080000,42,0,1,0,0,2,0,0
Ca21chr1_C_albicans_SC5314,1090000,1090000,0,0,0,0,0,0,0,0
Ca21chr1_C_albicans_SC5314,1100000,1100000,0,0,0,0,0,0,0,0
Ca21chr1_C_albicans_SC5314,1110000,1110000,0,0,0,0,0,0,0,0
Ca21chr1_C_albicans_SC5314,1120000,1120000,0,0,0,0,0,0,0,0
Ca21chr1_C_albicans_SC5314,1130000,1130000,0,0,0,0,0,0,0,0
Ca21chr1_C_albicans_SC5314,1140000,1140000,0,0,0,0,0,0,0,0
Ca21chr1_C_albicans_SC5314,1150000,1150000,0,0,0,0,0,0,0,0
Ca21chr1_C_albicans_SC5314,1160000,1160000,0,0,0,0,0,0,0,0
Ca21chr1_C_albicans_SC5314,1170000,1170000,0,0,0,0,0,0,0,0
Ca21chr1_C_albicans_SC5314,1180000,1180000,6,0,1,0,0,1,0,0
Ca21chr1_C_albicans_SC5314,1190000,1190000,0,0,0,0,0,0,0,0
Ca21chr1_C_albicans_SC5314,1200000,1200000,0,0,0,0,0,0,0,0
Ca21chr1_C_albicans_SC5314,1210000,1210000,140,0,0,0,0,0,0.0,0.0
Ca21chr1_C_albicans_SC5314,1220000,1220000,0,0,0,0,0,0,0,0
Ca21chr1_C_albicans_SC5314,1230000,1230000,70,0,0,0,0,0,0.0,0.0
Ca21chr1_C_albicans_SC5314,1240000,1240000,0,0,0,0,0,0,0,0
Ca21chr1_C_albicans_SC5314,1250000,1250000,4,0,0,0,0,0,0,0
Ca21chr1_C_albicans_SC5314,1260000,1260000,113,0,0,0,0,0,0.0,0.0
Ca21chr1_C_albicans_SC5314,1270000,1270000,0,0,0,0,0,0,0,0
Ca21chr1_C_albicans_SC5314,1280000,1280000,0,0,0,0,0,0,0,0
Ca21chr1_C_albicans_SC5314,1290000,1290000,0,0,0,0,0,0,0,0
Ca21chr1_C_albicans_SC5314,1300000,1300000,0,0,0,0,0,0,0,0
Ca21chr1_C_albicans_SC5314,1310000,1310000,0,0,0,0,0,0,0,0
Ca21chr1_C_albicans_SC5314,1320000,1320000,0,0,0,0,0,0,0,0
Ca21chr1_C_albicans_SC5314,1330000,1330000,44,0,0,0,0,1,0,0
Ca21chr1_C_albicans_SC5314,1340000,1340000,34,0,1,0,0,1,0,0
Ca21chr1_C_albicans_SC5314,1350000,1350000,0,0,0,0,0,0,0,0
Ca21chr1_C_albicans_SC5314,1360000,1360000,0,0,0,0,0,0,0,0
Ca21chr1_C_albicans_SC5314,1370000,1370000,0,0,0,0,0,0,0,0
Ca21chr1_C_albicans_SC5314,1380000,1380000,0,0,0,0,0,0,0,0
Ca21chr1_C_albicans_SC5314,1390000,1390000,192,0,1,0,0,2,1.0,0.0104
Ca21chr1_C_albicans_SC5314,1400000,1400000,0,0,0,0,0,0,0,0
Ca21chr1_C_albicans_SC5314,1410000,1410000,0,0,0,0,0,0,0,0
Ca21chr1_C_albicans_SC5314,1420000,1420000,40,0,0,0,0,0,0,0
Ca21chr1_C_albicans_SC5314,1430000,1430000,0,0,0,0,0,0,0,0
Ca21chr1_C_albicans_SC5314,1440000,1440000,49,0,0,0,0,0,0,0
Ca21chr1_C_albicans_SC5314,1450000,1450000,159,0,0,0,0,0,0.0,0.0
Ca21chr1_C_albicans_SC5314,1460000,1460000,0,0,0,0,0,0,0,0
Ca21chr1_C_albicans_SC5314,1470000,1470000,0,0,0,0,0,0,0,0
Ca21chr1_C_albicans_SC5314,1480000,1480000,76,0,0,0,0,0,0.0,0.0
Ca21chr1_C_albicans_SC5314,1490000,1490000,0,0,0,0,0,0,0,0
Ca21chr1_C_albicans_SC5314,1500000,1500000,0,0,0,0,0,0,0,0
Ca21chr1_C_albicans_SC5314,1510000,1510000,0,0,0,0,0,0,0,0
Ca21chr1_C_albicans_SC5314,1520000,1520000,0,0,0,0,0,0,0,0
Ca21chr1_C_albicans_SC5314,1530000,1530000,156,0,0,0,0,0,0.0,0.0
Ca21chr1_C_albicans_SC5314,1540000,1540000,141,0,0,0,0,0,0.0,0.0
Ca21chr1_C_albicans_SC5314,1550000,1550000,11,0,0,0,0,0,0,0
Ca21chr1_C_albicans_SC5314,1560000,1560000,69,0,0,0,0,0,0,0
Ca21chr1_C_albicans_SC5314,1570000,1570000,70,0,0,0,0,0,0.0,0.0
Ca21chr1_C_albicans_SC5314,1580000,1580000,0,0,0,0,0,0,0,0
Ca21chr1_C_albicans_SC5314,1590000,1590000,0,0,0,0,0,0,0,0
Ca21chr1_C_albicans_SC5314,1600000,1600000,40,0,0,0,0,0,0,0
Ca21chr1_C_albicans_SC5314,1610000,1610000,70,0,0,0,0,0,0.0,0.0
Ca21chr1_C_albicans_SC5314,1620000,1620000,0,0,0,0,0,0,0,0
Ca21chr1_C_albicans_SC5314,1630000,1630000,0,0,0,0,0,0,0,0
Ca21chr1_C_albicans_SC5314,1640000,1640000,66,0,0,0,0,0,0,0
Ca21chr1_C_albicans_SC5314,1650000,1650000,148,0,0,0,0,0,0.0,0.0
Ca21chr1_C_albicans_SC5314,1660000,1660000,64,0,0,0,0,0,0,0
Ca21chr1_C_albicans_SC5314,1670000,1670000,48,0,18,0,0,18,0,0
Ca21chr1_C_albicans_SC5314,1680000,1680000,0,0,0,0,0,0,0,0
Ca21chr1_C_albicans_SC5314,1690000,1690000,0,0,0,0,0,0,0,0
Ca21chr1_C_albicans_SC5314,1700000,1700000,0,0,0,0,0,0,0,0
Ca21chr1_C_albicans_SC5314,1710000,1710000,0,0,0,0,0,0,0,0
Ca21chr1_C_albicans_SC5314,1720000,1720000,0,0,0,0,0,0,0,0
Ca21chr1_C_albicans_SC5314,1730000,1730000,0,0,0,0,0,0,0,0
Ca21chr1_C_albicans_SC5314,1740000,1740000,0,0,0,0,0,0,0,0
Ca21chr1_C_albicans_SC5314,1750000,1750000,9,0,0,0,0,0,0,0
Ca21chr1_C_albicans_SC5314,1760000,1760000,65,0,0,0,0,17,0,0
Ca21chr1_C_albicans_SC5314,1770000,1770000,0,0,0,0,0,0,0,0
Ca21chr1_C_albicans_SC5314,1780000,1780000,0,0,0,0,0,0,0,0
Ca21chr1_C_albicans_SC5314,1790000,1790000,0,0,0,0,0,0,0,0
Ca21chr1_C_albicans_SC5314,1800000,1800000,0,0,0,0,0,0,0,0
Ca21chr1_C_albicans_SC5314,1810000,1810000,0,0,0,0,0,0,0,0
Ca21chr1_C_albicans_SC5314,1820000,1820000,0,0,0,0,0,0,0,0
Ca21chr1_C_albicans_SC5314,1830000,1830000,115,0,0,0,0,1,1.0,0.0087
Ca21chr1_C_albicans_SC5314,1840000,1840000,8,0,0,0,0,0,0,0
Ca21chr1_C_albicans_SC5314,1850000,1850000,0,0,0,0,0,0,0,0
Ca21chr1_C_albicans_SC5314,1860000,1860000,25,0,0,0,0,0,0,0
Ca21chr1_C_albicans_SC5314,1870000,1870000,0,0,0,0,0,0,0,0
Ca21chr1_C_albicans_SC5314,1880000,1880000,67,0,0,0,0,0,0,0
Ca21chr1_C_albicans_SC5314,1890000,1890000,0,0,0,0,0,0,0,0
Ca21chr1_C_albicans_SC5314,1900000,1900000,58,0,1,0,0,1,0,0
Ca21chr1_C_albicans_SC5314,1910000,1910000,22,0,0,0,0,0,0,0
Ca21chr1_C_albicans_SC5314,1920000,1920000,0,0,0,0,0,0,0,0
Ca21chr1_C_albicans_SC5314,1930000,1930000,65,0,0,0,0,1,0,0
Ca21chr1_C_albicans_SC5314,1940000,1940000,4,0,0,0,0,0,0,0
Ca21chr1_C_albicans_SC5314,1950000,1950000,0,0,0,0,0,0,0,0
Ca21chr1_C_albicans_SC5314,1960000,1960000,0,0,0,0,0,0,0,0
Ca21chr1_C_albicans_SC5314,1970000,1970000,42,0,1,0,0,1,0,0
Ca21chr1_C_albicans_SC5314,1980000,1980000,62,0,0,0,0,1,0,0
Ca21chr1_C_albicans_SC5314,1990000,1990000,9,0,0,0,0,0,0,0
Ca21chr1_C_albicans_SC5314,2000000,2000000,0,0,0,0,0,0,0,0
Ca21chr1_C_albicans_SC5314,2010000,2010000,0,0,0,0,0,0,0,0
Ca21chr1_C_albicans_SC5314,2020000,2020000,0,0,0,0,0,0,0,0
Ca21chr1_C_albicans_SC5314,2030000,2030000,0,0,0,0,0,0,0,0
Ca21chr1_C_albicans_SC5314,2040000,2040000,0,0,0,0,0,0,0,0
Ca21chr1_C_albicans_SC5314,2050000,2050000,8,0,0,0,0,0,0,0
Ca21chr1_C_albicans_SC5314,2060000,2060000,65,0,0,0,0,0,0,0
Ca21chr1_C_albicans_SC5314,2070000,2070000,0,0,0,0,0,0,0,0
Ca21chr1_C_albicans_SC5314,2080000,2080000,0,0,0,0,0,0,0,0
Ca21chr1_C_albicans_SC5314,2090000,2090000,0,0,0,0,0,0,0,0
Ca21chr1_C_albicans_SC5314,2100000,2100000,70,0,0,0,0,0,0.0,0.0
Ca21chr1_C_albicans_SC5314,2110000,2110000,70,0,0,0,0,0,0.0,0.0
Ca21chr1_C_albicans_SC5314,2120000,2120000,122,0,0,0,0,0,0.0,0.0
Ca21chr1_C_albicans_SC5314,2130000,2130000,23,0,0,0,0,0,0,0
Ca21chr1_C_albicans_SC5314,2140000,2140000,138,0,0,0,0,0,0.0,0.0
Ca21chr1_C_albicans_SC5314,2150000,2150000,0,0,0,0,0,0,0,0
Ca21chr1_C_albicans_SC5314,2160000,2160000,67,0,0,0,0,0,0,0
Ca21chr1_C_albicans_SC5314,2170000,2170000,41,0,0,0,0,0,0,0
Ca21chr1_C_albicans_SC5314,2180000,2180000,0,0,0,0,0,0,0,0
Ca21chr1_C_albicans_SC5314,2190000,2190000,0,0,0,0,0,0,0,0
Ca21chr1_C_albicans_SC5314,2200000,2200000,19,5,23,0,0,28,0,0
Ca21chr1_C_albicans_SC5314,2210000,2210000,198,0,1,0,0,28,14.0,0.1407
Ca21chr1_C_albicans_SC5314,2220000,2220000,130,0,0,0,0,2,2.0,0.0154
Ca21chr1_C_albicans_SC5314,2230000,2230000,69,0,0,0,0,0,0,0
Ca21chr1_C_albicans_SC5314,2240000,2240000,0,0,0,0,0,0,0,0
Ca21chr1_C_albicans_SC5314,2250000,2250000,130,0,0,0,0,0,0.0,0.0
Ca21chr1_C_albicans_SC5314,2260000,2260000,86,0,2,0,0,2,2.0,0.0227
Ca21chr1_C_albicans_SC5314,2270000,2270000,0,0,0,0,0,0,0,0
Ca21chr1_C_albicans_SC5314,2280000,2280000,29,0,2,0,0,4,0,0
Ca21chr1_C_albicans_SC5314,2290000,2290000,0,0,0,0,0,0,0,0
Ca21chr1_C_albicans_SC5314,2300000,2300000,70,0,0,0,0,2,2.0,0.0286
Ca21chr1_C_albicans_SC5314,2310000,2310000,15,0,0,0,0,0,0,0
Ca21chr1_C_albicans_SC5314,2320000,2320000,70,0,0,0,0,0,0.0,0.0
Ca21chr1_C_albicans_SC5314,2330000,2330000,0,0,0,0,0,0,0,0
Ca21chr1_C_albicans_SC5314,2340000,2340000,0,0,0,0,0,0,0,0
Ca21chr1_C_albicans_SC5314,2350000,2350000,12,0,3,0,0,3,0,0
Ca21chr1_C_albicans_SC5314,2360000,2360000,0,0,0,0,0,0,0,0
Ca21chr1_C_albicans_SC5314,2370000,2370000,0,0,0,0,0,0,0,0
Ca21chr1_C_albicans_SC5314,2380000,2380000,42,0,0,0,0,3,0,0
Ca21chr1_C_albicans_SC5314,2390000,2390000,0,0,0,0,0,0,0,0
Ca21chr1_C_albicans_SC5314,2400000,2400000,111,0,0,0,0,0,0.0,0.0
Ca21chr1_C_albicans_SC5314,2410000,2410000,0,0,0,0,0,0,0,0
Ca21chr1_C_albicans_SC5314,2420000,2420000,109,0,3,0,0,6,6.0,0.0536
Ca21chr1_C_albicans_SC5314,2430000,2430000,0,0,0,0,0,0,0,0
Ca21chr1_C_albicans_SC5314,2440000,2440000,0,0,0,0,0,0,0,0
Ca21chr1_C_albicans_SC5314,2450000,2450000,62,0,0,0,0,0,0,0
Ca21chr1_C_albicans_SC5314,2460000,2460000,39,0,0,0,0,0,0,0
Ca21chr1_C_albicans_SC5314,2470000,2470000,0,0,0,0,0,0,0,0
Ca21chr1_C_albicans_SC5314,2480000,2480000,0,0,0,0,0,0,0,0
Ca21chr1_C_albicans_SC5314,2490000,2490000,0,0,0,0,0,0,0,0
Ca21chr1_C_albicans_SC5314,2500000,2500000,0,0,0,0,0,0,0,0
Ca21chr1_C_albicans_SC5314,2510000,2510000,0,0,0,0,0,0,0,0
Ca21chr1_C_albicans_SC5314,2520000,2520000,78,0,0,0,0,0,0.0,0.0
Ca21chr1_C_albicans_SC5314,2530000,2530000,65,0,0,0,0,0,0,0
Ca21chr1_C_albicans_SC5314,2540000,2540000,64,0,0,0,0,0,0,0
Ca21chr1_C_albicans_SC5314,2550000,2550000,0,0,0,0,0,0,0,0
Ca21chr1_C_albicans_SC5314,2560000,2560000,0,0,0,0,0,0,0,0
Ca21chr1_C_albicans_SC5314,2570000,2570000,53,0,0,0,0,0,0,0
Ca21chr1_C_albicans_SC5314,2580000,2580000,24,0,0,0,0,0,0,0
Ca21chr1_C_albicans_SC5314,2590000,2590000,0,0,0,0,0,0,0,0
Ca21chr1_C_albicans_SC5314,2600000,2600000,10,0,0,0,0,0,0,0
Ca21chr1_C_albicans_SC5314,2610000,2610000,0,0,0,0,0,0,0,0
Ca21chr1_C_albicans_SC5314,2620000,2620000,0,0,0,0,0,0,0,0
Ca21chr1_C_albicans_SC5314,2630000,2630000,0,0,0,0,0,0,0,0
Ca21chr1_C_albicans_SC5314,2640000,2640000,66,0,0,0,0,0,0,0
Ca21chr1_C_albicans_SC5314,2650000,2650000,0,0,0,0,0,0,0,0
Ca21chr1_C_albicans_SC5314,2660000,2660000,53,0,0,0,0,0,0,0
Ca21chr1_C_albicans_SC5314,2670000,2670000,0,0,0,0,0,0,0,0
Ca21chr1_C_albicans_SC5314,2680000,2680000,18,0,0,0,0,0,0,0
Ca21chr1_C_albicans_SC5314,2690000,2690000,0,0,0,0,0,0,0,0
Ca21chr1_C_albicans_SC5314,2700000,2700000,0,0,0,0,0,0,0,0
Ca21chr1_C_albicans_SC5314,2710000,2710000,70,0,0,0,0,0,0.0,0.0
Ca21chr1_C_albicans_SC5314,2720000,2720000,0,0,0,0,0,0,0,0
Ca21chr1_C_albicans_SC5314,2730000,2730000,0,0,0,0,0,0,0,0
Ca21chr1_C_albicans_SC5314,2740000,2740000,0,0,0,0,0,0,0,0
Ca21chr1_C_albicans_SC5314,2750000,2750000,0,0,0,0,0,0,0,0
Ca21chr1_C_albicans_SC5314,2760000,2760000,0,0,0,0,0,0,0,0
Ca21chr1_C_albicans_SC5314,2770000,2770000,203,0,0,0,0,0,0.0,0.0
Ca21chr1_C_albicans_SC5314,2780000,2780000,81,0,0,0,0,0,0.0,0.0
Ca21chr1_C_albicans_SC5314,2790000,2790000,0,0,0,0,0,0,0,0
Ca21chr1_C_albicans_SC5314,2800000,2800000,0,0,0,0,0,0,0,0
Ca21chr1_C_albicans_SC5314,2810000,2810000,0,0,0,0,0,0,0,0
Ca21chr1_C_albicans_SC5314,2820000,2820000,17,0,0,0,0,0,0,0
Ca21chr1_C_albicans_SC5314,2830000,2830000,0,0,0,0,0,0,0,0
Ca21chr1_C_albicans_SC5314,2840000,2840000,0,0,0,0,0,0,0,0
Ca21chr1_C_albicans_SC5314,2850000,2850000,0,0,0,0,0,0,0,0
Ca21chr1_C_albicans_SC5314,2860000,2860000,16,0,0,0,0,0,0,0
Ca21chr1_C_albicans_SC5314,2870000,2870000,0,0,0,0,0,0,0,0
Ca21chr1_C_albicans_SC5314,2880000,2880000,0,0,0,0,0,0,0,0
Ca21chr1_C_albicans_SC5314,2890000,2890000,0,0,0,0,0,0,0,0
Ca21chr1_C_albicans_SC5314,2900000,2900000,60,0,0,0,0,0,0,0
Ca21chr1_C_albicans_SC5314,2910000,2910000,65,0,0,0,0,0,0,0
Ca21chr1_C_albicans_SC5314,2920000,2920000,0,0,0,0,0,0,0,0
Ca21chr1_C_albicans_SC5314,2930000,2930000,0,0,0,0,0,0,0,0
Ca21chr1_C_albicans_SC5314,2940000,2940000,0,0,0,0,0,0,0,0
Ca21chr1_C_albicans_SC5314,2950000,2950000,104,0,1,0,0,1,1.0,0.0095
Ca21chr1_C_albicans_SC5314,2960000,2960000,0,0,0,0,0,0,0,0
Ca21chr1_C_albicans_SC5314,2970000,2970000,0,0,0,0,0,0,0,0
Ca21chr1_C_albicans_SC5314,2980000,2980000,0,0,0,0,0,0,0,0
Ca21chr1_C_albicans_SC5314,2990000,2990000,110,0,0,0,0,1,1.0,0.0091
Ca21chr1_C_albicans_SC5314,3000000,3000000,0,0,0,0,0,0,0,0
Ca21chr1_C_albicans_SC5314,3010000,3010000,41,0,0,0,0,0,0,0
Ca21chr1_C_albicans_SC5314,3020000,3020000,156,0,0,0,0,0,0.0,0.0
Ca21chr1_C_albicans_SC5314,3030000,3030000,131,0,0,0,0,0,0.0,0.0
Ca21chr1_C_albicans_SC5314,3040000,3040000,0,0,0,0,0,0,0,0
Ca21chr1_C_albicans_SC5314,3050000,3050000,69,0,0,0,0,0,0,0
Ca21chr1_C_albicans_SC5314,3060000,3060000,135,0,0,0,0,0,0.0,0.0
Ca21chr1_C_albicans_SC5314,3070000,3070000,35,0,0,0,0,0,0,0
Ca21chr1_C_albicans_SC5314,3080000,3080000,0,0,0,0,0,0,0,0
Ca21chr1_C_albicans_SC5314,3090000,3090000,62,0,0,0,0,0,0,0
Ca21chr1_C_albicans_SC5314,3100000,3100000,58,0,0,0,0,0,0,0
Ca21chr1_C_albicans_SC5314,3110000,3110000,0,0,0,0,0,0,0,0
Ca21chr1_C_albicans_SC5314,3120000,3120000,0,0,0,0,0,0,0,0
Ca21chr1_C_albicans_SC5314,3130000,3130000,69,0,0,0,0,0,0,0
Ca21chr1_C_albicans_SC5314,3140000,3140000,0,0,0,0,0,0,0,0
Ca21chr1_C_albicans_SC5314,3150000,3150000,69,0,0,0,0,0,0,0
Ca21chr1_C_albicans_SC5314,3160000,3160000,0,0,0,0,0,0,0,0
Ca21chr1_C_albicans_SC5314,3170000,3170000,70,0,0,0,0,0,0.0,0.0
Ca21chr1_C_albicans_SC5314,3180000,3180000,0,0,0,0,0,0,0,0
Ca21chr1_C_albicans_SC5314,3190000,3190000,0,0,0,0,0,0,0,0
Ca21chr2_C_albicans_SC5314,0,3200000,16,0,0,0,0,0,0,0
Ca21chr2_C_albicans_SC5314,10000,3210000,0,0,0,0,0,0,0,0
Ca21chr2_C_albicans_SC5314,20000,3220000,0,0,0,0,0,0,0,0
Ca21chr2_C_albicans_SC5314,30000,3230000,13,0,0,0,0,1,0,0
Ca21chr2_C_albicans_SC5314,40000,3240000,0,0,0,0,0,0,0,0
Ca21chr2_C_albicans_SC5314,50000,3250000,0,0,0,0,0,0,0,0
Ca21chr2_C_albicans_SC5314,60000,3260000,22,0,0,0,0,0,0,0
Ca21chr2_C_albicans_SC5314,70000,3270000,0,0,0,0,0,0,0,0
Ca21chr2_C_albicans_SC5314,80000,3280000,0,0,0,0,0,0,0,0
Ca21chr2_C_albicans_SC5314,90000,3290000,0,0,0,0,0,0,0,0
Ca21chr2_C_albicans_SC5314,100000,3300000,0,0,0,0,0,0,0,0
Ca21chr2_C_albicans_SC5314,110000,3310000,0,0,0,0,0,0,0,0
Ca21chr2_C_albicans_SC5314,120000,3320000,25,0,0,0,0,3,0,0
Ca21chr2_C_albicans_SC5314,130000,3330000,0,0,0,0,0,0,0,0
Ca21chr2_C_albicans_SC5314,140000,3340000,0,0,0,0,0,0,0,0
Ca21chr2_C_albicans_SC5314,150000,3350000,0,0,0,0,0,0,0,0
Ca21chr2_C_albicans_SC5314,160000,3360000,0,0,0,0,0,0,0,0
Ca21chr2_C_albicans_SC5314,170000,3370000,0,0,0,0,0,0,0,0
Ca21chr2_C_albicans_SC5314,180000,3380000,0,0,0,0,0,0,0,0
Ca21chr2_C_albicans_SC5314,190000,3390000,0,0,0,0,0,0,0,0
Ca21chr2_C_albicans_SC5314,200000,3400000,0,0,0,0,0,0,0,0
Ca21chr2_C_albicans_SC5314,210000,3410000,0,0,0,0,0,0,0,0
Ca21chr2_C_albicans_SC5314,220000,3420000,0,0,0,0,0,0,0,0
Ca21chr2_C_albicans_SC5314,230000,3430000,0,0,0,0,0,0,0,0
Ca21chr2_C_albicans_SC5314,240000,3440000,35,0,4,0,0,4,0,0
Ca21chr2_C_albicans_SC5314,250000,3450000,0,0,0,0,0,0,0,0
Ca21chr2_C_albicans_SC5314,260000,3460000,16,0,0,0,0,0,0,0
Ca21chr2_C_albicans_SC5314,270000,3470000,0,0,0,0,0,0,0,0
Ca21chr2_C_albicans_SC5314,280000,3480000,0,0,0,0,0,0,0,0
Ca21chr2_C_albicans_SC5314,290000,3490000,46,0,0,0,0,2,0,0
Ca21chr2_C_albicans_SC5314,300000,3500000,0,0,0,0,0,0,0,0
Ca21chr2_C_albicans_SC5314,310000,3510000,0,0,0,0,0,0,0,0
Ca21chr2_C_albicans_SC5314,320000,3520000,0,0,0,0,0,0,0,0
Ca21chr2_C_albicans_SC5314,330000,3530000,0,0,0,0,0,0,0,0
Ca21chr2_C_albicans_SC5314,340000,3540000,0,0,0,0,0,0,0,0
Ca21chr2_C_albicans_SC5314,350000,3550000,0,0,0,0,0,0,0,0
Ca21chr2_C_albicans_SC5314,360000,3560000,35,0,2,0,0,2,0,0
Ca21chr2_C_albicans_SC5314,370000,3570000,0,0,0,0,0,0,0,0
Ca21chr2_C_albicans_SC5314,380000,3580000,0,0,0,0,0,0,0,0
Ca21chr2_C_albicans_SC5314,390000,3590000,0,0,0,0,0,0,0,0
Ca21chr2_C_albicans_SC5314,400000,3600000,0,0,0,0,0,0,0,0
Ca21chr2_C_albicans_SC5314,410000,3610000,0,0,0,0,0,0,0,0
Ca21chr2_C_albicans_SC5314,420000,3620000,0,0,0,0,0,0,0,0
Ca21chr2_C_albicans_SC5314,430000,3630000,0,0,0,0,0,0,0,0
Ca21chr2_C_albicans_SC5314,440000,3640000,0,0,0,0,0,0,0,0
Ca21chr2_C_albicans_SC5314,450000,3650000,48,0,0,0,0,0,0,0
Ca21chr2_C_albicans_SC5314,460000,3660000,0,0,0,0,0,0,0,0
Ca21chr2_C_albicans_SC5314,470000,3670000,0,0,0,0,0,0,0,0
Ca21chr2_C_albicans_SC5314,480000,3680000,0,0,0,0,0,0,0,0
Ca21chr2_C_albicans_SC5314,490000,3690000,0,0,0,0,0,0,0,0
Ca21chr2_C_albicans_SC5314,500000,3700000,0,0,0,0,0,0,0,0
Ca21chr2_C_albicans_SC5314,510000,3710000,0,0,0,0,0,0,0,0
Ca21chr2_C_albicans_SC5314,520000,3720000,0,0,0,0,0,0,0,0
Ca21chr2_C_albicans_SC5314,530000,3730000,0,0,0,0,0,0,0,0
Ca21chr2_C_albicans_SC5314,540000,3740000,41,0,0,0,0,0,0,0
Ca21chr2_C_albicans_SC5314,550000,3750000,0,0,0,0,0,0,0,0
Ca21chr2_C_albicans_SC5314,560000,3760000,0,0,0,0,0,0,0,0
Ca21chr2_C_albicans_SC5314,570000,3770000,0,0,0,0,0,0,0,0
Ca21chr2_C_albicans_SC5314,580000,3780000,0,0,0,0,0,0,0,0
Ca21chr2_C_albicans_SC5314,590000,3790000,0,0,0,0,0,0,0,0
Ca21chr2_C_albicans_SC5314,600000,3800000,0,0,0,0,0,0,0,0
Ca21chr2_C_albicans_SC5314,610000,3810000,34,0,0,0,0,3,0,0
Ca21chr2_C_albicans_SC5314,620000,3820000,0,0,0,0,0,0,0,0
Ca21chr2_C_albicans_SC5314,630000,3830000,0,0,0,0,0,0,0,0
Ca21chr2_C_albicans_SC5314,640000,3840000,0,0,0,0,0,0,0,0
Ca21chr2_C_albicans_SC5314,650000,3850000,0,0,0,0,0,0,0,0
Ca21chr2_C_albicans_SC5314,660000,3860000,0,0,0,0,0,0,0,0
Ca21chr2_C_albicans_SC5314,670000,3870000,0,0,0,0,0,0,0,0
Ca21chr2_C_albicans_SC5314,680000,3880000,0,0,0,0,0,0,0,0
Ca21chr2_C_albicans_SC5314,690000,3890000,0,0,0,0,0,0,0,0
Ca21chr2_C_albicans_SC5314,700000,3900000,0,0,0,0,0,0,0,0
Ca21chr2_C_albicans_SC5314,710000,3910000,15,0,3,0,0,3,0,0
Ca21chr2_C_albicans_SC5314,720000,3920000,0,0,0,0,0,0,0,0
Ca21chr2_C_albicans_SC5314,730000,3930000,12,0,0,0,0,0,0,0
Ca21chr2_C_albicans_SC5314,740000,3940000,0,0,0,0,0,0,0,0
Ca21chr2_C_albicans_SC5314,750000,3950000,0,0,0,0,0,0,0,0
Ca21chr2_C_albicans_SC5314,760000,3960000,0,0,0,0,0,0,0,0
Ca21chr2_C_albicans_SC5314,770000,3970000,32,0,0,0,0,0,0,0
Ca21chr2_C_albicans_SC5314,780000,3980000,0,0,0,0,0,0,0,0
Ca21chr2_C_albicans_SC5314,790000,3990000,0,0,0,0,0,0,0,0
Ca21chr2_C_albicans_SC5314,800000,4000000,4,0,0,0,0,0,0,0
Ca21chr2_C_albicans_SC5314,810000,4010000,0,0,0,0,0,0,0,0
Ca21chr2_C_albicans_SC5314,820000,4020000,0,0,0,0,0,0,0,0
Ca21chr2_C_albicans_SC5314,830000,4030000,0,0,0,0,0,0,0,0
Ca21chr2_C_albicans_SC5314,840000,4040000,0,0,0,0,0,0,0,0
Ca21chr2_C_albicans_SC5314,850000,4050000,0,0,0,0,0,0,0,0
Ca21chr2_C_albicans_SC5314,860000,4060000,0,0,0,0,0,0,0,0
Ca21chr2_C_albicans_SC5314,870000,4070000,0,0,0,0,0,0,0,0
Ca21chr2_C_albicans_SC5314,880000,4080000,43,0,0,0,0,2,0,0
Ca21chr2_C_albicans_SC5314,890000,4090000,5,0,2,0,0,2,0,0
Ca21chr2_C_albicans_SC5314,900000,4100000,18,0,0,0,0,0,0,0
Ca21chr2_C_albicans_SC5314,910000,4110000,0,0,0,0,0,0,0,0
Ca21chr2_C_albicans_SC5314,920000,4120000,10,0,0,0,0,0,0,0
Ca21chr2_C_albicans_SC5314,930000,4130000,34,0,0,0,0,0,0,0
Ca21chr2_C_albicans_SC5314,940000,4140000,11,0,0,0,0,0,0,0
Ca21chr2_C_albicans_SC5314,950000,4150000,0,0,0,0,0,0,0,0
Ca21chr2_C_albicans_SC5314,960000,4160000,0,0,0,0,0,0,0,0
Ca21chr2_C_albicans_SC5314,970000,4170000,0,0,0,0,0,0,0,0
Ca21chr2_C_albicans_SC5314,980000,4180000,0,0,0,0,0,0,0,0
Ca21chr2_C_albicans_SC5314,990000,4190000,0,0,0,0,0,0,0,0
Ca21chr2_C_albicans_SC5314,1000000,4200000,0,0,0,0,0,0,0,0
Ca21chr2_C_albicans_SC5314,1010000,4210000,0,0,0,0,0,0,0,0
Ca21chr2_C_albicans_SC5314,1020000,4220000,0,0,0,0,0,0,0,0
Ca21chr2_C_albicans_SC5314,1030000,4230000,0,0,0,0,0,0,0,0
Ca21chr2_C_albicans_SC5314,1040000,4240000,0,0,0,0,0,0,0,0
Ca21chr2_C_albicans_SC5314,1050000,4250000,41,0,0,0,0,0,0,0
Ca21chr2_C_albicans_SC5314,1060000,4260000,0,0,0,0,0,0,0,0
Ca21chr2_C_albicans_SC5314,1070000,4270000,0,0,0,0,0,0,0,0
Ca21chr2_C_albicans_SC5314,1080000,4280000,11,0,0,0,0,0,0,0
Ca21chr2_C_albicans_SC5314,1090000,4290000,0,0,0,0,0,0,0,0
Ca21chr2_C_albicans_SC5314,1100000,4300000,0,0,0,0,0,0,0,0
Ca21chr2_C_albicans_SC5314,1110000,4310000,0,0,0,0,0,0,0,0
Ca21chr2_C_albicans_SC5314,1120000,4320000,0,0,0,0,0,0,0,0
Ca21chr2_C_albicans_SC5314,1130000,4330000,0,0,0,0,0,0,0,0
Ca21chr2_C_albicans_SC5314,1140000,4340000,0,0,0,0,0,0,0,0
Ca21chr2_C_albicans_SC5314,1150000,4350000,0,0,0,0,0,0,0,0
Ca21chr2_C_albicans_SC5314,1160000,4360000,0,0,0,0,0,0,0,0
Ca21chr2_C_albicans_SC5314,1170000,4370000,0,0,0,0,0,0,0,0
Ca21chr2_C_albicans_SC5314,1180000,4380000,0,0,0,0,0,0,0,0
Ca21chr2_C_albicans_SC5314,1190000,4390000,0,0,0,0,0,0,0,0
Ca21chr2_C_albicans_SC5314,1200000,4400000,0,0,0,0,0,0,0,0
Ca21chr2_C_albicans_SC5314,1210000,4410000,0,0,0,0,0,0,0,0
Ca21chr2_C_albicans_SC5314,1220000,4420000,0,0,0,0,0,0,0,0
Ca21chr2_C_albicans_SC5314,1230000,4430000,50,0,0,0,0,0,0,0
Ca21chr2_C_albicans_SC5314,1240000,4440000,0,0,0,0,0,0,0,0
Ca21chr2_C_albicans_SC5314,1250000,4450000,40,0,0,0,0,1,0,0
Ca21chr2_C_albicans_SC5314,1260000,4460000,0,0,0,0,0,0,0,0
Ca21chr2_C_albicans_SC5314,1270000,4470000,34,0,0,0,0,0,0,0
Ca21chr2_C_albicans_SC5314,1280000,4480000,0,0,0,0,0,0,0,0
Ca21chr2_C_albicans_SC5314,1290000,4490000,0,0,0,0,0,0,0,0
Ca21chr2_C_albicans_SC5314,1300000,4500000,0,0,0,0,0,0,0,0
Ca21chr2_C_albicans_SC5314,1310000,4510000,30,0,0,0,0,0,0,0
Ca21chr2_C_albicans_SC5314,1320000,4520000,0,0,0,0,0,0,0,0
Ca21chr2_C_albicans_SC5314,1330000,4530000,7,0,0,0,0,1,0,0
Ca21chr2_C_albicans_SC5314,1340000,4540000,13,0,0,0,0,6,0,0
Ca21chr2_C_albicans_SC5314,1350000,4550000,0,0,0,0,0,0,0,0
Ca21chr2_C_albicans_SC5314,1360000,4560000,18,0,5,0,0,5,0,0
Ca21chr2_C_albicans_SC5314,1370000,4570000,38,0,7,0,0,7,0,0
Ca21chr2_C_albicans_SC5314,1380000,4580000,41,0,0,0,0,0,0,0
Ca21chr2_C_albicans_SC5314,1390000,4590000,0,0,0,0,0,0,0,0
Ca21chr2_C_albicans_SC5314,1400000,4600000,0,0,0,0,0,0,0,0
Ca21chr2_C_albicans_SC5314,1410000,4610000,24,0,0,0,0,0,0,0
Ca21chr2_C_albicans_SC5314,1420000,4620000,0,0,0,0,0,0,0,0
Ca21chr2_C_albicans_SC5314,1430000,4630000,0,0,0,0,0,0,0,0
Ca21chr2_C_albicans_SC5314,1440000,4640000,0,0,0,0,0,0,0,0
Ca21chr2_C_albicans_SC5314,1450000,4650000,0,0,0,0,0,0,0,0
Ca21chr2_C_albicans_SC5314,1460000,4660000,0,0,0,0,0,0,0,0
Ca21chr2_C_albicans_SC5314,1470000,4670000,27,0,0,0,0,0,0,0
Ca21chr2_C_albicans_SC5314,1480000,4680000,0,0,0,0,0,0,0,0
Ca21chr2_C_albicans_SC5314,1490000,4690000,0,0,0,0,0,0,0,0
Ca21chr2_C_albicans_SC5314,1500000,4700000,0,0,0,0,0,0,0,0
Ca21chr2_C_albicans_SC5314,1510000,4710000,0,0,0,0,0,0,0,0
Ca21chr2_C_albicans_SC5314,1520000,4720000,0,0,0,0,0,0,0,0
Ca21chr2_C_albicans_SC5314,1530000,4730000,0,0,0,0,0,0,0,0
Ca21chr2_C_albicans_SC5314,1540000,4740000,0,0,0,0,0,0,0,0
Ca21chr2_C_albicans_SC5314,1550000,4750000,0,0,0,0,0,0,0,0
Ca21chr2_C_albicans_SC5314,1560000,4760000,5,0,0,0,0,0,0,0
Ca21chr2_C_albicans_SC5314,1570000,4770000,0,0,0,0,0,0,0,0
Ca21chr2_C_albicans_SC5314,1580000,4780000,0,0,0,0,0,0,0,0
Ca21chr2_C_albicans_SC5314,1590000,4790000,0,0,0,0,0,0,0,0
Ca21chr2_C_albicans_SC5314,1600000,4800000,0,0,0,0,0,0,0,0
Ca21chr2_C_albicans_SC5314,1610000,4810000,0,0,0,0,0,0,0,0
Ca21chr2_C_albicans_SC5314,1620000,4820000,0,0,0,0,0,0,0,0
Ca21chr2_C_albicans_SC5314,1630000,4830000,0,0,0,0,0,0,0,0
Ca21chr2_C_albicans_SC5314,1640000,4840000,0,0,0,0,0,0,0,0
Ca21chr2_C_albicans_SC5314,1650000,4850000,0,0,0,0,0,0,0,0
Ca21chr2_C_albicans_SC5314,1660000,4860000,0,0,0,0,0,0,0,0
Ca21chr2_C_albicans_SC5314,1670000,4870000,0,0,0,0,0,0,0,0
Ca21chr2_C_albicans_SC5314,1680000,4880000,17,0,0,0,0,0,0,0
Ca21chr2_C_albicans_SC5314,1690000,4890000,0,0,0,0,0,0,0,0
Ca21chr2_C_albicans_SC5314,1700000,4900000,0,0,0,0,0,0,0,0
Ca21chr2_C_albicans_SC5314,1710000,4910000,0,0,0,0,0,0,0,0
Ca21chr2_C_albicans_SC5314,1720000,4920000,0,0,0,0,0,0,0,0
Ca21chr2_C_albicans_SC5314,1730000,4930000,0,0,0,0,0,0,0,0
Ca21chr2_C_albicans_SC5314,1740000,4940000,0,0,0,0,0,0,0,0
Ca21chr2_C_albicans_SC5314,1750000,4950000,0,0,0,0,0,0,0,0
Ca21chr2_C_albicans_SC5314,1760000,4960000,0,0,0,0,0,0,0,0
Ca21chr2_C_albicans_SC5314,1770000,4970000,0,0,0,0,0,0,0,0
Ca21chr2_C_albicans_SC5314,1780000,4980000,12,0,0,0,0,0,0,0
Ca21chr2_C_albicans_SC5314,1790000,4990000,38,0,0,0,0,0,0,0
Ca21chr2_C_albicans_SC5314,1800000,5000000,0,0,0,0,0,0,0,0
Ca21chr2_C_albicans_SC5314,1810000,5010000,0,0,0,0,0,0,0,0
Ca21chr2_C_albicans_SC5314,1820000,5020000,0,0,0,0,0,0,0,0
Ca21chr2_C_albicans_SC5314,1830000,5030000,0,0,0,0,0,0,0,0
Ca21chr2_C_albicans_SC5314,1840000,5040000,0,0,0,0,0,0,0,0
Ca21chr2_C_albicans_SC5314,1850000,5050000,0,0,0,0,0,0,0,0
Ca21chr2_C_albicans_SC5314,1860000,5060000,0,0,0,0,0,0,0,0
Ca21chr2_C_albicans_SC5314,1870000,5070000,41,0,0,0,0,0,0,0
Ca21chr2_C_albicans_SC5314,1880000,5080000,21,0,0,0,0,0,0,0
Ca21chr2_C_albicans_SC5314,1890000,5090000,41,0,0,0,0,0,0,0
Ca21chr2_C_albicans_SC5314,1900000,5100000,0,0,0,0,0,0,0,0
Ca21chr2_C_albicans_SC5314,1910000,5110000,0,0,0,0,0,0,0,0
Ca21chr2_C_albicans_SC5314,1920000,5120000,0,0,0,0,0,0,0,0
Ca21chr2_C_albicans_SC5314,1930000,5130000,0,0,0,0,0,0,0,0
Ca21chr2_C_albicans_SC5314,1940000,5140000,0,0,0,0,0,0,0,0
Ca21chr2_C_albicans_SC5314,1950000,5150000,0,0,0,0,0,0,0,0
Ca21chr2_C_albicans_SC5314,1960000,5160000,0,0,0,0,0,0,0,0
Ca21chr2_C_albicans_SC5314,1970000,5170000,0,0,0,0,0,0,0,0
Ca21chr2_C_albicans_SC5314,1980000,5180000,0,0,0,0,0,0,0,0
Ca21chr2_C_albicans_SC5314,1990000,5190000,0,0,0,0,0,0,0,0
Ca21chr2_C_albicans_SC5314,2000000,5200000,0,0,0,0,0,0,0,0
Ca21chr2_C_albicans_SC5314,2010000,5210000,54,0,0,0,0,0,0,0
Ca21chr2_C_albicans_SC5314,2020000,5220000,94,0,0,0,0,0,0.0,0.0
Ca21chr2_C_albicans_SC5314,2030000,5230000,0,0,0,0,0,0,0,0
Ca21chr2_C_albicans_SC5314,2040000,5240000,0,0,0,0,0,0,0,0
Ca21chr2_C_albicans_SC5314,2050000,5250000,0,0,0,0,0,0,0,0
Ca21chr2_C_albicans_SC5314,2060000,5260000,0,0,0,0,0,0,0,0
Ca21chr2_C_albicans_SC5314,2070000,5270000,24,0,0,0,0,0,0,0
Ca21chr2_C_albicans_SC5314,2080000,5280000,0,0,0,0,0,0,0,0
Ca21chr2_C_albicans_SC5314,2090000,5290000,40,0,0,0,0,0,0,0
Ca21chr2_C_albicans_SC5314,2100000,5300000,0,0,0,0,0,0,0,0
Ca21chr2_C_albicans_SC5314,2110000,5310000,13,0,0,0,0,0,0,0
Ca21chr2_C_albicans_SC5314,2120000,5320000,0,0,0,0,0,0,0,0
Ca21chr2_C_albicans_SC5314,2130000,5330000,0,0,0,0,0,0,0,0
Ca21chr2_C_albicans_SC5314,2140000,5340000,0,0,0,0,0,0,0,0
Ca21chr2_C_albicans_SC5314,2150000,5350000,0,0,0,0,0,0,0,0
Ca21chr2_C_albicans_SC5314,2160000,5360000,0,0,0,0,0,0,0,0
Ca21chr2_C_albicans_SC5314,2170000,5370000,16,0,0,0,0,0,0,0
Ca21chr2_C_albicans_SC5314,2180000,5380000,0,0,0,0,0,0,0,0
Ca21chr2_C_albicans_SC5314,2190000,5390000,125,0,0,0,0,0,0.0,0.0
Ca21chr2_C_albicans_SC5314,2200000,5400000,0,0,0,0,0,0,0,0
Ca21chr2_C_albicans_SC5314,2210000,5410000,40,0,0,0,0,0,0,0
Ca21chr2_C_albicans_SC5314,2220000,5420000,59,0,0,0,0,0,0,0
Ca21chr2_C_albicans_SC5314,2230000,5430000,0,0,0,0,0,0,0,0
Ca21chr3_C_albicans_SC5314,0,5440000,0,0,0,0,0,0,0,0
Ca21chr3_C_albicans_SC5314,10000,5450000,68,0,0,0,0,0,0,0
Ca21chr3_C_albicans_SC5314,20000,5460000,0,0,0,0,0,0,0,0
Ca21chr3_C_albicans_SC5314,30000,5470000,69,0,0,0,0,0,0,0
Ca21chr3_C_albicans_SC5314,40000,5480000,69,0,0,0,0,0,0,0
Ca21chr3_C_albicans_SC5314,50000,5490000,0,0,0,0,0,0,0,0
Ca21chr3_C_albicans_SC5314,60000,5500000,298,0,0,0,0,0,0.0,0.0
Ca21chr3_C_albicans_SC5314,70000,5510000,0,0,0,0,0,0,0,0
Ca21chr3_C_albicans_SC5314,80000,5520000,0,0,0,0,0,0,0,0
Ca21chr3_C_albicans_SC5314,90000,5530000,0,0,0,0,0,0,0,0
Ca21chr3_C_albicans_SC5314,100000,5540000,0,0,0,0,0,0,0,0
Ca21chr3_C_albicans_SC5314,110000,5550000,0,0,0,0,0,0,0,0
Ca21chr3_C_albicans_SC5314,120000,5560000,37,0,0,0,0,0,0,0
Ca21chr3_C_albicans_SC5314,130000,5570000,0,0,0,0,0,0,0,0
Ca21chr3_C_albicans_SC5314,140000,5580000,0,0,0,0,0,0,0,0
Ca21chr3_C_albicans_SC5314,150000,5590000,0,0,0,0,0,0,0,0
Ca21chr3_C_albicans_SC5314,160000,5600000,138,0,0,0,0,12,12.0,0.087
Ca21chr3_C_albicans_SC5314,170000,5610000,0,0,0,0,0,0,0,0
Ca21chr3_C_albicans_SC5314,180000,5620000,0,0,0,0,0,0,0,0
Ca21chr3_C_albicans_SC5314,190000,5630000,0,0,0,0,0,0,0,0
Ca21chr3_C_albicans_SC5314,200000,5640000,50,0,12,0,0,12,0,0
Ca21chr3_C_albicans_SC5314,210000,5650000,0,0,0,0,0,0,0,0
Ca21chr3_C_albicans_SC5314,220000,5660000,0,0,0,0,0,0,0,0
Ca21chr3_C_albicans_SC5314,230000,5670000,15,0,0,0,0,0,0,0
Ca21chr3_C_albicans_SC5314,240000,5680000,0,0,0,0,0,0,0,0
Ca21chr3_C_albicans_SC5314,250000,5690000,53,0,0,0,0,0,0,0
Ca21chr3_C_albicans_SC5314,260000,5700000,0,0,0,0,0,0,0,0
Ca21chr3_C_albicans_SC5314,270000,5710000,0,0,0,0,0,0,0,0
Ca21chr3_C_albicans_SC5314,280000,5720000,59,0,0,0,0,2,0,0
Ca21chr3_C_albicans_SC5314,290000,5730000,0,0,0,0,0,0,0,0
Ca21chr3_C_albicans_SC5314,300000,5740000,0,0,0,0,0,0,0,0
Ca21chr3_C_albicans_SC5314,310000,5750000,0,0,0,0,0,0,0,0
Ca21chr3_C_albicans_SC5314,320000,5760000,67,0,2,0,0,2,0,0
Ca21chr3_C_albicans_SC5314,330000,5770000,0,0,0,0,0,0,0,0
Ca21chr3_C_albicans_SC5314,340000,5780000,0,0,0,0,0,0,0,0
Ca21chr3_C_albicans_SC5314,350000,5790000,0,0,0,0,0,0,0,0
Ca21chr3_C_albicans_SC5314,360000,5800000,0,0,0,0,0,0,0,0
Ca21chr3_C_albicans_SC5314,370000,5810000,0,0,0,0,0,0,0,0
Ca21chr3_C_albicans_SC5314,380000,5820000,68,0,0,0,0,0,0,0
Ca21chr3_C_albicans_SC5314,390000,5830000,92,0,0,0,0,0,0.0,0.0
Ca21chr3_C_albicans_SC5314,400000,5840000,0,0,0,0,0,0,0,0
Ca21chr3_C_albicans_SC5314,410000,5850000,0,0,0,0,0,0,0,0
Ca21chr3_C_albicans_SC5314,420000,5860000,0,0,0,0,0,0,0,0
Ca21chr3_C_albicans_SC5314,430000,5870000,132,0,0,0,0,0,0.0,0.0
Ca21chr3_C_albicans_SC5314,440000,5880000,68,0,0,0,0,0,0,0
Ca21chr3_C_albicans_SC5314,450000,5890000,0,0,0,0,0,0,0,0
Ca21chr3_C_albicans_SC5314,460000,5900000,0,0,0,0,0,0,0,0
Ca21chr3_C_albicans_SC5314,470000,5910000,134,0,0,0,0,0,0.0,0.0
Ca21chr3_C_albicans_SC5314,480000,5920000,17,0,0,0,0,0,0,0
Ca21chr3_C_albicans_SC5314,490000,5930000,0,0,0,0,0,0,0,0
Ca21chr3_C_albicans_SC5314,500000,5940000,17,0,0,0,0,0,0,0
Ca21chr3_C_albicans_SC5314,510000,5950000,0,0,0,0,0,0,0,0
Ca21chr3_C_albicans_SC5314,520000,5960000,69,0,0,0,0,0,0,0
Ca21chr3_C_albicans_SC5314,530000,5970000,64,0,0,0,0,0,0,0
Ca21chr3_C_albicans_SC5314,540000,5980000,0,0,0,0,0,0,0,0
Ca21chr3_C_albicans_SC5314,550000,5990000,0,0,0,0,0,0,0,0
Ca21chr3_C_albicans_SC5314,560000,6000000,0,0,0,0,0,0,0,0
Ca21chr3_C_albicans_SC5314,570000,6010000,0,0,0,0,0,0,0,0
Ca21chr3_C_albicans_SC5314,580000,6020000,149,0,1,0,0,2,1.0,0.0133
Ca21chr3_C_albicans_SC5314,590000,6030000,68,0,0,0,0,0,0,0
Ca21chr3_C_albicans_SC5314,600000,6040000,0,0,0,0,0,0,0,0
Ca21chr3_C_albicans_SC5314,610000,6050000,0,0,0,0,0,0,0,0
Ca21chr3_C_albicans_SC5314,620000,6060000,69,0,0,0,0,0,0,0
Ca21chr3_C_albicans_SC5314,630000,6070000,0,0,0,0,0,0,0,0
Ca21chr3_C_albicans_SC5314,640000,6080000,0,0,0,0,0,0,0,0
Ca21chr3_C_albicans_SC5314,650000,6090000,69,0,0,0,0,0,0,0
Ca21chr3_C_albicans_SC5314,660000,6100000,0,0,0,0,0,0,0,0
Ca21chr3_C_albicans_SC5314,670000,6110000,0,0,0,0,0,0,0,0
Ca21chr3_C_albicans_SC5314,680000,6120000,0,0,0,0,0,0,0,0
Ca21chr3_C_albicans_SC5314,690000,6130000,0,0,0,0,0,0,0,0
Ca21chr3_C_albicans_SC5314,700000,6140000,0,0,0,0,0,0,0,0
Ca21chr3_C_albicans_SC5314,710000,6150000,0,0,0,0,0,0,0,0
Ca21chr3_C_albicans_SC5314,720000,6160000,0,0,0,0,0,0,0,0
Ca21chr3_C_albicans_SC5314,730000,6170000,0,0,0,0,0,0,0,0
Ca21chr3_C_albicans_SC5314,740000,6180000,112,0,0,0,0,0,0.0,0.0
Ca21chr3_C_albicans_SC5314,750000,6190000,0,0,0,0,0,0,0,0
Ca21chr3_C_albicans_SC5314,760000,6200000,0,0,0,0,0,0,0,0
Ca21chr3_C_albicans_SC5314,770000,6210000,0,0,0,0,0,0,0,0
Ca21chr3_C_albicans_SC5314,780000,6220000,0,0,0,0,0,0,0,0
Ca21chr3_C_albicans_SC5314,790000,6230000,0,0,0,0,0,0,0,0
Ca21chr3_C_albicans_SC5314,800000,6240000,0,0,0,0,0,0,0,0
Ca21chr3_C_albicans_SC5314,810000,6250000,0,0,0,0,0,0,0,0
Ca21chr3_C_albicans_SC5314,820000,6260000,0,0,0,0,0,0,0,0
Ca21chr3_C_albicans_SC5314,830000,6270000,0,0,0,0,0,0,0,0
Ca21chr3_C_albicans_SC5314,840000,6280000,0,0,0,0,0,0,0,0
Ca21chr3_C_albicans_SC5314,850000,6290000,0,0,0,0,0,0,0,0
Ca21chr3_C_albicans_SC5314,860000,6300000,0,0,0,0,0,0,0,0
Ca21chr3_C_albicans_SC5314,870000,6310000,0,0,0,0,0,0,0,0
Ca21chr3_C_albicans_SC5314,880000,6320000,30,0,0,0,0,0,0,0
Ca21chr3_C_albicans_SC5314,890000,6330000,0,0,0,0,0,0,0,0
Ca21chr3_C_albicans_SC5314,900000,6340000,14,0,0,0,0,0,0,0
Ca21chr3_C_albicans_SC5314,910000,6350000,0,0,0,0,0,0,0,0
Ca21chr3_C_albicans_SC5314,920000,6360000,29,0,0,0,0,0,0,0
Ca21chr3_C_albicans_SC5314,930000,6370000,76,0,0,0,0,0,0.0,0.0
Ca21chr3_C_albicans_SC5314,940000,6380000,0,0,0,0,0,0,0,0
Ca21chr3_C_albicans_SC5314,950000,6390000,0,0,0,0,0,0,0,0
Ca21chr3_C_albicans_SC5314,960000,6400000,0,0,0,0,0,0,0,0
Ca21chr3_C_albicans_SC5314,970000,6410000,0,0,0,0,0,0,0,0
Ca21chr3_C_albicans_SC5314,980000,6420000,44,0,0,0,0,0,0,0
Ca21chr3_C_albicans_SC5314,990000,6430000,0,0,0,0,0,0,0,0
Ca21chr3_C_albicans_SC5314,1000000,6440000,0,0,0,0,0,0,0,0
Ca21chr3_C_albicans_SC5314,1010000,6450000,0,0,0,0,0,0,0,0
Ca21chr3_C_albicans_SC5314,1020000,6460000,81,0,0,0,0,0,0.0,0.0
Ca21chr3_C_albicans_SC5314,1030000,6470000,0,0,0,0,0,0,0,0
Ca21chr3_C_albicans_SC5314,1040000,6480000,40,0,0,0,0,0,0,0
Ca21chr3_C_albicans_SC5314,1050000,6490000,67,0,0,0,0,0,0,0
Ca21chr3_C_albicans_SC5314,1060000,6500000,56,0,0,0,0,0,0,0
Ca21chr3_C_albicans_SC5314,1070000,6510000,0,0,0,0,0,0,0,0
Ca21chr3_C_albicans_SC5314,1080000,6520000,64,0,0,0,0,0,0,0
Ca21chr3_C_albicans_SC5314,1090000,6530000,0,0,0,0,0,0,0,0
Ca21chr3_C_albicans_SC5314,1100000,6540000,76,0,0,0,0,0,0.0,0.0
Ca21chr3_C_albicans_SC5314,1110000,6550000,32,0,0,0,0,0,0,0
Ca21chr3_C_albicans_SC5314,1120000,6560000,0,0,0,0,0,0,0,0
Ca21chr3_C_albicans_SC5314,1130000,6570000,0,0,0,0,0,0,0,0
Ca21chr3_C_albicans_SC5314,1140000,6580000,16,0,0,0,0,0,0,0
Ca21chr3_C_albicans_SC5314,1150000,6590000,0,0,0,0,0,0,0,0
Ca21chr3_C_albicans_SC5314,1160000,6600000,0,0,0,0,0,0,0,0
Ca21chr3_C_albicans_SC5314,1170000,6610000,65,0,0,0,0,0,0,0
Ca21chr3_C_albicans_SC5314,1180000,6620000,76,0,0,0,0,0,0.0,0.0
Ca21chr3_C_albicans_SC5314,1190000,6630000,0,0,0,0,0,0,0,0
Ca21chr3_C_albicans_SC5314,1200000,6640000,12,0,0,0,0,0,0,0
Ca21chr3_C_albicans_SC5314,1210000,6650000,0,0,0,0,0,0,0,0
Ca21chr3_C_albicans_SC5314,1220000,6660000,0,0,0,0,0,0,0,0
Ca21chr3_C_albicans_SC5314,1230000,6670000,106,0,0,0,0,0,0.0,0.0
Ca21chr3_C_albicans_SC5314,1240000,6680000,0,0,0,0,0,0,0,0
Ca21chr3_C_albicans_SC5314,1250000,6690000,69,0,0,0,0,0,0,0
Ca21chr3_C_albicans_SC5314,1260000,6700000,137,0,0,0,0,0,0.0,0.0
Ca21chr3_C_albicans_SC5314,1270000,6710000,68,0,0,0,0,0,0,0
Ca21chr3_C_albicans_SC5314,1280000,6720000,0,0,0,0,0,0,0,0
Ca21chr3_C_albicans_SC5314,1290000,6730000,69,0,0,0,0,0,0,0
Ca21chr3_C_albicans_SC5314,1300000,6740000,0,0,0,0,0,0,0,0
Ca21chr3_C_albicans_SC5314,1310000,6750000,24,0,0,0,0,0,0,0
Ca21chr3_C_albicans_SC5314,1320000,6760000,0,0,0,0,0,0,0,0
Ca21chr3_C_albicans_SC5314,1330000,6770000,0,0,0,0,0,0,0,0
Ca21chr3_C_albicans_SC5314,1340000,6780000,0,0,0,0,0,0,0,0
Ca21chr3_C_albicans_SC5314,1350000,6790000,0,0,0,0,0,0,0,0
Ca21chr3_C_albicans_SC5314,1360000,6800000,0,0,0,0,0,0,0,0
Ca21chr3_C_albicans_SC5314,1370000,6810000,0,0,0,0,0,0,0,0
Ca21chr3_C_albicans_SC5314,1380000,6820000,0,0,0,0,0,0,0,0
Ca21chr3_C_albicans_SC5314,1390000,6830000,0,0,0,0,0,0,0,0
Ca21chr3_C_albicans_SC5314,1400000,6840000,0,0,0,0,0,0,0,0
Ca21chr3_C_albicans_SC5314,1410000,6850000,0,0,0,0,0,0,0,0
Ca21chr3_C_albicans_SC5314,1420000,6860000,69,0,0,0,0,0,0,0
Ca21chr3_C_albicans_SC5314,1430000,6870000,0,0,0,0,0,0,0,0
Ca21chr3_C_albicans_SC5314,1440000,6880000,0,0,0,0,0,0,0,0
Ca21chr3_C_albicans_SC5314,1450000,6890000,0,0,0,0,0,0,0,0
Ca21chr3_C_albicans_SC5314,1460000,6900000,69,0,0,0,0,0,0,0
Ca21chr3_C_albicans_SC5314,1470000,6910000,69,0,0,0,0,0,0,0
Ca21chr3_C_albicans_SC5314,1480000,6920000,0,0,0,0,0,0,0,0
Ca21chr3_C_albicans_SC5314,1490000,6930000,0,0,0,0,0,0,0,0
Ca21chr3_C_albicans_SC5314,1500000,6940000,10,0,0,0,0,0,0,0
Ca21chr3_C_albicans_SC5314,1510000,6950000,0,0,0,0,0,0,0,0
Ca21chr3_C_albicans_SC5314,1520000,6960000,0,0,0,0,0,0,0,0
Ca21chr3_C_albicans_SC5314,1530000,6970000,0,0,0,0,0,0,0,0
Ca21chr3_C_albicans_SC5314,1540000,6980000,0,0,0,0,0,0,0,0
Ca21chr3_C_albicans_SC5314,1550000,6990000,0,0,0,0,0,0,0,0
Ca21chr3_C_albicans_SC5314,1560000,7000000,59,0,0,0,0,0,0,0
Ca21chr3_C_albicans_SC5314,1570000,7010000,0,0,0,0,0,0,0,0
Ca21chr3_C_albicans_SC5314,1580000,7020000,67,0,0,0,0,0,0,0
Ca21chr3_C_albicans_SC5314,1590000,7030000,137,0,0,0,0,0,0.0,0.0
Ca21chr3_C_albicans_SC5314,1600000,7040000,132,0,0,0,0,0,0.0,0.0
Ca21chr3_C_albicans_SC5314,1610000,7050000,138,0,0,0,0,0,0.0,0.0
Ca21chr3_C_albicans_SC5314,1620000,7060000,0,0,0,0,0,0,0,0
Ca21chr3_C_albicans_SC5314,1630000,7070000,94,0,0,0,0,0,0.0,0.0
Ca21chr3_C_albicans_SC5314,1640000,7080000,28,0,0,0,0,0,0,0
Ca21chr3_C_albicans_SC5314,1650000,7090000,0,0,0,0,0,0,0,0
Ca21chr3_C_albicans_SC5314,1660000,7100000,0,0,0,0,0,0,0,0
Ca21chr3_C_albicans_SC5314,1670000,7110000,44,0,0,0,0,0,0,0
Ca21chr3_C_albicans_SC5314,1680000,7120000,69,0,0,0,0,0,0,0
Ca21chr3_C_albicans_SC5314,1690000,7130000,1,0,0,0,0,0,0,0
Ca21chr3_C_albicans_SC5314,1700000,7140000,69,0,0,0,0,0,0,0
Ca21chr3_C_albicans_SC5314,1710000,7150000,69,0,0,0,0,0,0,0
Ca21chr3_C_albicans_SC5314,1720000,7160000,55,0,0,0,0,0,0,0
Ca21chr3_C_albicans_SC5314,1730000,7170000,69,0,0,0,0,0,0,0
Ca21chr3_C_albicans_SC5314,1740000,7180000,0,0,0,0,0,0,0,0
Ca21chr3_C_albicans_SC5314,1750000,7190000,0,0,0,0,0,0,0,0
Ca21chr3_C_albicans_SC5314,1760000,7200000,0,0,0,0,0,0,0,0
Ca21chr3_C_albicans_SC5314,1770000,7210000,0,0,0,0,0,0,0,0
Ca21chr3_C_albicans_SC5314,1780000,7220000,132,0,0,0,0,0,0.0,0.0
Ca21chr3_C_albicans_SC5314,1790000,7230000,0,0,0,0,0,0,0,0
Ca21chr3_C_albicans_SC5314,1800000,7240000,0,0,0,0,0,0,0,0
Ca21chr4_C_albicans_SC5314,0,7250000,0,0,0,0,0,0,0,0
Ca21chr4_C_albicans_SC5314,10000,7260000,0,0,0,0,0,0,0,0
Ca21chr4_C_albicans_SC5314,20000,7270000,0,0,0,0,0,0,0,0
Ca21chr4_C_albicans_SC5314,30000,7280000,0,0,0,0,0,0,0,0
Ca21chr4_C_albicans_SC5314,40000,7290000,0,0,0,0,0,0,0,0
Ca21chr4_C_albicans_SC5314,50000,7300000,0,0,0,0,0,0,0,0
Ca21chr4_C_albicans_SC5314,60000,7310000,0,0,0,0,0,0,0,0
Ca21chr4_C_albicans_SC5314,70000,7320000,0,0,0,0,0,0,0,0
Ca21chr4_C_albicans_SC5314,80000,7330000,0,0,0,0,0,0,0,0
Ca21chr4_C_albicans_SC5314,90000,7340000,0,0,0,0,0,0,0,0
Ca21chr4_C_albicans_SC5314,100000,7350000,0,0,0,0,0,0,0,0
Ca21chr4_C_albicans_SC5314,110000,7360000,0,0,0,0,0,0,0,0
Ca21chr4_C_albicans_SC5314,120000,7370000,0,0,0,0,0,0,0,0
Ca21chr4_C_albicans_SC5314,130000,7380000,0,0,0,0,0,0,0,0
Ca21chr4_C_albicans_SC5314,140000,7390000,0,0,0,0,0,0,0,0
Ca21chr4_C_albicans_SC5314,150000,7400000,0,0,0,0,0,0,0,0
Ca21chr4_C_albicans_SC5314,160000,7410000,0,0,0,0,0,0,0,0
Ca21chr4_C_albicans_SC5314,170000,7420000,6,0,0,0,0,0,0,0
Ca21chr4_C_albicans_SC5314,180000,7430000,0,0,0,0,0,0,0,0
Ca21chr4_C_albicans_SC5314,190000,7440000,0,0,0,0,0,0,0,0
Ca21chr4_C_albicans_SC5314,200000,7450000,0,0,0,0,0,0,0,0
Ca21chr4_C_albicans_SC5314,210000,7460000,0,0,0,0,0,0,0,0
Ca21chr4_C_albicans_SC5314,220000,7470000,125,0,0,0,0,2,2.0,0.016
Ca21chr4_C_albicans_SC5314,230000,7480000,0,0,0,0,0,0,0,0
Ca21chr4_C_albicans_SC5314,240000,7490000,0,0,0,0,0,0,0,0
Ca21chr4_C_albicans_SC5314,250000,7500000,0,0,0,0,0,0,0,0
Ca21chr4_C_albicans_SC5314,260000,7510000,0,0,0,0,0,0,0,0
Ca21chr4_C_albicans_SC5314,270000,7520000,0,0,0,0,0,0,0,0
Ca21chr4_C_albicans_SC5314,280000,7530000,0,0,0,0,0,0,0,0
Ca21chr4_C_albicans_SC5314,290000,7540000,0,0,0,0,0,0,0,0
Ca21chr4_C_albicans_SC5314,300000,7550000,0,0,0,0,0,0,0,0
Ca21chr4_C_albicans_SC5314,310000,7560000,0,0,0,0,0,0,0,0
Ca21chr4_C_albicans_SC5314,320000,7570000,0,0,0,0,0,0,0,0
Ca21chr4_C_albicans_SC5314,330000,7580000,98,0,2,0,0,2,2.0,0.02
Ca21chr4_C_albicans_SC5314,340000,7590000,0,0,0,0,0,0,0,0
Ca21chr4_C_albicans_SC5314,350000,7600000,69,0,0,0,0,0,0,0
Ca21chr4_C_albicans_SC5314,360000,7610000,51,0,0,0,0,0,0,0
Ca21chr4_C_albicans_SC5314,370000,7620000,3,0,0,0,0,0,0,0
Ca21chr4_C_albicans_SC5314,380000,7630000,44,0,0,0,0,0,0,0
Ca21chr4_C_albicans_SC5314,390000,7640000,0,0,0,0,0,0,0,0
Ca21chr4_C_albicans_SC5314,400000,7650000,69,0,0,0,0,0,0,0
Ca21chr4_C_albicans_SC5314,410000,7660000,20,0,0,0,0,0,0,0
Ca21chr4_C_albicans_SC5314,420000,7670000,0,0,0,0,0,0,0,0
Ca21chr4_C_albicans_SC5314,430000,7680000,0,0,0,0,0,0,0,0
Ca21chr4_C_albicans_SC5314,440000,7690000,0,0,0,0,0,0,0,0
Ca21chr4_C_albicans_SC5314,450000,7700000,0,0,0,0,0,0,0,0
Ca21chr4_C_albicans_SC5314,460000,7710000,0,0,0,0,0,0,0,0
Ca21chr4_C_albicans_SC5314,470000,7720000,0,0,0,0,0,0,0,0
Ca21chr4_C_albicans_SC5314,480000,7730000,147,0,0,0,0,0,0.0,0.0
Ca21chr4_C_albicans_SC5314,490000,7740000,0,0,0,0,0,0,0,0
Ca21chr4_C_albicans_SC5314,500000,7750000,0,0,0,0,0,0,0,0
Ca21chr4_C_albicans_SC5314,510000,7760000,0,0,0,0,0,0,0,0
Ca21chr4_C_albicans_SC5314,520000,7770000,103,0,0,0,0,0,0.0,0.0
Ca21chr4_C_albicans_SC5314,530000,7780000,0,0,0,0,0,0,0,0
Ca21chr4_C_albicans_SC5314,540000,7790000,0,0,0,0,0,0,0,0
Ca21chr4_C_albicans_SC5314,550000,7800000,38,0,0,0,0,1,0,0
Ca21chr4_C_albicans_SC5314,560000,7810000,44,0,1,0,0,1,0,0
Ca21chr4_C_albicans_SC5314,570000,7820000,60,0,0,0,0,0,0,0
Ca21chr4_C_albicans_SC5314,580000,7830000,0,0,0,0,0,0,0,0
Ca21chr4_C_albicans_SC5314,590000,7840000,0,0,0,0,0,0,0,0
Ca21chr4_C_albicans_SC5314,600000,7850000,0,0,0,0,0,0,0,0
Ca21chr4_C_albicans_SC5314,610000,7860000,0,0,0,0,0,0,0,0
Ca21chr4_C_albicans_SC5314,620000,7870000,33,0,0,0,0,0,0,0
Ca21chr4_C_albicans_SC5314,630000,7880000,0,0,0,0,0,0,0,0
Ca21chr4_C_albicans_SC5314,640000,7890000,0,0,0,0,0,0,0,0
Ca21chr4_C_albicans_SC5314,650000,7900000,0,0,0,0,0,0,0,0
Ca21chr4_C_albicans_SC5314,660000,7910000,0,0,0,0,0,0,0,0
Ca21chr4_C_albicans_SC5314,670000,7920000,42,0,0,0,0,0,0,0
Ca21chr4_C_albicans_SC5314,680000,7930000,6,0,0,0,0,0,0,0
Ca21chr4_C_albicans_SC5314,690000,7940000,0,0,0,0,0,0,0,0
Ca21chr4_C_albicans_SC5314,700000,7950000,69,0,0,0,0,0,0,0
Ca21chr4_C_albicans_SC5314,710000,7960000,0,0,0,0,0,0,0,0
Ca21chr4_C_albicans_SC5314,720000,7970000,0,0,0,0,0,0,0,0
Ca21chr4_C_albicans_SC5314,730000,7980000,0,0,0,0,0,0,0,0
Ca21chr4_C_albicans_SC5314,740000,7990000,23,0,0,0,0,0,0,0
Ca21chr4_C_albicans_SC5314,750000,8000000,0,0,0,0,0,0,0,0
Ca21chr4_C_albicans_SC5314,760000,8010000,28,0,0,0,0,0,0,0
Ca21chr4_C_albicans_SC5314,770000,8020000,0,0,0,0,0,0,0,0
Ca21chr4_C_albicans_SC5314,780000,8030000,66,0,0,0,0,0,0,0
Ca21chr4_C_albicans_SC5314,790000,8040000,0,0,0,0,0,0,0,0
Ca21chr4_C_albicans_SC5314,800000,8050000,0,0,0,0,0,0,0,0
Ca21chr4_C_albicans_SC5314,810000,8060000,0,0,0,0,0,0,0,0
Ca21chr4_C_albicans_SC5314,820000,8070000,0,0,0,0,0,0,0,0
Ca21chr4_C_albicans_SC5314,830000,8080000,0,0,0,0,0,0,0,0
Ca21chr4_C_albicans_SC5314,840000,8090000,69,0,0,0,0,0,0,0
Ca21chr4_C_albicans_SC5314,850000,8100000,57,0,0,0,0,0,0,0
Ca21chr4_C_albicans_SC5314,860000,8110000,161,0,2,0,0,4,2.0,0.0245
Ca21chr4_C_albicans_SC5314,870000,8120000,0,0,0,0,0,0,0,0
Ca21chr4_C_albicans_SC5314,880000,8130000,39,0,0,0,0,0,0,0
Ca21chr4_C_albicans_SC5314,890000,8140000,69,0,0,0,0,0,0,0
Ca21chr4_C_albicans_SC5314,900000,8150000,69,0,0,0,0,0,0,0
Ca21chr4_C_albicans_SC5314,910000,8160000,0,0,0,0,0,0,0,0
Ca21chr4_C_albicans_SC5314,920000,8170000,0,0,0,0,0,0,0,0
Ca21chr4_C_albicans_SC5314,930000,8180000,0,0,0,0,0,0,0,0
Ca21chr4_C_albicans_SC5314,940000,8190000,74,0,0,0,0,0,0.0,0.0
Ca21chr4_C_albicans_SC5314,950000,8200000,85,0,0,0,0,0,0.0,0.0
Ca21chr4_C_albicans_SC5314,960000,8210000,57,0,0,0,0,0,0,0
Ca21chr4_C_albicans_SC5314,970000,8220000,19,0,0,0,0,0,0,0
Ca21chr4_C_albicans_SC5314,980000,8230000,2,0,0,0,0,0,0,0
Ca21chr4_C_albicans_SC5314,990000,8240000,0,0,0,0,0,0,0,0
Ca21chr4_C_albicans_SC5314,1000000,8250000,67,0,0,0,0,0,0,0
Ca21chr4_C_albicans_SC5314,1010000,8260000,0,0,0,0,0,0,0,0
Ca21chr4_C_albicans_SC5314,1020000,8270000,0,0,0,0,0,0,0,0
Ca21chr4_C_albicans_SC5314,1030000,8280000,0,0,0,0,0,0,0,0
Ca21chr4_C_albicans_SC5314,1040000,8290000,0,0,0,0,0,0,0,0
Ca21chr4_C_albicans_SC5314,1050000,8300000,0,0,0,0,0,0,0,0
Ca21chr4_C_albicans_SC5314,1060000,8310000,68,0,0,0,0,0,0,0
Ca21chr4_C_albicans_SC5314,1070000,8320000,0,0,0,0,0,0,0,0
Ca21chr4_C_albicans_SC5314,1080000,8330000,43,0,0,0,0,0,0,0
Ca21chr4_C_albicans_SC5314,1090000,8340000,0,0,0,0,0,0,0,0
Ca21chr4_C_albicans_SC5314,1100000,8350000,0,0,0,0,0,0,0,0
Ca21chr4_C_albicans_SC5314,1110000,8360000,69,0,0,0,0,0,0,0
Ca21chr4_C_albicans_SC5314,1120000,8370000,0,0,0,0,0,0,0,0
Ca21chr4_C_albicans_SC5314,1130000,8380000,0,0,0,0,0,0,0,0
Ca21chr4_C_albicans_SC5314,1140000,8390000,0,0,0,0,0,0,0,0
Ca21chr4_C_albicans_SC5314,1150000,8400000,22,0,0,0,0,0,0,0
Ca21chr4_C_albicans_SC5314,1160000,8410000,84,0,0,0,0,0,0.0,0.0
Ca21chr4_C_albicans_SC5314,1170000,8420000,0,0,0,0,0,0,0,0
Ca21chr4_C_albicans_SC5314,1180000,8430000,69,0,0,0,0,0,0,0
Ca21chr4_C_albicans_SC5314,1190000,8440000,54,0,0,0,0,0,0,0
Ca21chr4_C_albicans_SC5314,1200000,8450000,0,0,0,0,0,0,0,0
Ca21chr4_C_albicans_SC5314,1210000,8460000,0,0,0,0,0,0,0,0
Ca21chr4_C_albicans_SC5314,1220000,8470000,0,0,0,0,0,0,0,0
Ca21chr4_C_albicans_SC5314,1230000,8480000,0,0,0,0,0,0,0,0
Ca21chr4_C_albicans_SC5314,1240000,8490000,0,0,0,0,0,0,0,0
Ca21chr4_C_albicans_SC5314,1250000,8500000,0,0,0,0,0,0,0,0
Ca21chr4_C_albicans_SC5314,1260000,8510000,0,0,0,0,0,0,0,0
Ca21chr4_C_albicans_SC5314,1270000,8520000,32,0,0,0,0,0,0,0
Ca21chr4_C_albicans_SC5314,1280000,8530000,15,0,0,0,0,0,0,0
Ca21chr4_C_albicans_SC5314,1290000,8540000,11,0,0,0,0,0,0,0
Ca21chr4_C_albicans_SC5314,1300000,8550000,0,0,0,0,0,0,0,0
Ca21chr4_C_albicans_SC5314,1310000,8560000,27,0,0,0,0,0,0,0
Ca21chr4_C_albicans_SC5314,1320000,8570000,0,0,0,0,0,0,0,0
Ca21chr4_C_albicans_SC5314,1330000,8580000,0,0,0,0,0,0,0,0
Ca21chr4_C_albicans_SC5314,1340000,8590000,69,0,0,0,0,0,0,0
Ca21chr4_C_albicans_SC5314,1350000,8600000,31,0,0,0,0,0,0,0
Ca21chr4_C_albicans_SC5314,1360000,8610000,0,0,0,0,0,0,0,0
Ca21chr4_C_albicans_SC5314,1370000,8620000,137,0,0,0,0,0,0.0,0.0
Ca21chr4_C_albicans_SC5314,1380000,8630000,69,0,0,0,0,0,0,0
Ca21chr4_C_albicans_SC5314,1390000,8640000,0,0,0,0,0,0,0,0
Ca21chr4_C_albicans_SC5314,1400000,8650000,69,0,0,0,0,0,0,0
Ca21chr4_C_albicans_SC5314,1410000,8660000,0,0,0,0,0,0,0,0
Ca21chr4_C_albicans_SC5314,1420000,8670000,69,0,0,0,0,0,0,0
Ca21chr4_C_albicans_SC5314,1430000,8680000,0,0,0,0,0,0,0,0
Ca21chr4_C_albicans_SC5314,1440000,8690000,0,0,0,0,0,0,0,0
Ca21chr4_C_albicans_SC5314,1450000,8700000,47,0,0,0,0,0,0,0
Ca21chr4_C_albicans_SC5314,1460000,8710000,0,0,0,0,0,0,0,0
Ca21chr4_C_albicans_SC5314,1470000,8720000,64,0,0,0,0,0,0,0
Ca21chr4_C_albicans_SC5314,1480000,8730000,0,0,0,0,0,0,0,0
Ca21chr4_C_albicans_SC5314,1490000,8740000,0,0,0,0,0,0,0,0
Ca21chr4_C_albicans_SC5314,1500000,8750000,0,0,0,0,0,0,0,0
Ca21chr4_C_albicans_SC5314,1510000,8760000,0,0,0,0,0,0,0,0
Ca21chr4_C_albicans_SC5314,1520000,8770000,69,0,0,0,0,0,0,0
Ca21chr4_C_albicans_SC5314,1530000,8780000,0,0,0,0,0,0,0,0
Ca21chr4_C_albicans_SC5314,1540000,8790000,0,0,0,0,0,0,0,0
Ca21chr4_C_albicans_SC5314,1550000,8800000,0,0,0,0,0,0,0,0
Ca21chr4_C_albicans_SC5314,1560000,8810000,125,0,0,0,0,0,0.0,0.0
Ca21chr4_C_albicans_SC5314,1570000,8820000,0,0,0,0,0,0,0,0
Ca21chr4_C_albicans_SC5314,1580000,8830000,152,0,6,0,0,6,3.0,0.038
Ca21chr4_C_albicans_SC5314,1590000,8840000,63,0,3,0,0,9,0,0
Ca21chr4_C_albicans_SC5314,1600000,8850000,0,0,0,0,0,0,0,0
Ca21chr5_C_albicans_SC5314,0,8860000,131,0,0,0,0,0,0.0,0.0
Ca21chr5_C_albicans_SC5314,10000,8870000,2,0,0,0,0,0,0,0
Ca21chr5_C_albicans_SC5314,20000,8880000,49,0,0,0,0,0,0,0
Ca21chr5_C_albicans_SC5314,30000,8890000,0,0,0,0,0,0,0,0
Ca21chr5_C_albicans_SC5314,40000,8900000,69,0,0,0,0,0,0,0
Ca21chr5_C_albicans_SC5314,50000,8910000,0,0,0,0,0,0,0,0
Ca21chr5_C_albicans_SC5314,60000,8920000,196,0,0,0,0,0,0.0,0.0
Ca21chr5_C_albicans_SC5314,70000,8930000,118,0,0,0,0,0,0.0,0.0
Ca21chr5_C_albicans_SC5314,80000,8940000,68,0,0,0,0,0,0,0
Ca21chr5_C_albicans_SC5314,90000,8950000,0,0,0,0,0,0,0,0
Ca21chr5_C_albicans_SC5314,100000,8960000,174,0,0,0,0,0,0.0,0.0
Ca21chr5_C_albicans_SC5314,110000,8970000,33,0,0,0,0,0,0,0
Ca21chr5_C_albicans_SC5314,120000,8980000,0,0,0,0,0,0,0,0
Ca21chr5_C_albicans_SC5314,130000,8990000,0,0,0,0,0,0,0,0
Ca21chr5_C_albicans_SC5314,140000,9000000,108,0,0,0,0,0,0.0,0.0
Ca21chr5_C_albicans_SC5314,150000,9010000,64,0,0,0,0,0,0,0
Ca21chr5_C_albicans_SC5314,160000,9020000,33,0,0,0,0,0,0,0
Ca21chr5_C_albicans_SC5314,170000,9030000,68,0,0,0,0,0,0,0
Ca21chr5_C_albicans_SC5314,180000,9040000,67,0,0,0,0,0,0,0
Ca21chr5_C_albicans_SC5314,190000,9050000,2,0,0,0,0,0,0,0
Ca21chr5_C_albicans_SC5314,200000,9060000,0,0,0,0,0,0,0,0
Ca21chr5_C_albicans_SC5314,210000,9070000,15,0,0,0,0,0,0,0
Ca21chr5_C_albicans_SC5314,220000,9080000,69,0,0,0,0,0,0,0
Ca21chr5_C_albicans_SC5314,230000,9090000,0,0,0,0,0,0,0,0
Ca21chr5_C_albicans_SC5314,240000,9100000,27,0,0,0,0,0,0,0
Ca21chr5_C_albicans_SC5314,250000,9110000,38,0,0,0,0,0,0,0
Ca21chr5_C_albicans_SC5314,260000,9120000,23,0,0,0,0,0,0,0
Ca21chr5_C_albicans_SC5314,270000,9130000,119,0,0,0,0,0,0.0,0.0
Ca21chr5_C_albicans_SC5314,280000,9140000,1,0,0,0,0,0,0,0
Ca21chr5_C_albicans_SC5314,290000,9150000,55,0,0,0,0,0,0,0
Ca21chr5_C_albicans_SC5314,300000,9160000,0,0,0,0,0,0,0,0
Ca21chr5_C_albicans_SC5314,310000,9170000,0,0,0,0,0,0,0,0
Ca21chr5_C_albicans_SC5314,320000,9180000,51,0,0,0,0,0,0,0
Ca21chr5_C_albicans_SC5314,330000,9190000,0,0,0,0,0,0,0,0
Ca21chr5_C_albicans_SC5314,340000,9200000,0,0,0,0,0,0,0,0
Ca21chr5_C_albicans_SC5314,350000,9210000,0,0,0,0,0,0,0,0
Ca21chr5_C_albicans_SC5314,360000,9220000,135,0,0,0,0,0,0.0,0.0
Ca21chr5_C_albicans_SC5314,370000,9230000,8,0,0,0,0,0,0,0
Ca21chr5_C_albicans_SC5314,380000,9240000,62,0,0,0,0,0,0,0
Ca21chr5_C_albicans_SC5314,390000,9250000,0,0,0,0,0,0,0,0
Ca21chr5_C_albicans_SC5314,400000,9260000,0,0,0,0,0,0,0,0
Ca21chr5_C_albicans_SC5314,410000,9270000,69,0,0,0,0,0,0,0
Ca21chr5_C_albicans_SC5314,420000,9280000,67,0,0,0,0,0,0,0
Ca21chr5_C_albicans_SC5314,430000,9290000,0,0,0,0,0,0,0,0
Ca21chr5_C_albicans_SC5314,440000,9300000,0,0,0,0,0,0,0,0
Ca21chr5_C_albicans_SC5314,450000,9310000,0,0,0,0,0,0,0,0
Ca21chr5_C_albicans_SC5314,460000,9320000,0,0,0,0,0,0,0,0
Ca21chr5_C_albicans_SC5314,470000,9330000,0,0,0,0,0,0,0,0
Ca21chr5_C_albicans_SC5314,480000,9340000,0,0,0,0,0,0,0,0
Ca21chr5_C_albicans_SC5314,490000,9350000,65,0,3,0,0,0,0,0
Ca21chr5_C_albicans_SC5314,500000,9360000,105,0,0,0,0,2,2.0,0.019
Ca21chr5_C_albicans_SC5314,510000,9370000,0,0,0,0,0,0,0,0
Ca21chr5_C_albicans_SC5314,520000,9380000,36,0,0,0,0,0,0,0
Ca21chr5_C_albicans_SC5314,530000,9390000,50,0,0,0,0,0,0,0
Ca21chr5_C_albicans_SC5314,540000,9400000,0,0,0,0,0,0,0,0
Ca21chr5_C_albicans_SC5314,550000,9410000,87,0,0,0,0,1,1.0,0.0115
Ca21chr5_C_albicans_SC5314,560000,9420000,0,0,0,0,0,0,0,0
Ca21chr5_C_albicans_SC5314,570000,9430000,102,0,0,0,0,0,0.0,0.0
Ca21chr5_C_albicans_SC5314,580000,9440000,0,0,0,0,0,0,0,0
Ca21chr5_C_albicans_SC5314,590000,9450000,0,0,0,0,0,0,0,0
Ca21chr5_C_albicans_SC5314,600000,9460000,0,0,0,0,0,0,0,0
Ca21chr5_C_albicans_SC5314,610000,9470000,0,0,0,0,0,0,0,0
Ca21chr5_C_albicans_SC5314,620000,9480000,0,0,0,0,0,0,0,0
Ca21chr5_C_albicans_SC5314,630000,9490000,0,0,0,0,0,0,0,0
Ca21chr5_C_albicans_SC5314,640000,9500000,0,0,0,0,0,0,0,0
Ca21chr5_C_albicans_SC5314,650000,9510000,52,0,0,0,0,0,0,0
Ca21chr5_C_albicans_SC5314,660000,9520000,0,0,0,0,0,0,0,0
Ca21chr5_C_albicans_SC5314,670000,9530000,0,0,0,0,0,0,0,0
Ca21chr5_C_albicans_SC5314,680000,9540000,31,0,0,0,0,0,0,0
Ca21chr5_C_albicans_SC5314,690000,9550000,69,0,0,0,0,0,0,0
Ca21chr5_C_albicans_SC5314,700000,9560000,0,0,0,0,0,0,0,0
Ca21chr5_C_albicans_SC5314,710000,9570000,10,0,0,0,0,0,0,0
Ca21chr5_C_albicans_SC5314,720000,9580000,0,0,0,0,0,0,0,0
Ca21chr5_C_albicans_SC5314,730000,9590000,66,0,0,0,0,0,0,0
Ca21chr5_C_albicans_SC5314,740000,9600000,134,0,0,0,0,0,0.0,0.0
Ca21chr5_C_albicans_SC5314,750000,9610000,0,0,0,0,0,0,0,0
Ca21chr5_C_albicans_SC5314,760000,9620000,0,0,0,0,0,0,0,0
Ca21chr5_C_albicans_SC5314,770000,9630000,62,0,0,0,0,0,0,0
Ca21chr5_C_albicans_SC5314,780000,9640000,88,0,0,0,0,0,0.0,0.0
Ca21chr5_C_albicans_SC5314,790000,9650000,0,0,0,0,0,0,0,0
Ca21chr5_C_albicans_SC5314,800000,9660000,207,0,0,0,0,0,0.0,0.0
Ca21chr5_C_albicans_SC5314,810000,9670000,65,0,0,0,0,0,0,0
Ca21chr5_C_albicans_SC5314,820000,9680000,112,0,2,0,0,2,2.0,0.0175
Ca21chr5_C_albicans_SC5314,830000,9690000,69,0,0,0,0,2,0,0
Ca21chr5_C_albicans_SC5314,840000,9700000,0,0,0,0,0,0,0,0
Ca21chr5_C_albicans_SC5314,850000,9710000,22,0,0,0,0,0,0,0
Ca21chr5_C_albicans_SC5314,860000,9720000,69,0,0,0,0,0,0,0
Ca21chr5_C_albicans_SC5314,870000,9730000,0,0,0,0,0,0,0,0
Ca21chr5_C_albicans_SC5314,880000,9740000,0,0,0,0,0,0,0,0
Ca21chr5_C_albicans_SC5314,890000,9750000,0,0,0,0,0,0,0,0
Ca21chr5_C_albicans_SC5314,900000,9760000,0,0,0,0,0,0,0,0
Ca21chr5_C_albicans_SC5314,910000,9770000,69,0,0,0,0,0,0,0
Ca21chr5_C_albicans_SC5314,920000,9780000,0,0,0,0,0,0,0,0
Ca21chr5_C_albicans_SC5314,930000,9790000,0,0,0,0,0,0,0,0
Ca21chr5_C_albicans_SC5314,940000,9800000,132,0,0,0,0,0,0.0,0.0
Ca21chr5_C_albicans_SC5314,950000,9810000,0,0,0,0,0,0,0,0
Ca21chr5_C_albicans_SC5314,960000,9820000,0,0,0,0,0,0,0,0
Ca21chr5_C_albicans_SC5314,970000,9830000,138,0,0,0,0,0,0.0,0.0
Ca21chr5_C_albicans_SC5314,980000,9840000,62,0,0,0,0,0,0,0
Ca21chr5_C_albicans_SC5314,990000,9850000,0,0,0,0,0,0,0,0
Ca21chr5_C_albicans_SC5314,1000000,9860000,68,0,0,0,0,0,0,0
Ca21chr5_C_albicans_SC5314,1010000,9870000,0,0,0,0,0,0,0,0
Ca21chr5_C_albicans_SC5314,1020000,9880000,0,0,0,0,0,0,0,0
Ca21chr5_C_albicans_SC5314,1030000,9890000,0,0,0,0,0,0,0,0
Ca21chr5_C_albicans_SC5314,1040000,9900000,116,0,0,0,0,0,0.0,0.0
Ca21chr5_C_albicans_SC5314,1050000,9910000,137,0,0,0,0,0,0.0,0.0
Ca21chr5_C_albicans_SC5314,1060000,9920000,0,0,0,0,0,0,0,0
Ca21chr5_C_albicans_SC5314,1070000,9930000,69,0,0,0,0,0,0,0
Ca21chr5_C_albicans_SC5314,1080000,9940000,0,0,0,0,0,0,0,0
Ca21chr5_C_albicans_SC5314,1090000,9950000,138,0,0,0,0,0,0.0,0.0
Ca21chr5_C_albicans_SC5314,1100000,9960000,5,0,0,0,0,0,0,0
Ca21chr5_C_albicans_SC5314,1110000,9970000,246,0,3,0,0,5,1.6667,0.0201
Ca21chr5_C_albicans_SC5314,1120000,9980000,39,0,0,0,0,0,0,0
Ca21chr5_C_albicans_SC5314,1130000,9990000,0,0,0,0,0,0,0,0
Ca21chr5_C_albicans_SC5314,1140000,10000000,0,0,0,0,0,0,0,0
Ca21chr5_C_albicans_SC5314,1150000,10010000,0,0,0,0,0,0,0,0
Ca21chr5_C_albicans_SC5314,1160000,10020000,0,0,0,0,0,0,0,0
Ca21chr5_C_albicans_SC5314,1170000,10030000,43,0,0,0,0,0,0,0
Ca21chr5_C_albicans_SC5314,1180000,10040000,0,0,0,0,0,0,0,0
Ca21chr5_C_albicans_SC5314,1190000,10050000,0,0,0,0,0,0,0,0
Ca21chr6_C_albicans_SC5314,0,10060000,0,0,0,0,0,0,0,0
Ca21chr6_C_albicans_SC5314,10000,10070000,68,0,0,0,0,0,0,0
Ca21chr6_C_albicans_SC5314,20000,10080000,70,0,0,0,0,1,1.0,0.0143
Ca21chr6_C_albicans_SC5314,30000,10090000,0,0,0,0,0,0,0,0
Ca21chr6_C_albicans_SC5314,40000,10100000,0,0,0,0,0,0,0,0
Ca21chr6_C_albicans_SC5314,50000,10110000,0,0,0,0,0,0,0,0
Ca21chr6_C_albicans_SC5314,60000,10120000,0,0,0,0,0,0,0,0
Ca21chr6_C_albicans_SC5314,70000,10130000,0,0,0,0,0,0,0,0
Ca21chr6_C_albicans_SC5314,80000,10140000,0,0,0,0,0,0,0,0
Ca21chr6_C_albicans_SC5314,90000,10150000,0,0,0,0,0,0,0,0
Ca21chr6_C_albicans_SC5314,100000,10160000,6,0,0,0,0,0,0,0
Ca21chr6_C_albicans_SC5314,110000,10170000,0,0,0,0,0,0,0,0
Ca21chr6_C_albicans_SC5314,120000,10180000,119,0,1,0,0,6,6.0,0.05
Ca21chr6_C_albicans_SC5314,130000,10190000,0,0,0,0,0,0,0,0
Ca21chr6_C_albicans_SC5314,140000,10200000,55,0,0,0,0,3,0,0
Ca21chr6_C_albicans_SC5314,150000,10210000,0,0,0,0,0,0,0,0
Ca21chr6_C_albicans_SC5314,160000,10220000,21,0,0,0,0,0,0,0
Ca21chr6_C_albicans_SC5314,170000,10230000,58,0,0,0,0,26,0,0
Ca21chr6_C_albicans_SC5314,180000,10240000,241,0,53,0,0,34,8.5,0.1156
Ca21chr6_C_albicans_SC5314,190000,10250000,0,0,0,0,0,0,0,0
Ca21chr6_C_albicans_SC5314,200000,10260000,86,0,0,0,0,38,38.0,0.4419
Ca21chr6_C_albicans_SC5314,210000,10270000,14,15,23,0,0,38,0,0
Ca21chr6_C_albicans_SC5314,220000,10280000,44,0,0,0,0,0,0,0
Ca21chr6_C_albicans_SC5314,230000,10290000,29,0,0,0,0,0,0,0
Ca21chr6_C_albicans_SC5314,240000,10300000,0,0,0,0,0,0,0,0
Ca21chr6_C_albicans_SC5314,250000,10310000,153,0,0,0,0,0,0.0,0.0
Ca21chr6_C_albicans_SC5314,260000,10320000,0,0,0,0,0,0,0,0
Ca21chr6_C_albicans_SC5314,270000,10330000,0,0,0,0,0,0,0,0
Ca21chr6_C_albicans_SC5314,280000,10340000,0,0,0,0,0,0,0,0
Ca21chr6_C_albicans_SC5314,290000,10350000,0,0,0,0,0,0,0,0
Ca21chr6_C_albicans_SC5314,300000,10360000,76,0,0,0,0,0,0.0,0.0
Ca21chr6_C_albicans_SC5314,310000,10370000,0,0,0,0,0,0,0,0
Ca21chr6_C_albicans_SC5314,320000,10380000,0,0,0,0,0,0,0,0
Ca21chr6_C_albicans_SC5314,330000,10390000,0,0,0,0,0,0,0,0
Ca21chr6_C_albicans_SC5314,340000,10400000,69,0,0,0,0,0,0,0
Ca21chr6_C_albicans_SC5314,350000,10410000,79,0,0,0,0,0,0.0,0.0
Ca21chr6_C_albicans_SC5314,360000,10420000,0,0,0,0,0,0,0,0
Ca21chr6_C_albicans_SC5314,370000,10430000,0,0,0,0,0,0,0,0
Ca21chr6_C_albicans_SC5314,380000,10440000,0,0,0,0,0,0,0,0
Ca21chr6_C_albicans_SC5314,390000,10450000,70,0,0,0,0,0,0.0,0.0
Ca21chr6_C_albicans_SC5314,400000,10460000,22,0,0,0,0,0,0,0
Ca21chr6_C_albicans_SC5314,410000,10470000,0,0,0,0,0,0,0,0
Ca21chr6_C_albicans_SC5314,420000,10480000,0,0,0,0,0,0,0,0
Ca21chr6_C_albicans_SC5314,430000,10490000,0,0,0,0,0,0,0,0
Ca21chr6_C_albicans_SC5314,440000,10500000,14,0,0,0,0,0,0,0
Ca21chr6_C_albicans_SC5314,450000,10510000,0,0,0,0,0,0,0,0
Ca21chr6_C_albicans_SC5314,460000,10520000,70,0,0,0,0,31,31.0,0.4429
Ca21chr6_C_albicans_SC5314,470000,10530000,0,0,0,0,0,0,0,0
Ca21chr6_C_albicans_SC5314,480000,10540000,0,0,0,0,0,0,0,0
Ca21chr6_C_albicans_SC5314,490000,10550000,0,0,0,0,0,0,0,0
Ca21chr6_C_albicans_SC5314,500000,10560000,0,0,0,0,0,0,0,0
Ca21chr6_C_albicans_SC5314,510000,10570000,62,0,31,0,0,31,31.0,0.3333
Ca21chr6_C_albicans_SC5314,520000,10580000,0,0,0,0,0,0,0,0
Ca21chr6_C_albicans_SC5314,530000,10590000,67,0,0,0,0,0,0,0
Ca21chr6_C_albicans_SC5314,540000,10600000,60,0,0,0,0,0,0,0
Ca21chr6_C_albicans_SC5314,550000,10610000,0,0,0,0,0,0,0,0
Ca21chr6_C_albicans_SC5314,560000,10620000,0,0,0,0,0,0,0,0
Ca21chr6_C_albicans_SC5314,570000,10630000,34,0,0,0,0,0,0,0
Ca21chr6_C_albicans_SC5314,580000,10640000,100,0,24,0,0,36,36.0,0.2903
Ca21chr6_C_albicans_SC5314,590000,10650000,0,0,0,0,0,0,0,0
Ca21chr6_C_albicans_SC5314,600000,10660000,104,0,27,0,0,49,49.0,0.374
Ca21chr6_C_albicans_SC5314,610000,10670000,23,0,0,0,0,9,0,0
Ca21chr6_C_albicans_SC5314,620000,10680000,0,0,0,0,0,0,0,0
Ca21chr6_C_albicans_SC5314,630000,10690000,0,0,0,0,0,0,0,0
Ca21chr6_C_albicans_SC5314,640000,10700000,36,0,32,0,0,32,0,0
Ca21chr6_C_albicans_SC5314,650000,10710000,0,0,0,0,0,0,0,0
Ca21chr6_C_albicans_SC5314,660000,10720000,0,0,0,0,0,0,0,0
Ca21chr6_C_albicans_SC5314,670000,10730000,0,0,0,0,0,0,0,0
Ca21chr6_C_albicans_SC5314,680000,10740000,0,0,0,0,0,0,0,0
Ca21chr6_C_albicans_SC5314,690000,10750000,184,0,0,0,0,0,0.0,0.0
Ca21chr6_C_albicans_SC5314,700000,10760000,0,0,0,0,0,0,0,0
Ca21chr6_C_albicans_SC5314,710000,10770000,0,0,0,0,0,0,0,0
Ca21chr6_C_albicans_SC5314,720000,10780000,0,0,0,0,0,0,0,0
Ca21chr6_C_albicans_SC5314,730000,10790000,0,0,0,0,0,0,0,0
Ca21chr6_C_albicans_SC5314,740000,10800000,0,0,0,0,0,0,0,0
Ca21chr6_C_albicans_SC5314,750000,10810000,92,0,0,0,0,0,0.0,0.0
Ca21chr6_C_albicans_SC5314,760000,10820000,63,0,0,0,0,8,0,0
Ca21chr6_C_albicans_SC5314,770000,10830000,0,0,0,0,0,0,0,0
Ca21chr6_C_albicans_SC5314,780000,10840000,22,0,8,0,0,8,0,0
Ca21chr6_C_albicans_SC5314,790000,10850000,0,0,0,0,0,0,0,0
Ca21chr6_C_albicans_SC5314,800000,10860000,0,0,0,0,0,0,0,0
Ca21chr6_C_albicans_SC5314,810000,10870000,0,0,0,0,0,0,0,0
Ca21chr6_C_albicans_SC5314,820000,10880000,0,0,0,0,0,0,0,0
Ca21chr6_C_albicans_SC5314,830000,10890000,0,0,0,0,0,0,0,0
Ca21chr6_C_albicans_SC5314,840000,10900000,0,0,0,0,0,0,0,0
Ca21chr6_C_albicans_SC5314,850000,10910000,0,0,0,0,0,0,0,0
Ca21chr6_C_albicans_SC5314,860000,10920000,0,0,0,0,0,0,0,0
Ca21chr6_C_albicans_SC5314,870000,10930000,45,0,0,0,0,0,0,0
Ca21chr6_C_albicans_SC5314,880000,10940000,160,0,0,0,0,0,0.0,0.0
Ca21chr6_C_albicans_SC5314,890000,10950000,70,0,0,0,0,2,2.0,0.0286
Ca21chr6_C_albicans_SC5314,900000,10960000,33,0,0,0,0,2,0,0
Ca21chr6_C_albicans_SC5314,910000,10970000,0,0,0,0,0,0,0,0
Ca21chr6_C_albicans_SC5314,920000,10980000,0,0,0,0,0,0,0,0
Ca21chr6_C_albicans_SC5314,930000,10990000,96,0,23,0,0,40,40.0,0.3361
Ca21chr6_C_albicans_SC5314,940000,11000000,0,0,0,0,0,0,0,0
Ca21chr6_C_albicans_SC5314,950000,11010000,0,0,0,0,0,0,0,0
Ca21chr6_C_albicans_SC5314,960000,11020000,0,0,0,0,0,0,0,0
Ca21chr6_C_albicans_SC5314,970000,11030000,0,0,0,0,0,0,0,0
Ca21chr6_C_albicans_SC5314,980000,11040000,49,0,0,0,0,0,0,0
Ca21chr6_C_albicans_SC5314,990000,11050000,87,0,0,0,0,0,0.0,0.0
Ca21chr6_C_albicans_SC5314,1000000,11060000,0,0,0,0,0,0,0,0
Ca21chr6_C_albicans_SC5314,1010000,11070000,0,0,0,0,0,0,0,0
Ca21chr6_C_albicans_SC5314,1020000,11080000,0,0,0,0,0,0,0,0
Ca21chr6_C_albicans_SC5314,1030000,11090000,0,0,0,0,0,0,0,0
Ca21chr7_C_albicans_SC5314,0,11100000,0,0,0,0,0,0,0,0
Ca21chr7_C_albicans_SC5314,10000,11110000,0,0,0,0,0,0,0,0
Ca21chr7_C_albicans_SC5314,20000,11120000,0,0,0,0,0,0,0,0
Ca21chr7_C_albicans_SC5314,30000,11130000,69,0,0,0,0,0,0,0
Ca21chr7_C_albicans_SC5314,40000,11140000,0,0,0,0,0,0,0,0
Ca21chr7_C_albicans_SC5314,50000,11150000,4,0,0,0,0,0,0,0
Ca21chr7_C_albicans_SC5314,60000,11160000,69,0,0,0,0,0,0,0
Ca21chr7_C_albicans_SC5314,70000,11170000,0,0,0,0,0,0,0,0
Ca21chr7_C_albicans_SC5314,80000,11180000,44,0,0,0,0,0,0,0
Ca21chr7_C_albicans_SC5314,90000,11190000,10,0,0,0,0,0,0,0
Ca21chr7_C_albicans_SC5314,100000,11200000,0,0,0,0,0,0,0,0
Ca21chr7_C_albicans_SC5314,110000,11210000,5,0,0,0,0,0,0,0
Ca21chr7_C_albicans_SC5314,120000,11220000,0,0,0,0,0,0,0,0
Ca21chr7_C_albicans_SC5314,130000,11230000,83,0,0,0,0,0,0.0,0.0
Ca21chr7_C_albicans_SC5314,140000,11240000,66,0,0,0,0,0,0,0
Ca21chr7_C_albicans_SC5314,150000,11250000,0,0,0,0,0,0,0,0
Ca21chr7_C_albicans_SC5314,160000,11260000,0,0,0,0,0,0,0,0
Ca21chr7_C_albicans_SC5314,170000,11270000,0,0,0,0,0,0,0,0
Ca21chr7_C_albicans_SC5314,180000,11280000,0,0,0,0,0,0,0,0
Ca21chr7_C_albicans_SC5314,190000,11290000,0,0,0,0,0,0,0,0
Ca21chr7_C_albicans_SC5314,200000,11300000,0,0,0,0,0,0,0,0
Ca21chr7_C_albicans_SC5314,210000,11310000,0,0,0,0,0,0,0,0
Ca21chr7_C_albicans_SC5314,220000,11320000,69,0,0,0,0,0,0,0
Ca21chr7_C_albicans_SC5314,230000,11330000,0,0,0,0,0,0,0,0
Ca21chr7_C_albicans_SC5314,240000,11340000,69,0,0,0,0,0,0,0
Ca21chr7_C_albicans_SC5314,250000,11350000,63,0,0,0,0,0,0,0
Ca21chr7_C_albicans_SC5314,260000,11360000,84,0,0,0,0,0,0.0,0.0
Ca21chr7_C_albicans_SC5314,270000,11370000,85,0,0,0,0,0,0.0,0.0
Ca21chr7_C_albicans_SC5314,280000,11380000,37,0,0,0,0,0,0,0
Ca21chr7_C_albicans_SC5314,290000,11390000,0,0,0,0,0,0,0,0
Ca21chr7_C_albicans_SC5314,300000,11400000,69,0,0,0,0,0,0,0
Ca21chr7_C_albicans_SC5314,310000,11410000,0,0,0,0,0,0,0,0
Ca21chr7_C_albicans_SC5314,320000,11420000,0,0,0,0,0,0,0,0
Ca21chr7_C_albicans_SC5314,330000,11430000,0,0,0,0,0,0,0,0
Ca21chr7_C_albicans_SC5314,340000,11440000,0,0,0,0,0,0,0,0
Ca21chr7_C_albicans_SC5314,350000,11450000,69,0,0,0,0,0,0,0
Ca21chr7_C_albicans_SC5314,360000,11460000,129,0,0,0,0,0,0.0,0.0
Ca21chr7_C_albicans_SC5314,370000,11470000,5,0,0,0,0,0,0,0
Ca21chr7_C_albicans_SC5314,380000,11480000,44,0,0,0,0,0,0,0
Ca21chr7_C_albicans_SC5314,390000,11490000,62,0,0,0,0,1,0,0
Ca21chr7_C_albicans_SC5314,400000,11500000,0,0,0,0,0,0,0,0
Ca21chr7_C_albicans_SC5314,410000,11510000,68,0,1,0,0,0,0,0
Ca21chr7_C_albicans_SC5314,420000,11520000,0,0,0,0,0,0,0,0
Ca21chr7_C_albicans_SC5314,430000,11530000,0,0,0,0,0,0,0,0
Ca21chr7_C_albicans_SC5314,440000,11540000,0,0,0,0,0,0,0,0
Ca21chr7_C_albicans_SC5314,450000,11550000,69,0,0,0,0,0,0,0
Ca21chr7_C_albicans_SC5314,460000,11560000,0,0,0,0,0,0,0,0
Ca21chr7_C_albicans_SC5314,470000,11570000,0,0,0,0,0,0,0,0
Ca21chr7_C_albicans_SC5314,480000,11580000,0,0,0,0,0,0,0,0
Ca21chr7_C_albicans_SC5314,490000,11590000,0,0,0,0,0,0,0,0
Ca21chr7_C_albicans_SC5314,500000,11600000,23,0,0,0,0,0,0,0
Ca21chr7_C_albicans_SC5314,510000,11610000,0,0,0,0,0,0,0,0
Ca21chr7_C_albicans_SC5314,520000,11620000,0,0,0,0,0,0,0,0
Ca21chr7_C_albicans_SC5314,530000,11630000,0,0,0,0,0,0,0,0
Ca21chr7_C_albicans_SC5314,540000,11640000,0,0,0,0,0,0,0,0
Ca21chr7_C_albicans_SC5314,550000,11650000,0,0,0,0,0,0,0,0
Ca21chr7_C_albicans_SC5314,560000,11660000,0,0,0,0,0,0,0,0
Ca21chr7_C_albicans_SC5314,570000,11670000,0,0,0,0,0,0,0,0
Ca21chr7_C_albicans_SC5314,580000,11680000,0,0,0,0,0,0,0,0
Ca21chr7_C_albicans_SC5314,590000,11690000,0,0,0,0,0,0,0,0
Ca21chr7_C_albicans_SC5314,600000,11700000,0,0,0,0,0,0,0,0
Ca21chr7_C_albicans_SC5314,610000,11710000,0,0,0,0,0,0,0,0
Ca21chr7_C_albicans_SC5314,620000,11720000,0,0,0,0,0,0,0,0
Ca21chr7_C_albicans_SC5314,630000,11730000,0,0,0,0,0,0,0,0
Ca21chr7_C_albicans_SC5314,640000,11740000,0,0,0,0,0,0,0,0
Ca21chr7_C_albicans_SC5314,650000,11750000,0,0,0,0,0,0,0,0
Ca21chr7_C_albicans_SC5314,660000,11760000,0,0,0,0,0,0,0,0
Ca21chr7_C_albicans_SC5314,670000,11770000,6,0,0,0,0,0,0,0
Ca21chr7_C_albicans_SC5314,680000,11780000,50,0,0,0,0,0,0,0
Ca21chr7_C_albicans_SC5314,690000,11790000,0,0,0,0,0,0,0,0
Ca21chr7_C_albicans_SC5314,700000,11800000,69,0,0,0,0,0,0,0
Ca21chr7_C_albicans_SC5314,710000,11810000,0,0,0,0,0,0,0,0
Ca21chr7_C_albicans_SC5314,720000,11820000,39,0,0,0,0,0,0,0
Ca21chr7_C_albicans_SC5314,730000,11830000,0,0,0,0,0,0,0,0
Ca21chr7_C_albicans_SC5314,740000,11840000,0,0,0,0,0,0,0,0
Ca21chr7_C_albicans_SC5314,750000,11850000,0,0,0,0,0,0,0,0
Ca21chr7_C_albicans_SC5314,760000,11860000,0,0,0,0,0,0,0,0
Ca21chr7_C_albicans_SC5314,770000,11870000,0,0,0,0,0,0,0,0
Ca21chr7_C_albicans_SC5314,780000,11880000,68,0,0,0,0,0,0,0
Ca21chr7_C_albicans_SC5314,790000,11890000,12,0,0,0,0,0,0,0
Ca21chr7_C_albicans_SC5314,800000,11900000,69,0,0,0,0,0,0,0
Ca21chr7_C_albicans_SC5314,810000,11910000,45,0,0,0,0,0,0,0
Ca21chr7_C_albicans_SC5314,820000,11920000,0,0,0,0,0,0,0,0
Ca21chr7_C_albicans_SC5314,830000,11930000,0,0,0,0,0,0,0,0
Ca21chr7_C_albicans_SC5314,840000,11940000,69,0,0,0,0,0,0,0
Ca21chr7_C_albicans_SC5314,850000,11950000,0,0,0,0,0,0,0,0
Ca21chr7_C_albicans_SC5314,860000,11960000,0,0,0,0,0,0,0,0
Ca21chr7_C_albicans_SC5314,870000,11970000,150,0,0,0,0,0,0.0,0.0
Ca21chr7_C_albicans_SC5314,880000,11980000,0,0,0,0,0,0,0,0
Ca21chr7_C_albicans_SC5314,890000,11990000,20,0,0,0,0,0,0,0
Ca21chr7_C_albicans_SC5314,900000,12000000,43,0,0,0,0,0,0,0
Ca21chr7_C_albicans_SC5314,910000,12010000,0,0,0,0,0,0,0,0
Ca21chr7_C_albicans_SC5314,920000,12020000,0,0,0,0,0,0,0,0
Ca21chr7_C_albicans_SC5314,930000,12030000,130,0,0,0,0,0,0.0,0.0
Ca21chr7_C_albicans_SC5314,940000,12040000,0,0,0,0,0,0,0,0
Ca21chr7_C_albicans_SC5314,950000,12050000,0,0,0,0,0,0,0,0
Ca21chrR_C_albicans_SC5314,0,12060000,0,0,0,0,0,0,0,0
Ca21chrR_C_albicans_SC5314,10000,12070000,0,0,0,0,0,0,0,0
Ca21chrR_C_albicans_SC5314,20000,12080000,0,0,0,0,0,0,0,0
Ca21chrR_C_albicans_SC5314,30000,12090000,0,0,0,0,0,0,0,0
Ca21chrR_C_albicans_SC5314,40000,12100000,0,0,0,0,0,0,0,0
Ca21chrR_C_albicans_SC5314,50000,12110000,0,0,0,0,0,0,0,0
Ca21chrR_C_albicans_SC5314,60000,12120000,0,0,0,0,0,0,0,0
Ca21chrR_C_albicans_SC5314,70000,12130000,8,0,0,0,0,0,0,0
Ca21chrR_C_albicans_SC5314,80000,12140000,56,0,0,0,0,0,0,0
Ca21chrR_C_albicans_SC5314,90000,12150000,0,0,0,0,0,0,0,0
Ca21chrR_C_albicans_SC5314,100000,12160000,0,0,0,0,0,0,0,0
Ca21chrR_C_albicans_SC5314,110000,12170000,0,0,0,0,0,0,0,0
Ca21chrR_C_albicans_SC5314,120000,12180000,0,0,0,0,0,0,0,0
Ca21chrR_C_albicans_SC5314,130000,12190000,70,0,0,0,0,0,0.0,0.0
Ca21chrR_C_albicans_SC5314,140000,12200000,0,0,0,0,0,0,0,0
Ca21chrR_C_albicans_SC5314,150000,12210000,0,0,0,0,0,0,0,0
Ca21chrR_C_albicans_SC5314,160000,12220000,0,0,0,0,0,0,0,0
Ca21chrR_C_albicans_SC5314,170000,12230000,0,0,0,0,0,0,0,0
Ca21chrR_C_albicans_SC5314,180000,12240000,0,0,0,0,0,0,0,0
Ca21chrR_C_albicans_SC5314,190000,12250000,0,0,0,0,0,0,0,0
Ca21chrR_C_albicans_SC5314,200000,12260000,0,0,0,0,0,0,0,0
Ca21chrR_C_albicans_SC5314,210000,12270000,0,0,0,0,0,0,0,0
Ca21chrR_C_albicans_SC5314,220000,12280000,69,0,0,0,0,0,0,0
Ca21chrR_C_albicans_SC5314,230000,12290000,103,0,0,0,0,0,0.0,0.0
Ca21chrR_C_albicans_SC5314,240000,12300000,76,0,0,0,0,0,0.0,0.0
Ca21chrR_C_albicans_SC5314,250000,12310000,0,0,0,0,0,0,0,0
Ca21chrR_C_albicans_SC5314,260000,12320000,0,0,0,0,0,0,0,0
Ca21chrR_C_albicans_SC5314,270000,12330000,0,0,0,0,0,0,0,0
Ca21chrR_C_albicans_SC5314,280000,12340000,68,0,0,0,0,0,0,0
Ca21chrR_C_albicans_SC5314,290000,12350000,64,0,0,0,0,0,0,0
Ca21chrR_C_albicans_SC5314,300000,12360000,65,0,0,0,0,0,0,0
Ca21chrR_C_albicans_SC5314,310000,12370000,0,0,0,0,0,0,0,0
Ca21chrR_C_albicans_SC5314,320000,12380000,0,0,0,0,0,0,0,0
Ca21chrR_C_albicans_SC5314,330000,12390000,0,0,0,0,0,0,0,0
Ca21chrR_C_albicans_SC5314,340000,12400000,20,0,0,0,0,0,0,0
Ca21chrR_C_albicans_SC5314,350000,12410000,0,0,0,0,0,0,0,0
Ca21chrR_C_albicans_SC5314,360000,12420000,0,0,0,0,0,0,0,0
Ca21chrR_C_albicans_SC5314,370000,12430000,0,0,0,0,0,0,0,0
Ca21chrR_C_albicans_SC5314,380000,12440000,0,0,0,0,0,0,0,0
Ca21chrR_C_albicans_SC5314,390000,12450000,0,0,0,0,0,0,0,0
Ca21chrR_C_albicans_SC5314,400000,12460000,0,0,0,0,0,0,0,0
Ca21chrR_C_albicans_SC5314,410000,12470000,0,0,0,0,0,0,0,0
Ca21chrR_C_albicans_SC5314,420000,12480000,0,0,0,0,0,0,0,0
Ca21chrR_C_albicans_SC5314,430000,12490000,0,0,0,0,0,0,0,0
Ca21chrR_C_albicans_SC5314,440000,12500000,0,0,0,0,0,0,0,0
Ca21chrR_C_albicans_SC5314,450000,12510000,43,0,0,0,0,0,0,0
Ca21chrR_C_albicans_SC5314,460000,12520000,58,0,0,0,0,0,0,0
Ca21chrR_C_albicans_SC5314,470000,12530000,0,0,0,0,0,0,0,0
Ca21chrR_C_albicans_SC5314,480000,12540000,0,0,0,0,0,0,0,0
Ca21chrR_C_albicans_SC5314,490000,12550000,28,0,0,0,0,0,0,0
Ca21chrR_C_albicans_SC5314,500000,12560000,0,0,0,0,0,0,0,0
Ca21chrR_C_albicans_SC5314,510000,12570000,0,0,0,0,0,0,0,0
Ca21chrR_C_albicans_SC5314,520000,12580000,0,0,0,0,0,0,0,0
Ca21chrR_C_albicans_SC5314,530000,12590000,0,0,0,0,0,0,0,0
Ca21chrR_C_albicans_SC5314,540000,12600000,0,0,0,0,0,0,0,0
Ca21chrR_C_albicans_SC5314,550000,12610000,0,0,0,0,0,0,0,0
Ca21chrR_C_albicans_SC5314,560000,12620000,0,0,0,0,0,0,0,0
Ca21chrR_C_albicans_SC5314,570000,12630000,0,0,0,0,0,0,0,0
Ca21chrR_C_albicans_SC5314,580000,12640000,0,0,0,0,0,0,0,0
Ca21chrR_C_albicans_SC5314,590000,12650000,0,0,0,0,0,0,0,0
Ca21chrR_C_albicans_SC5314,600000,12660000,0,0,0,0,0,0,0,0
Ca21chrR_C_albicans_SC5314,610000,12670000,0,0,0,0,0,0,0,0
Ca21chrR_C_albicans_SC5314,620000,12680000,0,0,0,0,0,0,0,0
Ca21chrR_C_albicans_SC5314,630000,12690000,0,0,0,0,0,0,0,0
Ca21chrR_C_albicans_SC5314,640000,12700000,0,0,0,0,0,0,0,0
Ca21chrR_C_albicans_SC5314,650000,12710000,0,0,0,0,0,0,0,0
Ca21chrR_C_albicans_SC5314,660000,12720000,0,0,0,0,0,0,0,0
Ca21chrR_C_albicans_SC5314,670000,12730000,64,0,0,0,0,0,0,0
Ca21chrR_C_albicans_SC5314,680000,12740000,0,0,0,0,0,0,0,0
Ca21chrR_C_albicans_SC5314,690000,12750000,0,0,0,0,0,0,0,0
Ca21chrR_C_albicans_SC5314,700000,12760000,69,0,0,0,0,0,0,0
Ca21chrR_C_albicans_SC5314,710000,12770000,0,0,0,0,0,0,0,0
Ca21chrR_C_albicans_SC5314,720000,12780000,0,0,0,0,0,0,0,0
Ca21chrR_C_albicans_SC5314,730000,12790000,67,0,0,0,0,0,0,0
Ca21chrR_C_albicans_SC5314,740000,12800000,0,0,0,0,0,0,0,0
Ca21chrR_C_albicans_SC5314,750000,12810000,0,0,0,0,0,0,0,0
Ca21chrR_C_albicans_SC5314,760000,12820000,0,0,0,0,0,0,0,0
Ca21chrR_C_albicans_SC5314,770000,12830000,0,0,0,0,0,0,0,0
Ca21chrR_C_albicans_SC5314,780000,12840000,0,0,0,0,0,0,0,0
Ca21chrR_C_albicans_SC5314,790000,12850000,70,0,0,0,0,0,0.0,0.0
Ca21chrR_C_albicans_SC5314,800000,12860000,0,0,0,0,0,0,0,0
Ca21chrR_C_albicans_SC5314,810000,12870000,0,0,0,0,0,0,0,0
Ca21chrR_C_albicans_SC5314,820000,12880000,33,0,0,0,0,0,0,0
Ca21chrR_C_albicans_SC5314,830000,12890000,0,0,0,0,0,0,0,0
Ca21chrR_C_albicans_SC5314,840000,12900000,0,0,0,0,0,0,0,0
Ca21chrR_C_albicans_SC5314,850000,12910000,0,0,0,0,0,0,0,0
Ca21chrR_C_albicans_SC5314,860000,12920000,0,0,0,0,0,0,0,0
Ca21chrR_C_albicans_SC5314,870000,12930000,0,0,0,0,0,0,0,0
Ca21chrR_C_albicans_SC5314,880000,12940000,0,0,0,0,0,0,0,0
Ca21chrR_C_albicans_SC5314,890000,12950000,0,0,0,0,0,0,0,0
Ca21chrR_C_albicans_SC5314,900000,12960000,136,0,0,0,0,0,0.0,0.0
Ca21chrR_C_albicans_SC5314,910000,12970000,0,0,0,0,0,0,0,0
Ca21chrR_C_albicans_SC5314,920000,12980000,0,0,0,0,0,0,0,0
Ca21chrR_C_albicans_SC5314,930000,12990000,0,0,0,0,0,0,0,0
Ca21chrR_C_albicans_SC5314,940000,13000000,64,0,0,0,0,0,0,0
Ca21chrR_C_albicans_SC5314,950000,13010000,0,0,0,0,0,0,0,0
Ca21chrR_C_albicans_SC5314,960000,13020000,0,0,0,0,0,0,0,0
Ca21chrR_C_albicans_SC5314,970000,13030000,0,0,0,0,0,0,0,0
Ca21chrR_C_albicans_SC5314,980000,13040000,0,0,0,0,0,0,0,0
Ca21chrR_C_albicans_SC5314,990000,13050000,0,0,0,0,0,0,0,0
Ca21chrR_C_albicans_SC5314,1000000,13060000,0,0,0,0,0,0,0,0
Ca21chrR_C_albicans_SC5314,1010000,13070000,0,0,0,0,0,0,0,0
Ca21chrR_C_albicans_SC5314,1020000,13080000,0,0,0,0,0,0,0,0
Ca21chrR_C_albicans_SC5314,1030000,13090000,0,0,0,0,0,0,0,0
Ca21chrR_C_albicans_SC5314,1040000,13100000,55,0,0,0,0,0,0,0
Ca21chrR_C_albicans_SC5314,1050000,13110000,0,0,0,0,0,0,0,0
Ca21chrR_C_albicans_SC5314,1060000,13120000,0,0,0,0,0,0,0,0
Ca21chrR_C_albicans_SC5314,1070000,13130000,0,0,0,0,0,0,0,0
Ca21chrR_C_albicans_SC5314,1080000,13140000,121,0,0,0,0,0,0.0,0.0
Ca21chrR_C_albicans_SC5314,1090000,13150000,0,0,0,0,0,0,0,0
Ca21chrR_C_albicans_SC5314,1100000,13160000,0,0,0,0,0,0,0,0
Ca21chrR_C_albicans_SC5314,1110000,13170000,0,0,0,0,0,0,0,0
Ca21chrR_C_albicans_SC5314,1120000,13180000,0,0,0,0,0,0,0,0
Ca21chrR_C_albicans_SC5314,1130000,13190000,0,0,0,0,0,0,0,0
Ca21chrR_C_albicans_SC5314,1140000,13200000,0,0,0,0,0,0,0,0
Ca21chrR_C_albicans_SC5314,1150000,13210000,66,0,0,0,0,0,0,0
Ca21chrR_C_albicans_SC5314,1160000,13220000,0,0,0,0,0,0,0,0
Ca21chrR_C_albicans_SC5314,1170000,13230000,0,0,0,0,0,0,0,0
Ca21chrR_C_albicans_SC5314,1180000,13240000,0,0,0,0,0,0,0,0
Ca21chrR_C_albicans_SC5314,1190000,13250000,0,0,0,0,0,0,0,0
Ca21chrR_C_albicans_SC5314,1200000,13260000,0,0,0,0,0,0,0,0
Ca21chrR_C_albicans_SC5314,1210000,13270000,0,0,0,0,0,0,0,0
Ca21chrR_C_albicans_SC5314,1220000,13280000,64,0,0,0,0,0,0,0
Ca21chrR_C_albicans_SC5314,1230000,13290000,0,0,0,0,0,0,0,0
Ca21chrR_C_albicans_SC5314,1240000,13300000,16,0,0,0,0,0,0,0
Ca21chrR_C_albicans_SC5314,1250000,13310000,70,0,0,0,0,0,0.0,0.0
Ca21chrR_C_albicans_SC5314,1260000,13320000,68,0,0,0,0,0,0,0
Ca21chrR_C_albicans_SC5314,1270000,13330000,0,0,0,0,0,0,0,0
Ca21chrR_C_albicans_SC5314,1280000,13340000,0,0,0,0,0,0,0,0
Ca21chrR_C_albicans_SC5314,1290000,13350000,66,0,0,0,0,0,0,0
Ca21chrR_C_albicans_SC5314,1300000,13360000,0,0,0,0,0,0,0,0
Ca21chrR_C_albicans_SC5314,1310000,13370000,0,0,0,0,0,0,0,0
Ca21chrR_C_albicans_SC5314,1320000,13380000,0,0,0,0,0,0,0,0
Ca21chrR_C_albicans_SC5314,1330000,13390000,0,0,0,0,0,0,0,0
Ca21chrR_C_albicans_SC5314,1340000,13400000,0,0,0,0,0,0,0,0
Ca21chrR_C_albicans_SC5314,1350000,13410000,0,0,0,0,0,0,0,0
Ca21chrR_C_albicans_SC5314,1360000,13420000,0,0,0,0,0,0,0,0
Ca21chrR_C_albicans_SC5314,1370000,13430000,0,0,0,0,0,0,0,0
Ca21chrR_C_albicans_SC5314,1380000,13440000,0,0,0,0,0,0,0,0
Ca21chrR_C_albicans_SC5314,1390000,13450000,61,0,0,0,0,0,0,0
Ca21chrR_C_albicans_SC5314,1400000,13460000,0,0,0,0,0,0,0,0
Ca21chrR_C_albicans_SC5314,1410000,13470000,0,0,0,0,0,0,0,0
Ca21chrR_C_albicans_SC5314,1420000,13480000,0,0,0,0,0,0,0,0
Ca21chrR_C_albicans_SC5314,1430000,13490000,0,0,0,0,0,0,0,0
Ca21chrR_C_albicans_SC5314,1440000,13500000,69,0,0,0,0,0,0,0
Ca21chrR_C_albicans_SC5314,1450000,13510000,70,0,0,0,0,7,7.0,0.1
Ca21chrR_C_albicans_SC5314,1460000,13520000,0,0,0,0,0,0,0,0
Ca21chrR_C_albicans_SC5314,1470000,13530000,0,0,0,0,0,0,0,0
Ca21chrR_C_albicans_SC5314,1480000,13540000,0,0,0,0,0,0,0,0
Ca21chrR_C_albicans_SC5314,1490000,13550000,0,0,0,0,0,0,0,0
Ca21chrR_C_albicans_SC5314,1500000,13560000,0,0,0,0,0,0,0,0
Ca21chrR_C_albicans_SC5314,1510000,13570000,0,0,0,0,0,0,0,0
Ca21chrR_C_albicans_SC5314,1520000,13580000,0,0,0,0,0,0,0,0
Ca21chrR_C_albicans_SC5314,1530000,13590000,0,0,0,0,0,0,0,0
Ca21chrR_C_albicans_SC5314,1540000,13600000,0,0,0,0,0,0,0,0
Ca21chrR_C_albicans_SC5314,1550000,13610000,13,0,4,0,0,5,0,0
Ca21chrR_C_albicans_SC5314,1560000,13620000,0,0,0,0,0,0,0,0
Ca21chrR_C_albicans_SC5314,1570000,13630000,0,0,0,0,0,0,0,0
Ca21chrR_C_albicans_SC5314,1580000,13640000,0,0,0,0,0,0,0,0
Ca21chrR_C_albicans_SC5314,1590000,13650000,0,0,0,0,0,0,0,0
Ca21chrR_C_albicans_SC5314,1600000,13660000,59,0,3,0,0,3,0,0
Ca21chrR_C_albicans_SC5314,1610000,13670000,0,0,0,0,0,0,0,0
Ca21chrR_C_albicans_SC5314,1620000,13680000,0,0,0,0,0,0,0,0
Ca21chrR_C_albicans_SC5314,1630000,13690000,0,0,0,0,0,0,0,0
Ca21chrR_C_albicans_SC5314,1640000,13700000,0,0,0,0,0,0,0,0
Ca21chrR_C_albicans_SC5314,1650000,13710000,0,0,0,0,0,0,0,0
Ca21chrR_C_albicans_SC5314,1660000,13720000,26,0,0,0,0,0,0,0
Ca21chrR_C_albicans_SC5314,1670000,13730000,67,0,0,0,0,0,0,0
Ca21chrR_C_albicans_SC5314,1680000,13740000,68,0,1,0,0,0,0,0
Ca21chrR_C_albicans_SC5314,1690000,13750000,0,0,0,0,0,0,0,0
Ca21chrR_C_albicans_SC5314,1700000,13760000,22,0,0,0,0,0,0,0
Ca21chrR_C_albicans_SC5314,1710000,13770000,0,0,0,0,0,0,0,0
Ca21chrR_C_albicans_SC5314,1720000,13780000,0,0,0,0,0,0,0,0
Ca21chrR_C_albicans_SC5314,1730000,13790000,50,0,0,0,0,0,0,0
Ca21chrR_C_albicans_SC5314,1740000,13800000,53,0,0,0,0,0,0,0
Ca21chrR_C_albicans_SC5314,1750000,13810000,0,0,0,0,0,0,0,0
Ca21chrR_C_albicans_SC5314,1760000,13820000,0,0,0,0,0,0,0,0
Ca21chrR_C_albicans_SC5314,1770000,13830000,0,0,0,0,0,0,0,0
Ca21chrR_C_albicans_SC5314,1780000,13840000,0,0,0,0,0,0,0,0
Ca21chrR_C_albicans_SC5314,1790000,13850000,0,0,0,0,0,0,0,0
Ca21chrR_C_albicans_SC5314,1800000,13860000,0,0,0,0,0,0,0,0
Ca21chrR_C_albicans_SC5314,1810000,13870000,0,0,0,0,0,0,0,0
Ca21chrR_C_albicans_SC5314,1820000,13880000,0,0,0,0,0,0,0,0
Ca21chrR_C_albicans_SC5314,1830000,13890000,18,0,0,0,0,0,0,0
Ca21chrR_C_albicans_SC5314,1840000,13900000,0,0,0,0,0,0,0,0
Ca21chrR_C_albicans_SC5314,1850000,13910000,46,0,0,0,0,0,0,0
Ca21chrR_C_albicans_SC5314,1860000,13920000,70,0,0,0,0,0,0.0,0.0
Ca21chrR_C_albicans_SC5314,1870000,13930000,0,0,0,0,0,0,0,0
Ca21chrR_C_albicans_SC5314,1880000,13940000,0,0,0,0,0,0,0,0
Ca21chrR_C_albicans_SC5314,1890000,13950000,0,0,0,0,0,0,0,0
Ca21chrR_C_albicans_SC5314,1900000,13960000,0,0,0,0,0,0,0,0
Ca21chrR_C_albicans_SC5314,1910000,13970000,33,0,0,0,0,0,0,0
Ca21chrR_C_albicans_SC5314,1920000,13980000,0,0,0,0,0,0,0,0
Ca21chrR_C_albicans_SC5314,1930000,13990000,0,0,0,0,0,0,0,0
Ca21chrR_C_albicans_SC5314,1940000,14000000,0,0,0,0,0,0,0,0
Ca21chrR_C_albicans_SC5314,1950000,14010000,0,0,0,0,0,0,0,0
Ca21chrR_C_albicans_SC5314,1960000,14020000,0,0,0,0,0,0,0,0
Ca21chrR_C_albicans_SC5314,1970000,14030000,0,0,0,0,0,0,0,0
Ca21chrR_C_albicans_SC5314,1980000,14040000,0,0,0,0,0,0,0,0
Ca21chrR_C_albicans_SC5314,1990000,14050000,0,0,0,0,0,0,0,0
Ca21chrR_C_albicans_SC5314,2000000,14060000,0,0,0,0,0,0,0,0
Ca21chrR_C_albicans_SC5314,2010000,14070000,59,0,0,0,0,0,0,0
Ca21chrR_C_albicans_SC5314,2020000,14080000,128,0,0,0,0,0,0.0,0.0
Ca21chrR_C_albicans_SC5314,2030000,14090000,68,0,0,0,0,0,0,0
Ca21chrR_C_albicans_SC5314,2040000,14100000,126,0,0,0,0,0,0.0,0.0
Ca21chrR_C_albicans_SC5314,2050000,14110000,25,0,0,0,0,0,0,0
Ca21chrR_C_albicans_SC5314,2060000,14120000,0,0,0,0,0,0,0,0
Ca21chrR_C_albicans_SC5314,2070000,14130000,70,0,0,0,0,0,0.0,0.0
Ca21chrR_C_albicans_SC5314,2080000,14140000,99,0,0,0,0,0,0.0,0.0
Ca21chrR_C_albicans_SC5314,2090000,14150000,92,0,0,0,0,0,0.0,0.0
Ca21chrR_C_albicans_SC5314,2100000,14160000,70,0,0,0,0,0,0.0,0.0
Ca21chrR_C_albicans_SC5314,2110000,14170000,70,0,0,0,0,0,0.0,0.0
Ca21chrR_C_albicans_SC5314,2120000,14180000,0,0,0,0,0,0,0,0
Ca21chrR_C_albicans_SC5314,2130000,14190000,67,0,0,0,0,0,0,0
Ca21chrR_C_albicans_SC5314,2140000,14200000,0,0,0,0,0,0,0,0
Ca21chrR_C_albicans_SC5314,2150000,14210000,69,0,0,0,0,0,0,0
Ca21chrR_C_albicans_SC5314,2160000,14220000,0,0,0,0,0,0,0,0
Ca21chrR_C_albicans_SC5314,2170000,14230000,0,0,0,0,0,0,0,0
Ca21chrR_C_albicans_SC5314,2180000,14240000,0,0,0,0,0,0,0,0
Ca21chrR_C_albicans_SC5314,2190000,14250000,0,0,0,0,0,0,0,0
Ca21chrR_C_albicans_SC5314,2200000,14260000,0,0,0,0,0,0,0,0
Ca21chrR_C_albicans_SC5314,2210000,14270000,5,0,0,0,0,0,0,0
Ca21chrR_C_albicans_SC5314,2220000,14280000,0,0,0,0,0,0,0,0
Ca21chrR_C_albicans_SC5314,2230000,14290000,0,0,0,0,0,0,0,0
Ca21chrR_C_albicans_SC5314,2240000,14300000,0,0,0,0,0,0,0,0
Ca21chrR_C_albicans_SC5314,2250000,14310000,0,0,0,0,0,0,0,0
Ca21chrR_C_albicans_SC5314,2260000,14320000,0,0,0,0,0,0,0,0
Ca21chrR_C_albicans_SC5314,2270000,14330000,10,0,0,0,0,0,0,0
Ca21chrR_C_albicans_SC5314,2280000,14340000,0,0,0,0,0,0,0,0
Ca21chrR_C_albicans_SC5314,2290000,14350000,0,0,0,0,0,0,0,0
