# cstacks version 1.46; catalog generated on 2017-08-10 08:03:26
0	1	4	A	0	0
0	1	4	C	0	0
0	1	5	C	0	0
0	1	5	G	0	0
0	1	6	A	0	0
0	1	6	C	0	0
0	1	6	G	0	0
0	1	8	C	0	0
0	1	8	T	0	0
0	1	9	C	0	0
0	1	9	T	0	0
0	1	10	A	0	0
0	1	10	G	0	0
0	1	12	A	0	0
0	1	12	G	0	0
0	1	13	A	0	0
0	1	13	G	0	0
0	1	15	A	0	0
0	1	15	C	0	0
0	1	18	C	0	0
0	1	18	T	0	0
0	1	24	C	0	0
0	1	24	T	0	0
0	1	25	AG	0	0
0	1	25	GA	0	0
0	1	25	GG	0	0
0	1	36	AA	0	0
0	1	36	TC	0	0
0	1	49	G	0	0
0	1	49	T	0	0
0	1	53	A	0	0
0	1	53	G	0	0
0	1	55	AA	0	0
0	1	55	GA	0	0
0	1	55	GT	0	0
0	1	61	G	0	0
0	1	61	T	0	0
0	1	62	C	0	0
0	1	62	T	0	0
0	1	66	AA	0	0
0	1	66	AG	0	0
0	1	66	TA	0	0
0	1	70	C	0	0
0	1	70	T	0	0
0	1	73	A	0	0
0	1	73	T	0	0
0	1	75	A	0	0
0	1	75	G	0	0
0	1	80	A	0	0
0	1	80	G	0	0
0	1	84	G	0	0
0	1	84	T	0	0
0	1	86	C	0	0
0	1	86	T	0	0
0	1	88	A	0	0
0	1	88	G	0	0
0	1	89	C	0	0
0	1	89	T	0	0
0	1	95	A	0	0
0	1	95	T	0	0
0	1	102	AT	0	0
0	1	102	TC	0	0
0	1	102	TT	0	0
0	1	103	CG	0	0
0	1	103	TA	0	0
0	1	105	CC	0	0
0	1	105	TC	0	0
0	1	105	TT	0	0
0	1	111	A	0	0
0	1	111	T	0	0
0	1	120	C	0	0
0	1	120	T	0	0
0	1	124	GC	0	0
0	1	124	TC	0	0
0	1	124	TT	0	0
0	1	125	C	0	0
0	1	125	G	0	0
0	1	128	G	0	0
0	1	128	T	0	0
0	1	131	A	0	0
0	1	131	G	0	0
0	1	136	CC	0	0
0	1	136	TT	0	0
0	1	147	C	0	0
0	1	147	T	0	0
0	1	152	A	0	0
0	1	152	G	0	0
0	1	153	AG	0	0
0	1	153	GC	0	0
0	1	153	GG	0	0
0	1	155	C	0	0
0	1	155	T	0	0
0	1	159	C	0	0
0	1	159	T	0	0
0	1	160	C	0	0
0	1	160	T	0	0
0	1	161	AC	0	0
0	1	161	GT	0	0
0	1	163	AC	0	0
0	1	163	GC	0	0
0	1	163	GT	0	0
0	1	170	A	0	0
0	1	170	G	0	0
0	1	171	A	0	0
0	1	171	G	0	0
0	1	173	C	0	0
0	1	173	T	0	0
0	1	178	A	0	0
0	1	178	C	0	0
0	1	185	C	0	0
0	1	185	G	0	0
0	1	187	C	0	0
0	1	187	T	0	0
0	1	188	A	0	0
0	1	188	T	0	0
0	1	190	A	0	0
0	1	190	G	0	0
0	1	197	CA	0	0
0	1	197	TA	0	0
0	1	197	TG	0	0
0	1	201	AC	0	0
0	1	201	AT	0	0
0	1	201	GC	0	0
0	1	202	A	0	0
0	1	202	G	0	0
0	1	206	C	0	0
0	1	206	T	0	0
0	1	207	A	0	0
0	1	207	G	0	0
0	1	208	A	0	0
0	1	208	G	0	0
0	1	210	C	0	0
0	1	210	T	0	0
0	1	212	A	0	0
0	1	212	G	0	0
0	1	215	A	0	0
0	1	215	G	0	0
0	1	216	A	0	0
0	1	216	T	0	0
0	1	217	C	0	0
0	1	217	T	0	0
0	1	219	A	0	0
0	1	219	G	0	0
0	1	231	C	0	0
0	1	231	T	0	0
0	1	243	A	0	0
0	1	243	C	0	0
0	1	247	A	0	0
0	1	247	G	0	0
0	1	254	A	0	0
0	1	254	G	0	0
0	1	256	AA	0	0
0	1	256	GG	0	0
0	1	259	A	0	0
0	1	259	G	0	0
0	1	263	A	0	0
0	1	263	G	0	0
0	1	266	A	0	0
0	1	266	G	0	0
0	1	269	A	0	0
0	1	269	T	0	0
0	1	274	A	0	0
0	1	274	G	0	0
0	1	275	A	0	0
0	1	275	G	0	0
0	1	276	C	0	0
0	1	276	T	0	0
0	1	278	A	0	0
0	1	278	G	0	0
0	1	279	A	0	0
0	1	279	G	0	0
0	1	280	C	0	0
0	1	280	T	0	0
0	1	282	A	0	0
0	1	282	G	0	0
0	1	284	AA	0	0
0	1	284	TG	0	0
0	1	286	A	0	0
0	1	286	C	0	0
0	1	289	C	0	0
0	1	289	T	0	0
0	1	298	CA	0	0
0	1	298	CC	0	0
0	1	298	TA	0	0
0	1	300	AC	0	0
0	1	300	AT	0	0
0	1	300	GT	0	0
0	1	309	C	0	0
0	1	309	T	0	0
0	1	311	C	0	0
0	1	311	T	0	0
0	1	314	C	0	0
0	1	314	T	0	0
0	1	315	AT	0	0
0	1	315	GG	0	0
0	1	315	GT	0	0
0	1	316	G	0	0
0	1	316	T	0	0
0	1	320	AG	0	0
0	1	320	TG	0	0
0	1	320	TT	0	0
0	1	324	A	0	0
0	1	324	G	0	0
0	1	328	A	0	0
0	1	328	G	0	0
0	1	336	C	0	0
0	1	336	T	0	0
0	1	341	C	0	0
0	1	341	T	0	0
0	1	342	A	0	0
0	1	342	G	0	0
0	1	346	AC	0	0
0	1	346	CT	0	0
0	1	347	C	0	0
0	1	347	T	0	0
0	1	350	A	0	0
0	1	350	G	0	0
0	1	351	AA	0	0
0	1	351	AC	0	0
0	1	351	GA	0	0
0	1	352	G	0	0
0	1	352	T	0	0
0	1	353	AC	0	0
0	1	353	GC	0	0
0	1	353	GG	0	0
0	1	354	G	0	0
0	1	354	T	0	0
0	1	361	G	0	0
0	1	361	T	0	0
0	1	363	A	0	0
0	1	363	T	0	0
0	1	364	A	0	0
0	1	364	G	0	0
0	1	365	C	0	0
0	1	365	T	0	0
0	1	367	CG	0	0
0	1	367	TA	0	0
0	1	367	TG	0	0
0	1	368	C	0	0
0	1	368	T	0	0
0	1	369	C	0	0
0	1	369	T	0	0
0	1	372	C	0	0
0	1	372	T	0	0
0	1	379	C	0	0
0	1	379	T	0	0
0	1	380	A	0	0
0	1	380	G	0	0
0	1	381	A	0	0
0	1	381	C	0	0
0	1	382	CT	0	0
0	1	382	TA	0	0
0	1	383	AA	0	0
0	1	383	GG	0	0
0	1	384	CA	0	0
0	1	384	TG	0	0
0	1	385	G	0	0
0	1	385	T	0	0
0	1	386	C	0	0
0	1	386	T	0	0
0	1	389	AT	0	0
0	1	389	TG	0	0
0	1	390	A	0	0
0	1	390	G	0	0
0	1	391	A	0	0
0	1	391	G	0	0
0	1	395	C	0	0
0	1	395	T	0	0
0	1	398	A	0	0
0	1	398	G	0	0
0	1	402	A	0	0
0	1	402	T	0	0
0	1	403	CT	0	0
0	1	403	GC	0	0
0	1	405	A	0	0
0	1	405	G	0	0
0	1	409	C	0	0
0	1	409	T	0	0
0	1	412	C	0	0
0	1	412	T	0	0
0	1	413	A	0	0
0	1	413	G	0	0
0	1	415	G	0	0
0	1	415	T	0	0
0	1	417	C	0	0
0	1	417	T	0	0
0	1	422	C	0	0
0	1	422	T	0	0
0	1	423	AG	0	0
0	1	423	GA	0	0
0	1	424	C	0	0
0	1	424	T	0	0
0	1	432	CT	0	0
0	1	432	TC	0	0
0	1	439	AA	0	0
0	1	439	GT	0	0
0	1	443	A	0	0
0	1	443	G	0	0
0	1	444	A	0	0
0	1	444	G	0	0
0	1	446	A	0	0
0	1	446	G	0	0
0	1	447	A	0	0
0	1	447	G	0	0
0	1	449	A	0	0
0	1	449	G	0	0
0	1	455	A	0	0
0	1	455	T	0	0
0	1	458	AC	0	0
0	1	458	AT	0	0
0	1	458	CC	0	0
0	1	471	A	0	0
0	1	471	G	0	0
0	1	472	C	0	0
0	1	472	T	0	0
0	1	476	C	0	0
0	1	476	T	0	0
0	1	478	C	0	0
0	1	478	T	0	0
0	1	484	CC	0	0
0	1	484	TT	0	0
0	1	487	A	0	0
0	1	487	G	0	0
0	1	492	C	0	0
0	1	492	T	0	0
0	1	508	A	0	0
0	1	508	G	0	0
0	1	509	C	0	0
0	1	509	T	0	0
0	1	519	A	0	0
0	1	519	T	0	0
0	1	520	GA	0	0
0	1	520	TG	0	0
0	1	522	A	0	0
0	1	522	G	0	0
0	1	526	A	0	0
0	1	526	G	0	0
0	1	528	A	0	0
0	1	528	G	0	0
0	1	529	A	0	0
0	1	529	G	0	0
0	1	537	A	0	0
0	1	537	G	0	0
0	1	543	A	0	0
0	1	543	G	0	0
0	1	544	CC	0	0
0	1	544	TA	0	0
0	1	546	A	0	0
0	1	546	G	0	0
0	1	550	AC	0	0
0	1	550	CT	0	0
0	1	552	A	0	0
0	1	552	G	0	0
0	1	553	A	0	0
0	1	553	G	0	0
0	1	565	C	0	0
0	1	565	T	0	0
0	1	567	C	0	0
0	1	567	G	0	0
0	1	569	A	0	0
0	1	569	G	0	0
0	1	570	C	0	0
0	1	570	T	0	0
0	1	571	A	0	0
0	1	571	G	0	0
0	1	578	C	0	0
0	1	578	T	0	0
0	1	579	AA	0	0
0	1	579	GA	0	0
0	1	579	GC	0	0
0	1	580	C	0	0
0	1	580	T	0	0
0	1	586	A	0	0
0	1	586	G	0	0
0	1	590	AT	0	0
0	1	590	GC	0	0
0	1	590	GT	0	0
0	1	595	A	0	0
0	1	595	T	0	0
0	1	596	A	0	0
0	1	596	T	0	0
0	1	600	A	0	0
0	1	600	T	0	0
0	1	601	GC	0	0
0	1	601	TT	0	0
0	1	608	C	0	0
0	1	608	T	0	0
0	1	609	CA	0	0
0	1	609	TG	0	0
0	1	610	G	0	0
0	1	610	T	0	0
0	1	614	AC	0	0
0	1	614	GC	0	0
0	1	614	GT	0	0
0	1	618	A	0	0
0	1	618	G	0	0
0	1	620	C	0	0
0	1	620	G	0	0
0	1	621	A	0	0
0	1	621	G	0	0
0	1	622	C	0	0
0	1	622	G	0	0
0	1	628	C	0	0
0	1	628	T	0	0
0	1	629	C	0	0
0	1	629	T	0	0
0	1	630	A	0	0
0	1	630	G	0	0
0	1	632	C	0	0
0	1	632	T	0	0
0	1	634	A	0	0
0	1	634	G	0	0
0	1	642	C	0	0
0	1	642	G	0	0
0	1	651	A	0	0
0	1	651	G	0	0
0	1	653	AT	0	0
0	1	653	GC	0	0
0	1	654	A	0	0
0	1	654	G	0	0
0	1	671	C	0	0
0	1	671	T	0	0
0	1	677	AA	0	0
0	1	677	GA	0	0
0	1	677	GG	0	0
0	1	706	A	0	0
0	1	706	G	0	0
0	1	711	AA	0	0
0	1	711	GC	0	0
0	1	716	A	0	0
0	1	716	G	0	0
0	1	720	A	0	0
0	1	720	T	0	0
0	1	721	CA	0	0
0	1	721	CG	0	0
0	1	721	TA	0	0
0	1	721	TG	0	0
0	1	727	AT	0	0
0	1	727	TC	0	0
0	1	733	G	0	0
0	1	733	T	0	0
0	1	735	C	0	0
0	1	735	T	0	0
0	1	759	C	0	0
0	1	759	G	0	0
0	1	761	A	0	0
0	1	761	G	0	0
0	1	782	A	0	0
0	1	782	G	0	0
0	1	785	A	0	0
0	1	785	G	0	0
0	1	787	AA	0	0
0	1	787	AT	0	0
0	1	787	TA	0	0
0	1	788	CT	0	0
0	1	788	TC	0	0
0	1	791	C	0	0
0	1	791	T	0	0
0	1	792	A	0	0
0	1	792	G	0	0
0	1	798	C	0	0
0	1	798	T	0	0
0	1	801	CA	0	0
0	1	801	TG	0	0
0	1	802	A	0	0
0	1	802	G	0	0
0	1	804	A	0	0
0	1	804	G	0	0
0	1	805	C	0	0
0	1	805	T	0	0
0	1	806	CC	0	0
0	1	806	TT	0	0
0	1	808	A	0	0
0	1	808	G	0	0
0	1	810	A	0	0
0	1	810	C	0	0
0	1	813	C	0	0
0	1	813	T	0	0
0	1	815	C	0	0
0	1	815	T	0	0
0	1	820	A	0	0
0	1	820	C	0	0
0	1	821	A	0	0
0	1	821	G	0	0
0	1	830	C	0	0
0	1	830	T	0	0
0	1	831	A	0	0
0	1	831	G	0	0
0	1	833	C	0	0
0	1	833	T	0	0
0	1	838	C	0	0
0	1	838	T	0	0
0	1	848	A	0	0
0	1	848	G	0	0
0	1	850	C	0	0
0	1	850	T	0	0
0	1	855	AA	0	0
0	1	855	AG	0	0
0	1	855	GG	0	0
0	1	856	A	0	0
0	1	856	G	0	0
0	1	857	A	0	0
0	1	857	T	0	0
0	1	859	A	0	0
0	1	859	C	0	0
0	1	861	C	0	0
0	1	861	T	0	0
0	1	864	A	0	0
0	1	864	G	0	0
0	1	869	A	0	0
0	1	869	G	0	0
0	1	871	A	0	0
0	1	871	T	0	0
0	1	880	A	0	0
0	1	880	T	0	0
0	1	884	CT	0	0
0	1	884	TA	0	0
0	1	889	G	0	0
0	1	889	T	0	0
0	1	896	A	0	0
0	1	896	G	0	0
0	1	898	A	0	0
0	1	898	T	0	0
0	1	900	A	0	0
0	1	900	G	0	0
0	1	905	C	0	0
0	1	905	T	0	0
0	1	909	A	0	0
0	1	909	G	0	0
0	1	912	C	0	0
0	1	912	T	0	0
0	1	918	C	0	0
0	1	918	T	0	0
0	1	922	AA	0	0
0	1	922	AG	0	0
0	1	922	TG	0	0
0	1	925	A	0	0
0	1	925	T	0	0
0	1	930	G	0	0
0	1	930	T	0	0
0	1	934	C	0	0
0	1	934	T	0	0
0	1	939	CG	0	0
0	1	939	TA	0	0
0	1	946	A	0	0
0	1	946	C	0	0
0	1	949	C	0	0
0	1	949	T	0	0
0	1	959	A	0	0
0	1	959	T	0	0
0	1	961	A	0	0
0	1	961	C	0	0
0	1	962	A	0	0
0	1	962	T	0	0
0	1	972	A	0	0
0	1	972	G	0	0
0	1	983	A	0	0
0	1	983	G	0	0
0	1	986	C	0	0
0	1	986	T	0	0
0	1	993	A	0	0
0	1	993	G	0	0
0	1	994	G	0	0
0	1	994	T	0	0
0	1	1004	C	0	0
0	1	1004	T	0	0
0	1	1009	G	0	0
0	1	1009	T	0	0
0	1	1019	C	0	0
0	1	1019	T	0	0
0	1	1020	C	0	0
0	1	1020	T	0	0
0	1	1022	A	0	0
0	1	1022	G	0	0
0	1	1026	A	0	0
0	1	1026	G	0	0
0	1	1033	C	0	0
0	1	1033	G	0	0
0	1	1038	A	0	0
0	1	1038	G	0	0
0	1	1040	CT	0	0
0	1	1040	TC	0	0
0	1	1049	C	0	0
0	1	1049	T	0	0
0	1	1052	C	0	0
0	1	1052	T	0	0
0	1	1058	A	0	0
0	1	1058	G	0	0
0	1	1059	A	0	0
0	1	1059	G	0	0
0	1	1066	AC	0	0
0	1	1066	GT	0	0
0	1	1068	CC	0	0
0	1	1068	CT	0	0
0	1	1068	TC	0	0
0	1	1070	CTG	0	0
0	1	1070	TCA	0	0
0	1	1070	TTG	0	0
0	1	1071	C	0	0
0	1	1071	T	0	0
0	1	1079	A	0	0
0	1	1079	G	0	0
0	1	1080	C	0	0
0	1	1080	T	0	0
0	1	1082	C	0	0
0	1	1082	T	0	0
0	1	1085	A	0	0
0	1	1085	T	0	0
0	1	1086	A	0	0
0	1	1086	G	0	0
0	1	1087	G	0	0
0	1	1087	T	0	0
0	1	1088	A	0	0
0	1	1088	G	0	0
0	1	1089	C	0	0
0	1	1089	T	0	0
0	1	1092	A	0	0
0	1	1092	G	0	0
0	1	1099	AA	0	0
0	1	1099	GA	0	0
0	1	1099	GG	0	0
0	1	1101	AG	0	0
0	1	1101	GA	0	0
0	1	1106	A	0	0
0	1	1106	G	0	0
0	1	1107	A	0	0
0	1	1107	G	0	0
0	1	1108	A	0	0
0	1	1108	G	0	0
0	1	1114	A	0	0
0	1	1114	G	0	0
0	1	1116	A	0	0
0	1	1116	G	0	0
0	1	1117	AT	0	0
0	1	1117	CA	0	0
0	1	1117	CT	0	0
0	1	1120	AG	0	0
0	1	1120	GA	0	0
0	1	1120	GG	0	0
0	1	1127	A	0	0
0	1	1127	C	0	0
0	1	1129	A	0	0
0	1	1129	G	0	0
0	1	1132	CA	0	0
0	1	1132	CT	0	0
0	1	1132	TA	0	0
0	1	1141	A	0	0
0	1	1141	G	0	0
0	1	1145	C	0	0
0	1	1145	T	0	0
0	1	1147	AC	0	0
0	1	1147	GT	0	0
0	1	1148	A	0	0
0	1	1148	C	0	0
0	1	1152	CC	0	0
0	1	1152	TC	0	0
0	1	1152	TT	0	0
0	1	1154	A	0	0
0	1	1154	G	0	0
0	1	1158	A	0	0
0	1	1158	G	0	0
0	1	1161	A	0	0
0	1	1161	G	0	0
0	1	1163	C	0	0
0	1	1163	T	0	0
0	1	1167	C	0	0
0	1	1167	T	0	0
0	1	1174	CA	0	0
0	1	1174	TG	0	0
0	1	1181	AG	0	0
0	1	1181	GA	0	0
0	1	1185	A	0	0
0	1	1185	G	0	0
0	1	1186	GA	0	0
0	1	1186	TG	0	0
0	1	1188	A	0	0
0	1	1188	G	0	0
0	1	1190	A	0	0
0	1	1190	T	0	0
0	1	1211	C	0	0
0	1	1211	T	0	0
0	1	1213	C	0	0
0	1	1213	T	0	0
0	1	1214	C	0	0
0	1	1214	T	0	0
0	1	1221	G	0	0
0	1	1221	T	0	0
0	1	1229	AA	0	0
0	1	1229	TC	0	0
0	1	1231	A	0	0
0	1	1231	G	0	0
0	1	1249	A	0	0
0	1	1249	T	0	0
0	1	1250	C	0	0
0	1	1250	G	0	0
0	1	1252	AG	0	0
0	1	1252	CA	0	0
0	1	1256	C	0	0
0	1	1256	T	0	0
0	1	1259	C	0	0
0	1	1259	T	0	0
0	1	1260	A	0	0
0	1	1260	G	0	0
0	1	1264	CA	0	0
0	1	1264	CG	0	0
0	1	1264	TG	0	0
0	1	1266	C	0	0
0	1	1266	T	0	0
0	1	1267	A	0	0
0	1	1267	G	0	0
0	1	1275	C	0	0
0	1	1275	T	0	0
0	1	1276	A	0	0
0	1	1276	G	0	0
0	1	1277	A	0	0
0	1	1277	G	0	0
0	1	1278	C	0	0
0	1	1278	T	0	0
0	1	1280	C	0	0
0	1	1280	T	0	0
0	1	1281	C	0	0
0	1	1281	T	0	0
0	1	1282	C	0	0
0	1	1282	T	0	0
0	1	1285	A	0	0
0	1	1285	G	0	0
0	1	1287	C	0	0
0	1	1287	G	0	0
0	1	1290	C	0	0
0	1	1290	T	0	0
0	1	1303	C	0	0
0	1	1303	T	0	0
0	1	1304	CA	0	0
0	1	1304	TC	0	0
0	1	1313	C	0	0
0	1	1313	T	0	0
0	1	1314	A	0	0
0	1	1314	C	0	0
0	1	1320	C	0	0
0	1	1320	T	0	0
0	1	1328	C	0	0
0	1	1328	T	0	0
0	1	1331	AA	0	0
0	1	1331	CA	0	0
0	1	1331	CT	0	0
0	1	1338	A	0	0
0	1	1338	G	0	0
0	1	1339	A	0	0
0	1	1339	T	0	0
0	1	1341	AA	0	0
0	1	1341	GG	0	0
0	1	1342	C	0	0
0	1	1342	T	0	0
0	1	1346	C	0	0
0	1	1346	T	0	0
0	1	1352	A	0	0
0	1	1352	G	0	0
0	1	1354	C	0	0
0	1	1354	T	0	0
0	1	1374	A	0	0
0	1	1374	G	0	0
0	1	1376	C	0	0
0	1	1376	T	0	0
0	1	1380	C	0	0
0	1	1380	T	0	0
0	1	1381	A	0	0
0	1	1381	T	0	0
0	1	1386	CA	0	0
0	1	1386	CG	0	0
0	1	1386	TA	0	0
0	1	1386	TG	0	0
0	1	1387	A	0	0
0	1	1387	T	0	0
0	1	1394	A	0	0
0	1	1394	T	0	0
0	1	1396	C	0	0
0	1	1396	G	0	0
0	1	1397	C	0	0
0	1	1397	T	0	0
0	1	1398	A	0	0
0	1	1398	G	0	0
0	1	1399	G	0	0
0	1	1399	T	0	0
0	1	1402	C	0	0
0	1	1402	T	0	0
0	1	1403	C	0	0
0	1	1403	T	0	0
0	1	1404	A	0	0
0	1	1404	G	0	0
0	1	1413	A	0	0
0	1	1413	T	0	0
0	1	1414	C	0	0
0	1	1414	T	0	0
0	1	1416	CG	0	0
0	1	1416	CT	0	0
0	1	1416	GG	0	0
0	1	1418	CG	0	0
0	1	1418	TC	0	0
0	1	1418	TG	0	0
0	1	1423	A	0	0
0	1	1423	G	0	0
0	1	1424	C	0	0
0	1	1424	T	0	0
0	1	1425	AC	0	0
0	1	1425	AT	0	0
0	1	1425	GT	0	0
0	1	1426	A	0	0
0	1	1426	G	0	0
0	1	1428	CT	0	0
0	1	1428	GC	0	0
0	1	1428	GT	0	0
0	1	1431	A	0	0
0	1	1431	G	0	0
0	1	1434	CG	0	0
0	1	1434	TT	0	0
0	1	1439	C	0	0
0	1	1439	T	0	0
0	1	1442	A	0	0
0	1	1442	G	0	0
0	1	1443	C	0	0
0	1	1443	T	0	0
0	1	1445	AT	0	0
0	1	1445	CC	0	0
0	1	1447	G	0	0
0	1	1447	T	0	0
0	1	1449	A	0	0
0	1	1449	G	0	0
0	1	1450	A	0	0
0	1	1450	G	0	0
0	1	1456	A	0	0
0	1	1456	G	0	0
0	1	1458	C	0	0
0	1	1458	T	0	0
0	1	1461	G	0	0
0	1	1461	T	0	0
0	1	1462	A	0	0
0	1	1462	G	0	0
0	1	1465	A	0	0
0	1	1465	G	0	0
0	1	1467	AA	0	0
0	1	1467	CA	0	0
0	1	1467	CG	0	0
0	1	1476	AG	0	0
0	1	1476	GA	0	0
0	1	1488	C	0	0
0	1	1488	T	0	0
0	1	1500	A	0	0
0	1	1500	G	0	0
0	1	1501	C	0	0
0	1	1501	T	0	0
0	1	1502	C	0	0
0	1	1502	T	0	0
0	1	1508	A	0	0
0	1	1508	G	0	0
0	1	1511	AA	0	0
0	1	1511	GG	0	0
0	1	1512	G	0	0
0	1	1512	T	0	0
0	1	1514	G	0	0
0	1	1514	T	0	0
0	1	1521	A	0	0
0	1	1521	G	0	0
0	1	1522	C	0	0
0	1	1522	T	0	0
0	1	1526	C	0	0
0	1	1526	T	0	0
0	1	1529	C	0	0
0	1	1529	T	0	0
0	1	1541	A	0	0
0	1	1541	G	0	0
0	1	1559	A	0	0
0	1	1559	G	0	0
0	1	1564	A	0	0
0	1	1564	G	0	0
0	1	1571	C	0	0
0	1	1571	T	0	0
0	1	1572	A	0	0
0	1	1572	G	0	0
0	1	1574	A	0	0
0	1	1574	T	0	0
0	1	1576	C	0	0
0	1	1576	T	0	0
0	1	1580	C	0	0
0	1	1580	T	0	0
0	1	1581	C	0	0
0	1	1581	T	0	0
0	1	1585	CT	0	0
0	1	1585	TC	0	0
0	1	1587	GA	0	0
0	1	1587	GG	0	0
0	1	1587	TG	0	0
0	1	1589	A	0	0
0	1	1589	G	0	0
0	1	1594	AC	0	0
0	1	1594	GT	0	0
0	1	1595	C	0	0
0	1	1595	T	0	0
0	1	1602	C	0	0
0	1	1602	T	0	0
0	1	1608	A	0	0
0	1	1608	G	0	0
0	1	1611	CC	0	0
0	1	1611	TA	0	0
0	1	1617	A	0	0
0	1	1617	G	0	0
0	1	1621	A	0	0
0	1	1621	T	0	0
0	1	1629	C	0	0
0	1	1629	T	0	0
0	1	1640	A	0	0
0	1	1640	C	0	0
0	1	1649	C	0	0
0	1	1649	T	0	0
0	1	1655	A	0	0
0	1	1655	G	0	0
0	1	1656	A	0	0
0	1	1656	C	0	0
0	1	1664	C	0	0
0	1	1664	T	0	0
0	1	1665	C	0	0
0	1	1665	T	0	0
0	1	1669	A	0	0
0	1	1669	G	0	0
0	1	1671	A	0	0
0	1	1671	T	0	0
0	1	1672	A	0	0
0	1	1672	G	0	0
0	1	1679	A	0	0
0	1	1679	G	0	0
0	1	1681	A	0	0
0	1	1681	G	0	0
0	1	1690	CA	0	0
0	1	1690	CC	0	0
0	1	1690	TC	0	0
0	1	1691	C	0	0
0	1	1691	T	0	0
0	1	1702	A	0	0
0	1	1702	G	0	0
0	1	1705	C	0	0
0	1	1705	T	0	0
0	1	1715	GA	0	0
0	1	1715	TT	0	0
0	1	1716	A	0	0
0	1	1716	G	0	0
0	1	1717	C	0	0
0	1	1717	T	0	0
0	1	1731	GA	0	0
0	1	1731	GC	0	0
0	1	1731	TA	0	0
0	1	1731	TC	0	0
0	1	1733	G	0	0
0	1	1733	T	0	0
0	1	1740	A	0	0
0	1	1740	T	0	0
0	1	1741	A	0	0
0	1	1741	G	0	0
0	1	1754	A	0	0
0	1	1754	G	0	0
0	1	1760	C	0	0
0	1	1760	T	0	0
0	1	1761	A	0	0
0	1	1761	G	0	0
0	1	1764	AC	0	0
0	1	1764	TT	0	0
0	1	1765	AT	0	0
0	1	1765	TG	0	0
0	1	1770	AA	0	0
0	1	1770	CA	0	0
0	1	1770	CG	0	0
0	1	1780	AT	0	0
0	1	1780	GC	0	0
0	1	1780	GT	0	0
0	1	1783	G	0	0
0	1	1783	T	0	0
0	1	1795	A	0	0
0	1	1795	G	0	0
0	1	1811	A	0	0
0	1	1811	G	0	0
0	1	1826	C	0	0
0	1	1826	T	0	0
0	1	1829	A	0	0
0	1	1829	G	0	0
0	1	1834	C	0	0
0	1	1834	T	0	0
0	1	1836	A	0	0
0	1	1836	T	0	0
0	1	1839	C	0	0
0	1	1839	G	0	0
0	1	1840	G	0	0
0	1	1840	T	0	0
0	1	1841	G	0	0
0	1	1841	T	0	0
0	1	1843	C	0	0
0	1	1843	G	0	0
0	1	1847	CA	0	0
0	1	1847	CG	0	0
0	1	1847	GA	0	0
0	1	1858	A	0	0
0	1	1858	G	0	0
0	1	1866	C	0	0
0	1	1866	T	0	0
0	1	1869	A	0	0
0	1	1869	G	0	0
0	1	1876	A	0	0
0	1	1876	G	0	0
0	1	1881	C	0	0
0	1	1881	T	0	0
0	1	1886	A	0	0
0	1	1886	T	0	0
0	1	1887	C	0	0
0	1	1887	T	0	0
0	1	1895	AT	0	0
0	1	1895	GC	0	0
0	1	1903	C	0	0
0	1	1903	T	0	0
0	1	1906	A	0	0
0	1	1906	G	0	0
0	1	1912	A	0	0
0	1	1912	G	0	0
0	1	1917	A	0	0
0	1	1917	G	0	0
0	1	1922	A	0	0
0	1	1922	G	0	0
0	1	1928	A	0	0
0	1	1928	T	0	0
0	1	1936	C	0	0
0	1	1936	T	0	0
0	1	1953	C	0	0
0	1	1953	T	0	0
0	1	1954	G	0	0
0	1	1954	T	0	0
0	1	1962	C	0	0
0	1	1962	T	0	0
0	1	1966	G	0	0
0	1	1966	T	0	0
0	1	1968	C	0	0
0	1	1968	T	0	0
0	1	1971	C	0	0
0	1	1971	T	0	0
0	1	1977	CC	0	0
0	1	1977	CT	0	0
0	1	1977	TC	0	0
0	1	1981	C	0	0
0	1	1981	T	0	0
0	1	1984	A	0	0
0	1	1984	G	0	0
0	1	1992	C	0	0
0	1	1992	T	0	0
0	1	2002	G	0	0
0	1	2002	T	0	0
0	1	2006	C	0	0
0	1	2006	T	0	0
0	1	2009	AA	0	0
0	1	2009	AG	0	0
0	1	2009	GA	0	0
0	1	2010	CC	0	0
0	1	2010	CT	0	0
0	1	2010	TC	0	0
0	1	2014	A	0	0
0	1	2014	G	0	0
0	1	2015	AC	0	0
0	1	2015	GT	0	0
0	1	2017	C	0	0
0	1	2017	T	0	0
0	1	2025	CG	0	0
0	1	2025	TA	0	0
0	1	2025	TG	0	0
0	1	2027	A	0	0
0	1	2027	G	0	0
0	1	2028	A	0	0
0	1	2028	G	0	0
0	1	2032	AT	0	0
0	1	2032	GA	0	0
0	1	2034	A	0	0
0	1	2034	G	0	0
0	1	2039	G	0	0
0	1	2039	T	0	0
0	1	2040	A	0	0
0	1	2040	G	0	0
0	1	2042	C	0	0
0	1	2042	T	0	0
0	1	2046	C	0	0
0	1	2046	T	0	0
0	1	2047	A	0	0
0	1	2047	G	0	0
0	1	2049	C	0	0
0	1	2049	T	0	0
0	1	2052	C	0	0
0	1	2052	T	0	0
0	1	2055	A	0	0
0	1	2055	T	0	0
0	1	2057	A	0	0
0	1	2057	G	0	0
0	1	2059	C	0	0
0	1	2059	T	0	0
0	1	2061	A	0	0
0	1	2061	T	0	0
0	1	2063	A	0	0
0	1	2063	T	0	0
0	1	2066	CA	0	0
0	1	2066	TT	0	0
0	1	2075	AA	0	0
0	1	2075	TT	0	0
0	1	2076	C	0	0
0	1	2076	T	0	0
0	1	2082	AC	0	0
0	1	2082	AG	0	0
0	1	2082	GC	0	0
0	1	2088	A	0	0
0	1	2088	G	0	0
0	1	2090	A	0	0
0	1	2090	T	0	0
0	1	2091	CT	0	0
0	1	2091	TA	0	0
0	1	2096	C	0	0
0	1	2096	T	0	0
0	1	2098	A	0	0
0	1	2098	G	0	0
0	1	2099	C	0	0
0	1	2099	T	0	0
0	1	2100	G	0	0
0	1	2100	T	0	0
0	1	2112	A	0	0
0	1	2112	G	0	0
0	1	2113	A	0	0
0	1	2113	T	0	0
0	1	2114	C	0	0
0	1	2114	T	0	0
0	1	2117	C	0	0
0	1	2117	T	0	0
0	1	2131	C	0	0
0	1	2131	T	0	0
0	1	2133	GC	0	0
0	1	2133	TC	0	0
0	1	2133	TT	0	0
0	1	2134	C	0	0
0	1	2134	T	0	0
0	1	2136	A	0	0
0	1	2136	G	0	0
0	1	2139	C	0	0
0	1	2139	T	0	0
0	1	2140	AT	0	0
0	1	2140	GG	0	0
0	1	2140	GT	0	0
0	1	2145	A	0	0
0	1	2145	G	0	0
0	1	2150	A	0	0
0	1	2150	T	0	0
0	1	2151	A	0	0
0	1	2151	G	0	0
0	1	2155	C	0	0
0	1	2155	T	0	0
0	1	2156	GC	0	0
0	1	2156	TA	0	0
0	1	2158	A	0	0
0	1	2158	T	0	0
0	1	2161	A	0	0
0	1	2161	G	0	0
0	1	2162	A	0	0
0	1	2162	G	0	0
0	1	2168	A	0	0
0	1	2168	G	0	0
0	1	2175	C	0	0
0	1	2175	T	0	0
0	1	2176	CG	0	0
0	1	2176	GA	0	0
0	1	2180	A	0	0
0	1	2180	G	0	0
0	1	2181	A	0	0
0	1	2181	C	0	0
0	1	2183	A	0	0
0	1	2183	G	0	0
0	1	2184	GT	0	0
0	1	2184	TC	0	0
0	1	2191	C	0	0
0	1	2191	T	0	0
0	1	2195	C	0	0
0	1	2195	T	0	0
0	1	2196	C	0	0
0	1	2196	G	0	0
0	1	2198	A	0	0
0	1	2198	G	0	0
0	1	2199	A	0	0
0	1	2199	T	0	0
0	1	2200	A	0	0
0	1	2200	G	0	0
0	1	2202	C	0	0
0	1	2202	T	0	0
0	1	2203	A	0	0
0	1	2203	G	0	0
0	1	2211	CA	0	0
0	1	2211	GG	0	0
0	1	2222	A	0	0
0	1	2222	T	0	0
0	1	2223	A	0	0
0	1	2223	G	0	0
0	1	2225	A	0	0
0	1	2225	C	0	0
0	1	2230	A	0	0
0	1	2230	G	0	0
0	1	2239	C	0	0
0	1	2239	T	0	0
0	1	2246	G	0	0
0	1	2246	T	0	0
0	1	2247	A	0	0
0	1	2247	G	0	0
0	1	2251	C	0	0
0	1	2251	T	0	0
0	1	2254	CG	0	0
0	1	2254	TA	0	0
0	1	2263	A	0	0
0	1	2263	G	0	0
0	1	2267	C	0	0
0	1	2267	G	0	0
0	1	2285	A	0	0
0	1	2285	G	0	0
0	1	2286	A	0	0
0	1	2286	G	0	0
0	1	2290	C	0	0
0	1	2290	T	0	0
0	1	2291	CCA	0	0
0	1	2291	CCG	0	0
0	1	2291	GGA	0	0
0	1	2292	A	0	0
0	1	2292	T	0	0
0	1	2295	C	0	0
0	1	2295	T	0	0
0	1	2296	C	0	0
0	1	2296	T	0	0
0	1	2301	CT	0	0
0	1	2301	TC	0	0
0	1	2314	C	0	0
0	1	2314	T	0	0
0	1	2321	A	0	0
0	1	2321	G	0	0
0	1	2357	AA	0	0
0	1	2357	AG	0	0
0	1	2357	CG	0	0
0	1	2362	C	0	0
0	1	2362	T	0	0
0	1	2363	A	0	0
0	1	2363	G	0	0
0	1	2364	A	0	0
0	1	2364	T	0	0
0	1	2368	CG	0	0
0	1	2368	TA	0	0
0	1	2373	C	0	0
0	1	2373	T	0	0
0	1	2379	C	0	0
0	1	2379	T	0	0
0	1	2386	C	0	0
0	1	2386	G	0	0
0	1	2390	C	0	0
0	1	2390	T	0	0
0	1	2396	A	0	0
0	1	2396	G	0	0
0	1	2399	A	0	0
0	1	2399	G	0	0
0	1	2401	C	0	0
0	1	2401	T	0	0
0	1	2421	A	0	0
0	1	2421	G	0	0
0	1	2423	C	0	0
0	1	2423	T	0	0
0	1	2427	A	0	0
0	1	2427	G	0	0
0	1	2430	A	0	0
0	1	2430	G	0	0
0	1	2442	A	0	0
0	1	2442	G	0	0
0	1	2445	CC	0	0
0	1	2445	CT	0	0
0	1	2445	TT	0	0
0	1	2446	A	0	0
0	1	2446	G	0	0
0	1	2452	A	0	0
0	1	2452	G	0	0
0	1	2453	A	0	0
0	1	2453	G	0	0
0	1	2460	A	0	0
0	1	2460	C	0	0
0	1	2463	C	0	0
0	1	2463	T	0	0
0	1	2464	G	0	0
0	1	2464	T	0	0
0	1	2465	CGA	0	0
0	1	2465	TAT	0	0
0	1	2465	TGA	0	0
0	1	2466	AG	0	0
0	1	2466	CT	0	0
0	1	2470	A	0	0
0	1	2470	G	0	0
0	1	2474	A	0	0
0	1	2474	G	0	0
0	1	2476	C	0	0
0	1	2476	T	0	0
0	1	2480	A	0	0
0	1	2480	G	0	0
0	1	2481	AG	0	0
0	1	2481	GA	0	0
0	1	2481	GG	0	0
0	1	2486	CA	0	0
0	1	2486	TG	0	0
0	1	2494	A	0	0
0	1	2494	G	0	0
0	1	2495	A	0	0
0	1	2495	G	0	0
0	1	2496	A	0	0
0	1	2496	G	0	0
0	1	2496	T	0	0
0	1	2506	A	0	0
0	1	2506	G	0	0
0	1	2507	A	0	0
0	1	2507	G	0	0
0	1	2510	C	0	0
0	1	2510	T	0	0
0	1	2511	A	0	0
0	1	2511	T	0	0
0	1	2515	G	0	0
0	1	2515	T	0	0
0	1	2516	A	0	0
0	1	2516	G	0	0
0	1	2520	AG	0	0
0	1	2520	GC	0	0
0	1	2523	AAC	0	0
0	1	2523	AAT	0	0
0	1	2523	TGT	0	0
0	1	2541	C	0	0
0	1	2541	T	0	0
0	1	2546	AT	0	0
0	1	2546	GC	0	0
0	1	2546	GT	0	0
0	1	2554	C	0	0
0	1	2554	T	0	0
0	1	2557	A	0	0
0	1	2557	G	0	0
0	1	2574	A	0	0
0	1	2574	C	0	0
0	1	2576	C	0	0
0	1	2576	T	0	0
0	1	2577	A	0	0
0	1	2577	G	0	0
0	1	2578	C	0	0
0	1	2578	T	0	0
0	1	2579	A	0	0
0	1	2579	T	0	0
0	1	2582	A	0	0
0	1	2582	G	0	0
0	1	2586	A	0	0
0	1	2586	G	0	0
0	1	2587	C	0	0
0	1	2587	T	0	0
0	1	2590	AG	0	0
0	1	2590	CC	0	0
0	1	2604	C	0	0
0	1	2604	T	0	0
0	1	2606	C	0	0
0	1	2606	T	0	0
0	1	2614	CTA	0	0
0	1	2614	CTG	0	0
0	1	2614	TCG	0	0
0	1	2618	G	0	0
0	1	2618	T	0	0
0	1	2620	C	0	0
0	1	2620	T	0	0
0	1	2622	C	0	0
0	1	2622	G	0	0
0	1	2627	A	0	0
0	1	2627	G	0	0
0	1	2633	A	0	0
0	1	2633	G	0	0
0	1	2637	C	0	0
0	1	2637	T	0	0
0	1	2642	A	0	0
0	1	2642	G	0	0
0	1	2647	CA	0	0
0	1	2647	CG	0	0
0	1	2647	TA	0	0
0	1	2648	A	0	0
0	1	2648	G	0	0
0	1	2649	CCC	0	0
0	1	2649	CCT	0	0
0	1	2649	TTT	0	0
0	1	2650	C	0	0
0	1	2650	T	0	0
0	1	2656	C	0	0
0	1	2656	T	0	0
0	1	2659	A	0	0
0	1	2659	G	0	0
0	1	2660	AC	0	0
0	1	2660	GT	0	0
0	1	2671	C	0	0
0	1	2671	T	0	0
0	1	2679	A	0	0
0	1	2679	G	0	0
0	1	2680	CG	0	0
0	1	2680	TA	0	0
0	1	2687	A	0	0
0	1	2687	T	0	0
0	1	2688	AA	0	0
0	1	2688	GG	0	0
0	1	2690	A	0	0
0	1	2690	T	0	0
0	1	2692	C	0	0
0	1	2692	G	0	0
0	1	2693	A	0	0
0	1	2693	G	0	0
0	1	2700	A	0	0
0	1	2700	C	0	0
0	1	2702	C	0	0
0	1	2702	T	0	0
0	1	2706	C	0	0
0	1	2706	T	0	0
0	1	2711	C	0	0
0	1	2711	T	0	0
0	1	2721	C	0	0
0	1	2721	T	0	0
0	1	2733	C	0	0
0	1	2733	T	0	0
0	1	2738	A	0	0
0	1	2738	G	0	0
0	1	2743	A	0	0
0	1	2743	G	0	0
0	1	2748	A	0	0
0	1	2748	G	0	0
0	1	2757	A	0	0
0	1	2757	G	0	0
0	1	2764	C	0	0
0	1	2764	T	0	0
0	1	2765	A	0	0
0	1	2765	G	0	0
0	1	2773	C	0	0
0	1	2773	T	0	0
0	1	2775	A	0	0
0	1	2775	G	0	0
0	1	2784	A	0	0
0	1	2784	G	0	0
0	1	2787	CC	0	0
0	1	2787	CT	0	0
0	1	2787	GC	0	0
0	1	2790	G	0	0
0	1	2790	T	0	0
0	1	2791	C	0	0
0	1	2791	T	0	0
0	1	2796	C	0	0
0	1	2796	G	0	0
0	1	2803	A	0	0
0	1	2803	G	0	0
0	1	2810	C	0	0
0	1	2810	T	0	0
0	1	2811	A	0	0
0	1	2811	G	0	0
0	1	2816	CA	0	0
0	1	2816	TA	0	0
0	1	2816	TC	0	0
0	1	2817	C	0	0
0	1	2817	T	0	0
0	1	2819	A	0	0
0	1	2819	G	0	0
0	1	2846	A	0	0
0	1	2846	G	0	0
0	1	2849	C	0	0
0	1	2849	T	0	0
0	1	2858	C	0	0
0	1	2858	T	0	0
0	1	2866	A	0	0
0	1	2866	G	0	0
0	1	2878	AG	0	0
0	1	2878	GA	0	0
0	1	2880	C	0	0
0	1	2880	T	0	0
0	1	2882	A	0	0
0	1	2882	T	0	0
0	1	2893	A	0	0
0	1	2893	G	0	0
0	1	2894	CA	0	0
0	1	2894	GG	0	0
0	1	2905	C	0	0
0	1	2905	T	0	0
0	1	2906	CA	0	0
0	1	2906	TC	0	0
0	1	2914	CT	0	0
0	1	2914	TA	0	0
0	1	2916	C	0	0
0	1	2916	T	0	0
0	1	2919	A	0	0
0	1	2919	C	0	0
0	1	2921	C	0	0
0	1	2921	T	0	0
0	1	2923	A	0	0
0	1	2923	G	0	0
0	1	2925	AA	0	0
0	1	2925	CG	0	0
0	1	2926	C	0	0
0	1	2926	T	0	0
0	1	2938	C	0	0
0	1	2938	T	0	0
0	1	2944	C	0	0
0	1	2944	T	0	0
0	1	2945	C	0	0
0	1	2945	T	0	0
0	1	2946	G	0	0
0	1	2946	T	0	0
0	1	2947	C	0	0
0	1	2947	G	0	0
0	1	2949	CA	0	0
0	1	2949	GA	0	0
0	1	2949	GG	0	0
0	1	2955	C	0	0
0	1	2955	T	0	0
0	1	2960	C	0	0
0	1	2960	T	0	0
0	1	2966	C	0	0
0	1	2966	T	0	0
0	1	2981	C	0	0
0	1	2981	T	0	0
0	1	2987	A	0	0
0	1	2987	G	0	0
0	1	2989	A	0	0
0	1	2989	G	0	0
0	1	2997	G	0	0
0	1	2997	T	0	0
0	1	3006	C	0	0
0	1	3006	T	0	0
0	1	3008	A	0	0
0	1	3008	T	0	0
0	1	3012	A	0	0
0	1	3012	G	0	0
0	1	3016	C	0	0
0	1	3016	T	0	0
0	1	3022	A	0	0
0	1	3022	G	0	0
0	1	3023	A	0	0
0	1	3023	G	0	0
0	1	3027	CT	0	0
0	1	3027	TC	0	0
0	1	3027	TT	0	0
0	1	3031	A	0	0
0	1	3031	G	0	0
0	1	3032	G	0	0
0	1	3032	T	0	0
0	1	3039	C	0	0
0	1	3039	T	0	0
0	1	3046	C	0	0
0	1	3046	T	0	0
0	1	3048	A	0	0
0	1	3048	G	0	0
0	1	3060	C	0	0
0	1	3060	T	0	0
0	1	3066	A	0	0
0	1	3066	T	0	0
0	1	3067	C	0	0
0	1	3067	T	0	0
0	1	3068	A	0	0
0	1	3068	G	0	0
0	1	3073	A	0	0
0	1	3073	G	0	0
0	1	3077	A	0	0
0	1	3077	T	0	0
0	1	3084	A	0	0
0	1	3084	G	0	0
0	1	3086	C	0	0
0	1	3086	T	0	0
0	1	3087	A	0	0
0	1	3087	G	0	0
0	1	3089	A	0	0
0	1	3089	G	0	0
0	1	3091	CC	0	0
0	1	3091	TT	0	0
0	1	3092	A	0	0
0	1	3092	C	0	0
0	1	3093	A	0	0
0	1	3093	G	0	0
0	1	3097	G	0	0
0	1	3097	T	0	0
0	1	3100	A	0	0
0	1	3100	G	0	0
0	1	3101	C	0	0
0	1	3101	T	0	0
0	1	3102	A	0	0
0	1	3102	T	0	0
0	1	3111	A	0	0
0	1	3111	G	0	0
0	1	3112	A	0	0
0	1	3112	G	0	0
0	1	3123	C	0	0
0	1	3123	T	0	0
0	1	3124	C	0	0
0	1	3124	G	0	0
0	1	3125	C	0	0
0	1	3125	T	0	0
0	1	3132	C	0	0
0	1	3132	T	0	0
0	1	3134	A	0	0
0	1	3134	T	0	0
0	1	3140	C	0	0
0	1	3140	T	0	0
0	1	3142	C	0	0
0	1	3142	T	0	0
0	1	3147	C	0	0
0	1	3147	T	0	0
0	1	3154	CA	0	0
0	1	3154	TA	0	0
0	1	3154	TG	0	0
0	1	3168	A	0	0
0	1	3168	G	0	0
0	1	3171	C	0	0
0	1	3171	T	0	0
0	1	3178	A	0	0
0	1	3178	G	0	0
0	1	3182	A	0	0
0	1	3182	G	0	0
0	1	3198	C	0	0
0	1	3198	T	0	0
0	1	3199	A	0	0
0	1	3199	G	0	0
0	1	3201	A	0	0
0	1	3201	G	0	0
0	1	3227	A	0	0
0	1	3227	C	0	0
0	1	3230	AC	0	0
0	1	3230	GA	0	0
0	1	3232	C	0	0
0	1	3232	T	0	0
0	1	3239	CA	0	0
0	1	3239	GG	0	0
0	1	3243	A	0	0
0	1	3243	G	0	0
0	1	3245	A	0	0
0	1	3245	T	0	0
0	1	3247	G	0	0
0	1	3247	T	0	0
0	1	3250	C	0	0
0	1	3250	T	0	0
0	1	3252	C	0	0
0	1	3252	G	0	0
0	1	3256	A	0	0
0	1	3256	G	0	0
0	1	3257	AAG	0	0
0	1	3257	AGG	0	0
0	1	3257	GAA	0	0
0	1	3258	GA	0	0
0	1	3258	GG	0	0
0	1	3258	TG	0	0
0	1	3263	AC	0	0
0	1	3263	GC	0	0
0	1	3263	GT	0	0
0	1	3265	C	0	0
0	1	3265	T	0	0
0	1	3274	C	0	0
0	1	3274	T	0	0
0	1	3275	C	0	0
0	1	3275	T	0	0
0	1	3278	A	0	0
0	1	3278	G	0	0
0	1	3280	A	0	0
0	1	3280	T	0	0
0	1	3282	A	0	0
0	1	3282	G	0	0
0	1	3283	A	0	0
0	1	3283	G	0	0
0	1	3290	A	0	0
0	1	3290	G	0	0
0	1	3291	A	0	0
0	1	3291	T	0	0
0	1	3294	A	0	0
0	1	3294	G	0	0
0	1	3295	CT	0	0
0	1	3295	TC	0	0
0	1	3299	A	0	0
0	1	3299	T	0	0
0	1	3314	C	0	0
0	1	3314	T	0	0
0	1	3315	C	0	0
0	1	3315	T	0	0
0	1	3316	C	0	0
0	1	3316	G	0	0
0	1	3318	CC	0	0
0	1	3318	CT	0	0
0	1	3318	TC	0	0
0	1	3325	C	0	0
0	1	3325	T	0	0
0	1	3328	A	0	0
0	1	3328	G	0	0
0	1	3340	A	0	0
0	1	3340	G	0	0
0	1	3350	A	0	0
0	1	3350	G	0	0
0	1	3351	C	0	0
0	1	3351	T	0	0
0	1	3353	C	0	0
0	1	3353	T	0	0
0	1	3363	A	0	0
0	1	3363	G	0	0
0	1	3365	A	0	0
0	1	3365	G	0	0
0	1	3368	CA	0	0
0	1	3368	TA	0	0
0	1	3368	TG	0	0
0	1	3373	G	0	0
0	1	3373	T	0	0
0	1	3374	AG	0	0
0	1	3374	GA	0	0
0	1	3374	GG	0	0
0	1	3383	G	0	0
0	1	3383	T	0	0
0	1	3384	CA	0	0
0	1	3384	TT	0	0
0	1	3385	CG	0	0
0	1	3385	GG	0	0
0	1	3385	GT	0	0
0	1	3393	GA	0	0
0	1	3393	GG	0	0
0	1	3393	TA	0	0
0	1	3398	C	0	0
0	1	3398	T	0	0
0	1	3402	A	0	0
0	1	3402	T	0	0
0	1	3403	G	0	0
0	1	3403	T	0	0
0	1	3410	A	0	0
0	1	3410	G	0	0
0	1	3415	A	0	0
0	1	3415	G	0	0
0	1	3421	A	0	0
0	1	3421	T	0	0
0	1	3422	A	0	0
0	1	3422	G	0	0
0	1	3430	AA	0	0
0	1	3430	GC	0	0
0	1	3432	C	0	0
0	1	3432	T	0	0
0	1	3435	A	0	0
0	1	3435	C	0	0
0	1	3436	A	0	0
0	1	3436	T	0	0
0	1	3441	C	0	0
0	1	3441	T	0	0
0	1	3448	C	0	0
0	1	3448	T	0	0
0	1	3449	A	0	0
0	1	3449	G	0	0
0	1	3467	AT	0	0
0	1	3467	GC	0	0
0	1	3480	A	0	0
0	1	3480	G	0	0
0	1	3481	A	0	0
0	1	3481	T	0	0
0	1	3483	G	0	0
0	1	3483	T	0	0
0	1	3484	A	0	0
0	1	3484	G	0	0
0	1	3485	CGT	0	0
0	1	3485	TAT	0	0
0	1	3485	TGC	0	0
0	1	3487	CC	0	0
0	1	3487	CT	0	0
0	1	3487	TC	0	0
0	1	3488	A	0	0
0	1	3488	C	0	0
0	1	3490	A	0	0
0	1	3490	G	0	0
0	1	3492	C	0	0
0	1	3492	T	0	0
0	1	3493	A	0	0
0	1	3493	G	0	0
0	1	3496	A	0	0
0	1	3496	G	0	0
0	1	3501	C	0	0
0	1	3501	T	0	0
0	1	3504	C	0	0
0	1	3504	T	0	0
0	1	3508	A	0	0
0	1	3508	G	0	0
0	1	3509	A	0	0
0	1	3509	G	0	0
0	1	3510	A	0	0
0	1	3510	G	0	0
0	1	3512	AA	0	0
0	1	3512	AC	0	0
0	1	3512	TA	0	0
0	1	3515	A	0	0
0	1	3515	G	0	0
0	1	3519	A	0	0
0	1	3519	G	0	0
0	1	3522	GA	0	0
0	1	3522	TA	0	0
0	1	3522	TG	0	0
0	1	3523	AA	0	0
0	1	3523	GG	0	0
0	1	3524	C	0	0
0	1	3524	T	0	0
0	1	3526	C	0	0
0	1	3526	G	0	0
0	1	3528	A	0	0
0	1	3528	C	0	0
0	1	3529	C	0	0
0	1	3529	T	0	0
0	1	3530	C	0	0
0	1	3530	T	0	0
0	1	3537	C	0	0
0	1	3537	T	0	0
0	1	3540	C	0	0
0	1	3540	T	0	0
0	1	3543	CC	0	0
0	1	3543	CT	0	0
0	1	3543	GC	0	0
0	1	3547	C	0	0
0	1	3547	T	0	0
0	1	3550	A	0	0
0	1	3550	G	0	0
0	1	3552	A	0	0
0	1	3552	T	0	0
0	1	3557	C	0	0
0	1	3557	T	0	0
0	1	3560	C	0	0
0	1	3560	T	0	0
0	1	3566	C	0	0
0	1	3566	T	0	0
0	1	3567	C	0	0
0	1	3567	T	0	0
0	1	3574	C	0	0
0	1	3574	T	0	0
0	1	3581	A	0	0
0	1	3581	G	0	0
0	1	3582	A	0	0
0	1	3582	G	0	0
0	1	3583	A	0	0
0	1	3583	G	0	0
0	1	3585	C	0	0
0	1	3585	T	0	0
0	1	3589	AA	0	0
0	1	3589	GT	0	0
0	1	3592	CA	0	0
0	1	3592	TG	0	0
0	1	3599	C	0	0
0	1	3599	T	0	0
0	1	3601	CAC	0	0
0	1	3601	CAT	0	0
0	1	3601	CCT	0	0
0	1	3601	TAC	0	0
0	1	3603	C	0	0
0	1	3603	T	0	0
0	1	3608	C	0	0
0	1	3608	T	0	0
0	1	3610	A	0	0
0	1	3610	G	0	0
0	1	3611	C	0	0
0	1	3611	G	0	0
0	1	3617	A	0	0
0	1	3617	C	0	0
0	1	3626	A	0	0
0	1	3626	C	0	0
0	1	3634	C	0	0
0	1	3634	T	0	0
0	1	3648	A	0	0
0	1	3648	G	0	0
0	1	3649	C	0	0
0	1	3649	T	0	0
0	1	3651	AG	0	0
0	1	3651	GG	0	0
0	1	3651	GT	0	0
0	1	3654	A	0	0
0	1	3654	G	0	0
0	1	3664	C	0	0
0	1	3664	T	0	0
0	1	3665	AA	0	0
0	1	3665	GC	0	0
0	1	3669	A	0	0
0	1	3669	G	0	0
0	1	3670	A	0	0
0	1	3670	G	0	0
0	1	3678	A	0	0
0	1	3678	G	0	0
0	1	3692	C	0	0
0	1	3692	T	0	0
0	1	3698	C	0	0
0	1	3698	T	0	0
0	1	3702	A	0	0
0	1	3702	T	0	0
0	1	3718	C	0	0
0	1	3718	T	0	0
0	1	3726	A	0	0
0	1	3726	G	0	0
0	1	3729	A	0	0
0	1	3729	G	0	0
0	1	3732	C	0	0
0	1	3732	T	0	0
0	1	3733	AT	0	0
0	1	3733	GG	0	0
0	1	3734	ACC	0	0
0	1	3734	ATT	0	0
0	1	3734	CTC	0	0
0	1	3740	A	0	0
0	1	3740	G	0	0
0	1	3749	AA	0	0
0	1	3749	GA	0	0
0	1	3749	GT	0	0
0	1	3758	C	0	0
0	1	3758	T	0	0
0	1	3759	A	0	0
0	1	3759	G	0	0
0	1	3767	A	0	0
0	1	3767	G	0	0
0	1	3771	C	0	0
0	1	3771	T	0	0
0	1	3792	A	0	0
0	1	3792	G	0	0
0	1	3795	A	0	0
0	1	3795	G	0	0
0	1	3798	A	0	0
0	1	3798	C	0	0
0	1	3804	C	0	0
0	1	3804	T	0	0
0	1	3805	C	0	0
0	1	3805	T	0	0
0	1	3806	A	0	0
0	1	3806	G	0	0
0	1	3810	AA	0	0
0	1	3810	GT	0	0
0	1	3813	C	0	0
0	1	3813	T	0	0
0	1	3817	C	0	0
0	1	3817	T	0	0
0	1	3821	A	0	0
0	1	3821	G	0	0
0	1	3824	A	0	0
0	1	3824	T	0	0
0	1	3832	C	0	0
0	1	3832	G	0	0
0	1	3833	A	0	0
0	1	3833	G	0	0
0	1	3837	A	0	0
0	1	3837	G	0	0
0	1	3847	A	0	0
0	1	3847	G	0	0
0	1	3849	A	0	0
0	1	3849	G	0	0
0	1	3851	A	0	0
0	1	3851	G	0	0
0	1	3852	A	0	0
0	1	3852	T	0	0
0	1	3859	C	0	0
0	1	3859	T	0	0
0	1	3863	AC	0	0
0	1	3863	AG	0	0
0	1	3863	GC	0	0
0	1	3865	C	0	0
0	1	3865	T	0	0
0	1	3866	C	0	0
0	1	3866	T	0	0
0	1	3871	C	0	0
0	1	3871	G	0	0
0	1	3874	A	0	0
0	1	3874	G	0	0
0	1	3878	C	0	0
0	1	3878	T	0	0
0	1	3886	A	0	0
0	1	3886	T	0	0
0	1	3887	C	0	0
0	1	3887	T	0	0
0	1	3896	A	0	0
0	1	3896	G	0	0
0	1	3897	C	0	0
0	1	3897	T	0	0
0	1	3920	C	0	0
0	1	3920	T	0	0
0	1	3921	A	0	0
0	1	3921	T	0	0
0	1	3923	A	0	0
0	1	3923	G	0	0
0	1	3925	C	0	0
0	1	3925	T	0	0
0	1	3927	CC	0	0
0	1	3927	TT	0	0
0	1	3932	A	0	0
0	1	3932	G	0	0
0	1	3933	AT	0	0
0	1	3933	GC	0	0
0	1	3933	GT	0	0
0	1	3937	A	0	0
0	1	3937	C	0	0
0	1	3943	A	0	0
0	1	3943	G	0	0
0	1	3946	AC	0	0
0	1	3946	CA	0	0
0	1	3946	CC	0	0
0	1	3950	CC	0	0
0	1	3950	TC	0	0
0	1	3950	TT	0	0
0	1	3953	C	0	0
0	1	3953	G	0	0
0	1	3954	C	0	0
0	1	3954	T	0	0
0	1	3963	A	0	0
0	1	3963	T	0	0
0	1	3970	C	0	0
0	1	3970	T	0	0
0	1	3984	A	0	0
0	1	3984	G	0	0
0	1	3990	C	0	0
0	1	3990	T	0	0
0	1	4005	C	0	0
0	1	4005	T	0	0
0	1	4010	G	0	0
0	1	4010	T	0	0
0	1	4011	C	0	0
0	1	4011	T	0	0
0	1	4022	A	0	0
0	1	4022	C	0	0
0	1	4028	G	0	0
0	1	4028	T	0	0
0	1	4045	A	0	0
0	1	4045	G	0	0
0	1	4051	C	0	0
0	1	4051	T	0	0
0	1	4053	C	0	0
0	1	4053	T	0	0
0	1	4056	C	0	0
0	1	4056	T	0	0
0	1	4057	C	0	0
0	1	4057	T	0	0
0	1	4061	A	0	0
0	1	4061	G	0	0
0	1	4062	A	0	0
0	1	4062	C	0	0
0	1	4063	C	0	0
0	1	4063	T	0	0
0	1	4067	C	0	0
0	1	4067	T	0	0
0	1	4071	AT	0	0
0	1	4071	GG	0	0
0	1	4083	A	0	0
0	1	4083	T	0	0
0	1	4086	A	0	0
0	1	4086	G	0	0
0	1	4097	A	0	0
0	1	4097	G	0	0
0	1	4098	C	0	0
0	1	4098	T	0	0
0	1	4100	A	0	0
0	1	4100	G	0	0
0	1	4107	A	0	0
0	1	4107	G	0	0
0	1	4109	A	0	0
0	1	4109	T	0	0
0	1	4121	A	0	0
0	1	4121	T	0	0
0	1	4123	C	0	0
0	1	4123	T	0	0
0	1	4127	C	0	0
0	1	4127	T	0	0
0	1	4137	C	0	0
0	1	4137	T	0	0
0	1	4147	CA	0	0
0	1	4147	CT	0	0
0	1	4147	GA	0	0
0	1	4152	C	0	0
0	1	4152	T	0	0
0	1	4168	AC	0	0
0	1	4168	GT	0	0
0	1	4169	C	0	0
0	1	4169	T	0	0
0	1	4172	C	0	0
0	1	4172	T	0	0
0	1	4174	A	0	0
0	1	4174	C	0	0
0	1	4177	A	0	0
0	1	4177	G	0	0
0	1	4184	C	0	0
0	1	4184	T	0	0
0	1	4196	A	0	0
0	1	4196	C	0	0
0	1	4211	A	0	0
0	1	4211	C	0	0
0	1	4213	A	0	0
0	1	4213	G	0	0
0	1	4219	A	0	0
0	1	4219	T	0	0
0	1	4223	A	0	0
0	1	4223	G	0	0
0	1	4234	A	0	0
0	1	4234	G	0	0
0	1	4235	C	0	0
0	1	4235	T	0	0
0	1	4239	ATA	0	0
0	1	4239	TCT	0	0
0	1	4239	TTA	0	0
0	1	4240	A	0	0
0	1	4240	C	0	0
0	1	4241	A	0	0
0	1	4241	T	0	0
0	1	4242	AG	0	0
0	1	4242	CA	0	0
0	1	4243	A	0	0
0	1	4243	G	0	0
0	1	4246	CA	0	0
0	1	4246	TG	0	0
0	1	4247	CA	0	0
0	1	4247	TG	0	0
0	1	4255	AA	0	0
0	1	4255	GG	0	0
0	1	4256	C	0	0
0	1	4256	T	0	0
0	1	4259	C	0	0
0	1	4259	T	0	0
0	1	4267	A	0	0
0	1	4267	G	0	0
0	1	4268	AA	0	0
0	1	4268	GA	0	0
0	1	4268	GT	0	0
0	1	4270	AT	0	0
0	1	4270	GG	0	0
0	1	4272	C	0	0
0	1	4272	T	0	0
0	1	4276	A	0	0
0	1	4276	G	0	0
0	1	4277	A	0	0
0	1	4277	G	0	0
0	1	4284	C	0	0
0	1	4284	T	0	0
0	1	4288	AC	0	0
0	1	4288	AT	0	0
0	1	4288	CC	0	0
0	1	4292	A	0	0
0	1	4292	T	0	0
0	1	4295	C	0	0
0	1	4295	T	0	0
0	1	4296	A	0	0
0	1	4296	G	0	0
0	1	4298	A	0	0
0	1	4298	G	0	0
0	1	4303	C	0	0
0	1	4303	T	0	0
0	1	4304	A	0	0
0	1	4304	G	0	0
0	1	4305	A	0	0
0	1	4305	G	0	0
0	1	4307	AC	0	0
0	1	4307	AG	0	0
0	1	4307	CG	0	0
0	1	4308	A	0	0
0	1	4308	T	0	0
0	1	4311	A	0	0
0	1	4311	G	0	0
0	1	4319	CC	0	0
0	1	4319	TT	0	0
0	1	4321	A	0	0
0	1	4321	T	0	0
0	1	4322	A	0	0
0	1	4322	T	0	0
0	1	4327	A	0	0
0	1	4327	G	0	0
0	1	4333	C	0	0
0	1	4333	T	0	0
0	1	4337	A	0	0
0	1	4337	G	0	0
0	1	4338	C	0	0
0	1	4338	T	0	0
0	1	4344	AT	0	0
0	1	4344	GC	0	0
0	1	4348	A	0	0
0	1	4348	G	0	0
0	1	4350	AC	0	0
0	1	4350	GA	0	0
0	1	4352	A	0	0
0	1	4352	G	0	0
0	1	4353	C	0	0
0	1	4353	T	0	0
0	1	4358	A	0	0
0	1	4358	C	0	0
0	1	4365	C	0	0
0	1	4365	T	0	0
0	1	4377	AA	0	0
0	1	4377	AG	0	0
0	1	4377	CA	0	0
0	1	4392	C	0	0
0	1	4392	G	0	0
0	1	4401	C	0	0
0	1	4401	T	0	0
0	1	4404	C	0	0
0	1	4404	T	0	0
0	1	4408	A	0	0
0	1	4408	C	0	0
0	1	4410	A	0	0
0	1	4410	T	0	0
0	1	4414	A	0	0
0	1	4414	G	0	0
0	1	4415	CT	0	0
0	1	4415	TC	0	0
0	1	4418	A	0	0
0	1	4418	T	0	0
0	1	4420	A	0	0
0	1	4420	C	0	0
0	1	4421	C	0	0
0	1	4421	T	0	0
0	1	4427	G	0	0
0	1	4427	T	0	0
0	1	4435	G	0	0
0	1	4435	T	0	0
0	1	4439	A	0	0
0	1	4439	G	0	0
0	1	4441	C	0	0
0	1	4441	T	0	0
0	1	4443	A	0	0
0	1	4443	G	0	0
0	1	4447	C	0	0
0	1	4447	T	0	0
0	1	4451	C	0	0
0	1	4451	T	0	0
0	1	4454	A	0	0
0	1	4454	G	0	0
0	1	4458	A	0	0
0	1	4458	G	0	0
0	1	4460	A	0	0
0	1	4460	C	0	0
0	1	4462	C	0	0
0	1	4462	T	0	0
0	1	4468	A	0	0
0	1	4468	G	0	0
0	1	4469	A	0	0
0	1	4469	T	0	0
0	1	4472	C	0	0
0	1	4472	T	0	0
0	1	4489	A	0	0
0	1	4489	T	0	0
0	1	4500	AT	0	0
0	1	4500	GA	0	0
0	1	4510	CC	0	0
0	1	4510	TT	0	0
0	1	4513	C	0	0
0	1	4513	T	0	0
0	1	4518	C	0	0
0	1	4518	T	0	0
0	1	4523	C	0	0
0	1	4523	T	0	0
0	1	4528	A	0	0
0	1	4528	C	0	0
0	1	4530	CA	0	0
0	1	4530	CG	0	0
0	1	4530	TA	0	0
0	1	4534	C	0	0
0	1	4534	T	0	0
0	1	4537	C	0	0
0	1	4537	T	0	0
0	1	4538	A	0	0
0	1	4538	C	0	0
0	1	4543	A	0	0
0	1	4543	T	0	0
0	1	4550	AG	0	0
0	1	4550	GT	0	0
0	1	4552	C	0	0
0	1	4552	T	0	0
0	1	4558	A	0	0
0	1	4558	T	0	0
0	1	4564	C	0	0
0	1	4564	T	0	0
0	1	4574	AT	0	0
0	1	4574	GC	0	0
0	1	4576	C	0	0
0	1	4576	T	0	0
0	1	4579	C	0	0
0	1	4579	T	0	0
0	1	4583	CT	0	0
0	1	4583	TC	0	0
0	1	4583	TT	0	0
0	1	4584	A	0	0
0	1	4584	G	0	0
0	1	4585	C	0	0
0	1	4585	T	0	0
0	1	4588	AA	0	0
0	1	4588	TG	0	0
0	1	4594	AA	0	0
0	1	4594	CG	0	0
0	1	4597	GAGA	0	0
0	1	4597	GAGT	0	0
0	1	4597	GATA	0	0
0	1	4597	GATT	0	0
0	1	4597	GTGA	0	0
0	1	4597	GTGT	0	0
0	1	4597	GTTA	0	0
0	1	4597	GTTT	0	0
0	1	4597	TAGA	0	0
0	1	4597	TAGT	0	0
0	1	4597	TATA	0	0
0	1	4597	TATT	0	0
0	1	4597	TTGA	0	0
0	1	4597	TTGT	0	0
0	1	4597	TTTA	0	0
0	1	4597	TTTT	0	0
0	1	4606	A	0	0
0	1	4606	G	0	0
0	1	4608	C	0	0
0	1	4608	T	0	0
0	1	4610	A	0	0
0	1	4610	G	0	0
0	1	4614	AC	0	0
0	1	4614	GA	0	0
0	1	4615	AC	0	0
0	1	4615	GA	0	0
0	1	4623	A	0	0
0	1	4623	G	0	0
0	1	4630	AT	0	0
0	1	4630	GC	0	0
0	1	4630	GT	0	0
0	1	4636	A	0	0
0	1	4636	G	0	0
0	1	4637	C	0	0
0	1	4637	T	0	0
0	1	4644	A	0	0
0	1	4644	T	0	0
0	1	4646	A	0	0
0	1	4646	G	0	0
0	1	4647	C	0	0
0	1	4647	G	0	0
0	1	4662	A	0	0
0	1	4662	G	0	0
0	1	4664	A	0	0
0	1	4664	G	0	0
0	1	4681	C	0	0
0	1	4681	T	0	0
0	1	4684	C	0	0
0	1	4684	T	0	0
0	1	4685	CG	0	0
0	1	4685	TA	0	0
0	1	4686	G	0	0
0	1	4686	T	0	0
0	1	4688	C	0	0
0	1	4688	T	0	0
0	1	4693	C	0	0
0	1	4693	T	0	0
0	1	4694	A	0	0
0	1	4694	G	0	0
0	1	4699	A	0	0
0	1	4699	C	0	0
0	1	4700	A	0	0
0	1	4700	G	0	0
0	1	4703	C	0	0
0	1	4703	T	0	0
0	1	4710	A	0	0
0	1	4710	G	0	0
0	1	4719	AC	0	0
0	1	4719	GT	0	0
0	1	4721	A	0	0
0	1	4721	G	0	0
0	1	4738	C	0	0
0	1	4738	T	0	0
0	1	4742	A	0	0
0	1	4742	T	0	0
0	1	4744	C	0	0
0	1	4744	T	0	0
0	1	4746	A	0	0
0	1	4746	G	0	0
0	1	4754	A	0	0
0	1	4754	C	0	0
0	1	4786	AT	0	0
0	1	4786	TA	0	0
0	1	4786	TT	0	0
0	1	4790	C	0	0
0	1	4790	T	0	0
0	1	4797	C	0	0
0	1	4797	T	0	0
0	1	4808	C	0	0
0	1	4808	T	0	0
0	1	4817	A	0	0
0	1	4817	G	0	0
0	1	4819	A	0	0
0	1	4819	G	0	0
0	1	4823	A	0	0
0	1	4823	G	0	0
0	1	4836	C	0	0
0	1	4836	T	0	0
0	1	4837	C	0	0
0	1	4837	T	0	0
0	1	4840	A	0	0
0	1	4840	G	0	0
0	1	4841	CC	0	0
0	1	4841	TT	0	0
0	1	4845	CC	0	0
0	1	4845	TT	0	0
0	1	4849	A	0	0
0	1	4849	G	0	0
0	1	4854	GC	0	0
0	1	4854	TT	0	0
0	1	4855	A	0	0
0	1	4855	G	0	0
0	1	4858	A	0	0
0	1	4858	G	0	0
0	1	4861	C	0	0
0	1	4861	T	0	0
0	1	4863	C	0	0
0	1	4863	T	0	0
0	1	4873	CC	0	0
0	1	4873	TT	0	0
0	1	4882	A	0	0
0	1	4882	C	0	0
0	1	4883	A	0	0
0	1	4883	C	0	0
0	1	4884	C	0	0
0	1	4884	T	0	0
0	1	4885	C	0	0
0	1	4885	T	0	0
0	1	4890	C	0	0
0	1	4890	G	0	0
0	1	4892	CC	0	0
0	1	4892	TT	0	0
0	1	4894	AG	0	0
0	1	4894	GA	0	0
0	1	4897	AC	0	0
0	1	4897	AT	0	0
0	1	4897	TC	0	0
0	1	4899	C	0	0
0	1	4899	T	0	0
0	1	4900	CA	0	0
0	1	4900	CG	0	0
0	1	4900	TG	0	0
0	1	4908	A	0	0
0	1	4908	C	0	0
0	1	4913	A	0	0
0	1	4913	G	0	0
0	1	4916	C	0	0
0	1	4916	T	0	0
0	1	4917	A	0	0
0	1	4917	G	0	0
0	1	4922	GA	0	0
0	1	4922	GC	0	0
0	1	4922	TC	0	0
0	1	4924	C	0	0
0	1	4924	T	0	0
0	1	4929	C	0	0
0	1	4929	T	0	0
0	1	4935	A	0	0
0	1	4935	G	0	0
0	1	4946	C	0	0
0	1	4946	T	0	0
0	1	4948	A	0	0
0	1	4948	G	0	0
0	1	4950	A	0	0
0	1	4950	G	0	0
0	1	4951	C	0	0
0	1	4951	T	0	0
0	1	4952	A	0	0
0	1	4952	G	0	0
0	1	4957	C	0	0
0	1	4957	G	0	0
0	1	4958	GT	0	0
0	1	4958	TG	0	0
0	1	4958	TT	0	0
0	1	4959	G	0	0
0	1	4959	T	0	0
0	1	4961	A	0	0
0	1	4961	C	0	0
0	1	4972	A	0	0
0	1	4972	G	0	0
0	1	4974	C	0	0
0	1	4974	T	0	0
0	1	4980	A	0	0
0	1	4980	G	0	0
0	1	4984	AC	0	0
0	1	4984	AT	0	0
0	1	4984	TT	0	0
0	1	4987	C	0	0
0	1	4987	T	0	0
0	1	4992	C	0	0
0	1	4992	T	0	0
0	1	5001	A	0	0
0	1	5001	G	0	0
0	1	5010	A	0	0
0	1	5010	G	0	0
0	1	5011	C	0	0
0	1	5011	T	0	0
0	1	5015	C	0	0
0	1	5015	T	0	0
0	1	5022	C	0	0
0	1	5022	T	0	0
0	1	5026	AT	0	0
0	1	5026	CC	0	0
0	1	5031	A	0	0
0	1	5031	G	0	0
0	1	5034	C	0	0
0	1	5034	T	0	0
0	1	5035	A	0	0
0	1	5035	G	0	0
0	1	5038	A	0	0
0	1	5038	C	0	0
0	1	5050	C	0	0
0	1	5050	T	0	0
0	1	5063	A	0	0
0	1	5063	G	0	0
0	1	5067	A	0	0
0	1	5067	C	0	0
0	1	5072	C	0	0
0	1	5072	T	0	0
0	1	5074	C	0	0
0	1	5074	T	0	0
0	1	5088	C	0	0
0	1	5088	T	0	0
0	1	5096	C	0	0
0	1	5096	T	0	0
0	1	5098	A	0	0
0	1	5098	G	0	0
0	1	5099	A	0	0
0	1	5099	G	0	0
0	1	5103	A	0	0
0	1	5103	G	0	0
0	1	5116	AA	0	0
0	1	5116	GG	0	0
0	1	5117	A	0	0
0	1	5117	G	0	0
0	1	5130	CA	0	0
0	1	5130	TG	0	0
0	1	5134	G	0	0
0	1	5134	T	0	0
0	1	5137	G	0	0
0	1	5137	T	0	0
0	1	5138	A	0	0
0	1	5138	G	0	0
0	1	5142	A	0	0
0	1	5142	G	0	0
0	1	5145	C	0	0
0	1	5145	G	0	0
0	1	5148	A	0	0
0	1	5148	G	0	0
0	1	5153	C	0	0
0	1	5153	T	0	0
0	1	5162	AC	0	0
0	1	5162	AT	0	0
0	1	5162	GC	0	0
0	1	5163	AA	0	0
0	1	5163	TA	0	0
0	1	5163	TT	0	0
0	1	5168	C	0	0
0	1	5168	T	0	0
0	1	5169	A	0	0
0	1	5169	G	0	0
0	1	5177	C	0	0
0	1	5177	T	0	0
0	1	5180	C	0	0
0	1	5180	T	0	0
0	1	5185	A	0	0
0	1	5185	G	0	0
0	1	5190	A	0	0
0	1	5190	G	0	0
0	1	5191	C	0	0
0	1	5191	T	0	0
0	1	5192	G	0	0
0	1	5192	T	0	0
0	1	5196	C	0	0
0	1	5196	T	0	0
0	1	5200	CC	0	0
0	1	5200	GG	0	0
0	1	5214	A	0	0
0	1	5214	T	0	0
0	1	5223	A	0	0
0	1	5223	T	0	0
0	1	5226	G	0	0
0	1	5226	T	0	0
0	1	5228	C	0	0
0	1	5228	T	0	0
0	1	5232	C	0	0
0	1	5232	T	0	0
0	1	5235	CA	0	0
0	1	5235	TG	0	0
0	1	5237	C	0	0
0	1	5237	T	0	0
0	1	5238	AC	0	0
0	1	5238	AG	0	0
0	1	5238	GG	0	0
0	1	5246	AG	0	0
0	1	5246	GA	0	0
0	1	5246	GG	0	0
0	1	5250	C	0	0
0	1	5250	G	0	0
0	1	5254	A	0	0
0	1	5254	G	0	0
0	1	5256	A	0	0
0	1	5256	G	0	0
0	1	5258	A	0	0
0	1	5258	G	0	0
0	1	5263	C	0	0
0	1	5263	T	0	0
0	1	5267	C	0	0
0	1	5267	T	0	0
0	1	5269	CTC	0	0
0	1	5269	TCT	0	0
0	1	5270	C	0	0
0	1	5270	T	0	0
0	1	5275	C	0	0
0	1	5275	T	0	0
0	1	5281	A	0	0
0	1	5281	G	0	0
0	1	5284	A	0	0
0	1	5284	G	0	0
0	1	5291	C	0	0
0	1	5291	T	0	0
0	1	5295	CA	0	0
0	1	5295	CG	0	0
0	1	5295	TG	0	0
0	1	5296	A	0	0
0	1	5296	G	0	0
0	1	5302	A	0	0
0	1	5302	G	0	0
0	1	5305	C	0	0
0	1	5305	T	0	0
0	1	5306	A	0	0
0	1	5306	G	0	0
0	1	5315	CC	0	0
0	1	5315	TC	0	0
0	1	5315	TT	0	0
0	1	5316	C	0	0
0	1	5316	T	0	0
0	1	5319	C	0	0
0	1	5319	T	0	0
0	1	5324	C	0	0
0	1	5324	T	0	0
0	1	5334	C	0	0
0	1	5334	T	0	0
0	1	5346	A	0	0
0	1	5346	C	0	0
0	1	5351	A	0	0
0	1	5351	G	0	0
0	1	5359	A	0	0
0	1	5359	G	0	0
0	1	5367	C	0	0
0	1	5367	T	0	0
0	1	5378	A	0	0
0	1	5378	C	0	0
0	1	5379	A	0	0
0	1	5379	T	0	0
0	1	5388	C	0	0
0	1	5388	T	0	0
0	1	5391	G	0	0
0	1	5391	T	0	0
0	1	5397	C	0	0
0	1	5397	T	0	0
0	1	5398	G	0	0
0	1	5398	T	0	0
0	1	5399	A	0	0
0	1	5399	T	0	0
0	1	5402	C	0	0
0	1	5402	T	0	0
0	1	5409	A	0	0
0	1	5409	T	0	0
0	1	5412	C	0	0
0	1	5412	G	0	0
0	1	5414	A	0	0
0	1	5414	T	0	0
0	1	5419	C	0	0
0	1	5419	T	0	0
0	1	5420	A	0	0
0	1	5420	T	0	0
0	1	5421	AG	0	0
0	1	5421	GA	0	0
0	1	5422	A	0	0
0	1	5422	G	0	0
0	1	5425	A	0	0
0	1	5425	G	0	0
0	1	5426	CT	0	0
0	1	5426	TC	0	0
0	1	5430	A	0	0
0	1	5430	G	0	0
0	1	5433	A	0	0
0	1	5433	G	0	0
0	1	5434	A	0	0
0	1	5434	C	0	0
0	1	5435	CG	0	0
0	1	5435	TA	0	0
0	1	5436	C	0	0
0	1	5436	T	0	0
0	1	5438	AG	0	0
0	1	5438	CA	0	0
0	1	5441	A	0	0
0	1	5441	C	0	0
0	1	5442	A	0	0
0	1	5442	C	0	0
0	1	5451	A	0	0
0	1	5451	G	0	0
0	1	5453	C	0	0
0	1	5453	T	0	0
0	1	5459	A	0	0
0	1	5459	G	0	0
0	1	5463	AA	0	0
0	1	5463	AC	0	0
0	1	5463	CA	0	0
0	1	5465	A	0	0
0	1	5465	G	0	0
0	1	5466	C	0	0
0	1	5466	T	0	0
0	1	5469	C	0	0
0	1	5469	T	0	0
0	1	5474	C	0	0
0	1	5474	T	0	0
0	1	5478	C	0	0
0	1	5478	T	0	0
0	1	5479	A	0	0
0	1	5479	G	0	0
0	1	5480	AC	0	0
0	1	5480	CT	0	0
0	1	5482	A	0	0
0	1	5482	C	0	0
0	1	5483	A	0	0
0	1	5483	G	0	0
0	1	5487	A	0	0
0	1	5487	G	0	0
0	1	5490	A	0	0
0	1	5490	C	0	0
0	1	5493	C	0	0
0	1	5493	T	0	0
0	1	5495	GA	0	0
0	1	5495	TA	0	0
0	1	5495	TG	0	0
0	1	5496	CT	0	0
0	1	5496	TC	0	0
0	1	5496	TT	0	0
0	1	5498	A	0	0
0	1	5498	G	0	0
0	1	5500	C	0	0
0	1	5500	T	0	0
0	1	5501	C	0	0
0	1	5501	T	0	0
0	1	5506	C	0	0
0	1	5506	T	0	0
0	1	5508	C	0	0
0	1	5508	T	0	0
0	1	5514	A	0	0
0	1	5514	C	0	0
0	1	5518	CC	0	0
0	1	5518	CT	0	0
0	1	5518	TT	0	0
0	1	5523	C	0	0
0	1	5523	T	0	0
0	1	5530	AA	0	0
0	1	5530	GA	0	0
0	1	5530	GT	0	0
0	1	5537	A	0	0
0	1	5537	G	0	0
0	1	5538	C	0	0
0	1	5538	T	0	0
0	1	5540	A	0	0
0	1	5540	G	0	0
0	1	5542	A	0	0
0	1	5542	G	0	0
0	1	5560	AA	0	0
0	1	5560	AG	0	0
0	1	5560	GG	0	0
0	1	5564	C	0	0
0	1	5564	T	0	0
0	1	5568	C	0	0
0	1	5568	T	0	0
0	1	5583	C	0	0
0	1	5583	T	0	0
0	1	5592	C	0	0
0	1	5592	G	0	0
0	1	5593	C	0	0
0	1	5593	T	0	0
0	1	5596	C	0	0
0	1	5596	T	0	0
0	1	5599	A	0	0
0	1	5599	G	0	0
0	1	5607	C	0	0
0	1	5607	T	0	0
0	1	5609	A	0	0
0	1	5609	T	0	0
0	1	5620	AT	0	0
0	1	5620	GA	0	0
0	1	5621	C	0	0
0	1	5621	T	0	0
0	1	5622	G	0	0
0	1	5622	T	0	0
0	1	5624	A	0	0
0	1	5624	G	0	0
0	1	5630	A	0	0
0	1	5630	G	0	0
0	1	5631	C	0	0
0	1	5631	T	0	0
0	1	5643	C	0	0
0	1	5643	T	0	0
0	1	5652	C	0	0
0	1	5652	T	0	0
0	1	5656	A	0	0
0	1	5656	G	0	0
0	1	5665	A	0	0
0	1	5665	G	0	0
0	1	5671	A	0	0
0	1	5671	G	0	0
0	1	5674	A	0	0
0	1	5674	G	0	0
0	1	5681	AG	0	0
0	1	5681	GA	0	0
0	1	5685	C	0	0
0	1	5685	T	0	0
0	1	5686	A	0	0
0	1	5686	G	0	0
0	1	5696	G	0	0
0	1	5696	T	0	0
0	1	5700	C	0	0
0	1	5700	T	0	0
0	1	5701	CAT	0	0
0	1	5701	CGA	0	0
0	1	5701	GAT	0	0
0	1	5704	CA	0	0
0	1	5704	TA	0	0
0	1	5704	TC	0	0
0	1	5707	C	0	0
0	1	5707	T	0	0
0	1	5709	A	0	0
0	1	5709	G	0	0
0	1	5715	A	0	0
0	1	5715	T	0	0
0	1	5716	A	0	0
0	1	5716	T	0	0
0	1	5722	A	0	0
0	1	5722	G	0	0
0	1	5723	C	0	0
0	1	5723	T	0	0
0	1	5727	AC	0	0
0	1	5727	TC	0	0
0	1	5727	TG	0	0
0	1	5728	C	0	0
0	1	5728	T	0	0
0	1	5730	GA	0	0
0	1	5730	GC	0	0
0	1	5730	TA	0	0
0	1	5741	C	0	0
0	1	5741	T	0	0
0	1	5748	A	0	0
0	1	5748	G	0	0
0	1	5755	AAA	0	0
0	1	5755	ACA	0	0
0	1	5755	CGG	0	0
0	1	5757	C	0	0
0	1	5757	T	0	0
0	1	5760	C	0	0
0	1	5760	T	0	0
0	1	5763	G	0	0
0	1	5763	T	0	0
0	1	5772	A	0	0
0	1	5772	T	0	0
0	1	5790	A	0	0
0	1	5790	G	0	0
0	1	5794	A	0	0
0	1	5794	G	0	0
0	1	5797	C	0	0
0	1	5797	T	0	0
0	1	5798	A	0	0
0	1	5798	G	0	0
0	1	5802	A	0	0
0	1	5802	G	0	0
0	1	5807	A	0	0
0	1	5807	G	0	0
0	1	5812	A	0	0
0	1	5812	G	0	0
0	1	5813	C	0	0
0	1	5813	T	0	0
0	1	5819	A	0	0
0	1	5819	C	0	0
0	1	5825	A	0	0
0	1	5825	G	0	0
0	1	5826	A	0	0
0	1	5826	T	0	0
0	1	5827	C	0	0
0	1	5827	T	0	0
0	1	5828	A	0	0
0	1	5828	G	0	0
0	1	5830	A	0	0
0	1	5830	G	0	0
0	1	5836	C	0	0
0	1	5836	T	0	0
0	1	5850	C	0	0
0	1	5850	T	0	0
0	1	5864	C	0	0
0	1	5864	T	0	0
0	1	5865	C	0	0
0	1	5865	T	0	0
0	1	5866	A	0	0
0	1	5866	C	0	0
0	1	5867	A	0	0
0	1	5867	C	0	0
0	1	5869	A	0	0
0	1	5869	C	0	0
0	1	5880	A	0	0
0	1	5880	C	0	0
0	1	5892	C	0	0
0	1	5892	T	0	0
0	1	5895	A	0	0
0	1	5895	G	0	0
0	1	5897	A	0	0
0	1	5897	G	0	0
0	1	5899	A	0	0
0	1	5899	G	0	0
0	1	5901	AT	0	0
0	1	5901	GC	0	0
0	1	5901	GT	0	0
0	1	5902	A	0	0
0	1	5902	C	0	0
0	1	5907	A	0	0
0	1	5907	T	0	0
0	1	5908	A	0	0
0	1	5908	G	0	0
0	1	5909	A	0	0
0	1	5909	G	0	0
0	1	5921	A	0	0
0	1	5921	G	0	0
0	1	5923	A	0	0
0	1	5923	G	0	0
0	1	5925	C	0	0
0	1	5925	T	0	0
0	1	5926	A	0	0
0	1	5926	G	0	0
0	1	5928	G	0	0
0	1	5928	T	0	0
0	1	5930	C	0	0
0	1	5930	G	0	0
0	1	5934	A	0	0
0	1	5934	G	0	0
0	1	5939	CA	0	0
0	1	5939	GG	0	0
0	1	5940	A	0	0
0	1	5940	G	0	0
0	1	5952	A	0	0
0	1	5952	G	0	0
0	1	5954	G	0	0
0	1	5954	T	0	0
0	1	5955	A	0	0
0	1	5955	G	0	0
0	1	5958	C	0	0
0	1	5958	T	0	0
0	1	5961	A	0	0
0	1	5961	T	0	0
0	1	5962	C	0	0
0	1	5962	T	0	0
0	1	5963	A	0	0
0	1	5963	G	0	0
0	1	5975	AG	0	0
0	1	5975	TA	0	0
0	1	5998	G	0	0
0	1	5998	T	0	0
0	1	6002	A	0	0
0	1	6002	C	0	0
0	1	6004	A	0	0
0	1	6004	G	0	0
0	1	6011	CA	0	0
0	1	6011	CT	0	0
0	1	6011	TT	0	0
0	1	6014	C	0	0
0	1	6014	T	0	0
0	1	6026	A	0	0
0	1	6026	G	0	0
0	1	6029	C	0	0
0	1	6029	T	0	0
0	1	6031	A	0	0
0	1	6031	G	0	0
0	1	6032	A	0	0
0	1	6032	G	0	0
0	1	6037	A	0	0
0	1	6037	G	0	0
0	1	6040	CA	0	0
0	1	6040	CC	0	0
0	1	6040	TC	0	0
0	1	6042	AA	0	0
0	1	6042	GG	0	0
0	1	6046	CT	0	0
0	1	6046	TC	0	0
0	1	6046	TT	0	0
0	1	6051	C	0	0
0	1	6051	T	0	0
0	1	6052	C	0	0
0	1	6052	T	0	0
0	1	6057	A	0	0
0	1	6057	T	0	0
0	1	6058	A	0	0
0	1	6058	G	0	0
0	1	6067	A	0	0
0	1	6067	G	0	0
0	1	6069	A	0	0
0	1	6069	G	0	0
0	1	6070	C	0	0
0	1	6070	T	0	0
0	1	6076	GC	0	0
0	1	6076	TA	0	0
0	1	6076	TC	0	0
0	1	6080	A	0	0
0	1	6080	G	0	0
0	1	6089	C	0	0
0	1	6089	T	0	0
0	1	6091	A	0	0
0	1	6091	G	0	0
0	1	6092	CC	0	0
0	1	6092	CT	0	0
0	1	6092	TT	0	0
0	1	6094	A	0	0
0	1	6094	C	0	0
0	1	6097	C	0	0
0	1	6097	T	0	0
0	1	6100	C	0	0
0	1	6100	T	0	0
0	1	6109	AC	0	0
0	1	6109	GA	0	0
0	1	6109	GC	0	0
0	1	6111	A	0	0
0	1	6111	G	0	0
0	1	6123	A	0	0
0	1	6123	T	0	0
0	1	6125	CA	0	0
0	1	6125	TG	0	0
0	1	6130	A	0	0
0	1	6130	T	0	0
0	1	6131	C	0	0
0	1	6131	T	0	0
0	1	6132	C	0	0
0	1	6132	T	0	0
0	1	6134	CG	0	0
0	1	6134	TA	0	0
0	1	6137	C	0	0
0	1	6137	T	0	0
0	1	6140	C	0	0
0	1	6140	T	0	0
0	1	6141	A	0	0
0	1	6141	G	0	0
0	1	6164	A	0	0
0	1	6164	G	0	0
0	1	6166	C	0	0
0	1	6166	T	0	0
0	1	6167	A	0	0
0	1	6167	G	0	0
0	1	6169	C	0	0
0	1	6169	T	0	0
0	1	6171	C	0	0
0	1	6171	T	0	0
0	1	6174	C	0	0
0	1	6174	G	0	0
0	1	6176	A	0	0
0	1	6176	G	0	0
0	1	6179	C	0	0
0	1	6179	T	0	0
0	1	6180	A	0	0
0	1	6180	G	0	0
0	1	6188	C	0	0
0	1	6188	G	0	0
0	1	6191	C	0	0
0	1	6191	G	0	0
0	1	6193	A	0	0
0	1	6193	G	0	0
0	1	6194	C	0	0
0	1	6194	T	0	0
0	1	6201	CA	0	0
0	1	6201	CG	0	0
0	1	6201	TA	0	0
0	1	6208	C	0	0
0	1	6208	T	0	0
0	1	6209	G	0	0
0	1	6209	T	0	0
0	1	6212	C	0	0
0	1	6212	T	0	0
0	1	6219	A	0	0
0	1	6219	G	0	0
0	1	6224	GT	0	0
0	1	6224	TA	0	0
0	1	6224	TT	0	0
0	1	6234	C	0	0
0	1	6234	T	0	0
0	1	6235	C	0	0
0	1	6235	T	0	0
0	1	6236	A	0	0
0	1	6236	T	0	0
0	1	6238	A	0	0
0	1	6238	T	0	0
0	1	6240	A	0	0
0	1	6240	C	0	0
0	1	6242	C	0	0
0	1	6242	T	0	0
0	1	6243	C	0	0
0	1	6243	T	0	0
0	1	6246	AC	0	0
0	1	6246	TT	0	0
0	1	6250	CG	0	0
0	1	6250	TA	0	0
0	1	6251	CC	0	0
0	1	6251	TG	0	0
0	1	6252	C	0	0
0	1	6252	T	0	0
0	1	6254	C	0	0
0	1	6254	T	0	0
0	1	6262	AA	0	0
0	1	6262	GG	0	0
0	1	6272	C	0	0
0	1	6272	T	0	0
0	1	6274	A	0	0
0	1	6274	C	0	0
0	1	6275	C	0	0
0	1	6275	G	0	0
0	1	6277	C	0	0
0	1	6277	T	0	0
0	1	6280	A	0	0
0	1	6280	G	0	0
0	1	6288	A	0	0
0	1	6288	G	0	0
0	1	6296	C	0	0
0	1	6296	T	0	0
0	1	6298	C	0	0
0	1	6298	T	0	0
0	1	6309	C	0	0
0	1	6309	T	0	0
0	1	6310	A	0	0
0	1	6310	T	0	0
0	1	6313	A	0	0
0	1	6313	G	0	0
0	1	6314	C	0	0
0	1	6314	T	0	0
0	1	6321	G	0	0
0	1	6321	T	0	0
0	1	6324	C	0	0
0	1	6324	T	0	0
0	1	6327	AA	0	0
0	1	6327	TA	0	0
0	1	6327	TG	0	0
0	1	6330	A	0	0
0	1	6330	G	0	0
0	1	6331	A	0	0
0	1	6331	C	0	0
0	1	6334	A	0	0
0	1	6334	T	0	0
0	1	6336	C	0	0
0	1	6336	T	0	0
0	1	6337	C	0	0
0	1	6337	T	0	0
0	1	6340	AC	0	0
0	1	6340	GC	0	0
0	1	6340	GT	0	0
0	1	6342	C	0	0
0	1	6342	T	0	0
0	1	6344	A	0	0
0	1	6344	G	0	0
0	1	6346	C	0	0
0	1	6346	T	0	0
0	1	6347	A	0	0
0	1	6347	C	0	0
0	1	6351	G	0	0
0	1	6351	T	0	0
0	1	6355	A	0	0
0	1	6355	T	0	0
0	1	6358	AG	0	0
0	1	6358	GA	0	0
0	1	6358	GG	0	0
0	1	6359	C	0	0
0	1	6359	T	0	0
0	1	6363	C	0	0
0	1	6363	T	0	0
0	1	6366	A	0	0
0	1	6366	G	0	0
0	1	6367	A	0	0
0	1	6367	G	0	0
0	1	6369	G	0	0
0	1	6369	T	0	0
0	1	6373	C	0	0
0	1	6373	T	0	0
0	1	6380	C	0	0
0	1	6380	T	0	0
0	1	6382	A	0	0
0	1	6382	G	0	0
0	1	6394	AA	0	0
0	1	6394	GA	0	0
0	1	6394	GT	0	0
0	1	6397	A	0	0
0	1	6397	G	0	0
0	1	6399	C	0	0
0	1	6399	T	0	0
0	1	6400	A	0	0
0	1	6400	G	0	0
0	1	6401	A	0	0
0	1	6401	G	0	0
0	1	6403	A	0	0
0	1	6403	G	0	0
0	1	6405	C	0	0
0	1	6405	T	0	0
0	1	6408	AC	0	0
0	1	6408	GT	0	0
0	1	6409	A	0	0
0	1	6409	G	0	0
0	1	6410	A	0	0
0	1	6410	G	0	0
0	1	6413	C	0	0
0	1	6413	T	0	0
0	1	6418	AG	0	0
0	1	6418	GA	0	0
0	1	6420	C	0	0
0	1	6420	T	0	0
0	1	6421	A	0	0
0	1	6421	G	0	0
0	1	6426	A	0	0
0	1	6426	C	0	0
0	1	6437	C	0	0
0	1	6437	T	0	0
0	1	6441	A	0	0
0	1	6441	G	0	0
0	1	6442	AA	0	0
0	1	6442	AT	0	0
0	1	6442	GA	0	0
0	1	6442	GT	0	0
0	1	6445	A	0	0
0	1	6445	G	0	0
0	1	6446	C	0	0
0	1	6446	T	0	0
0	1	6453	C	0	0
0	1	6453	T	0	0
0	1	6454	A	0	0
0	1	6454	G	0	0
0	1	6464	A	0	0
0	1	6464	G	0	0
0	1	6467	C	0	0
0	1	6467	T	0	0
0	1	6471	AA	0	0
0	1	6471	AG	0	0
0	1	6471	GG	0	0
0	1	6479	G	0	0
0	1	6479	T	0	0
0	1	6480	G	0	0
0	1	6480	T	0	0
0	1	6483	A	0	0
0	1	6483	G	0	0
0	1	6486	C	0	0
0	1	6486	T	0	0
0	1	6493	AC	0	0
0	1	6493	TA	0	0
0	1	6493	TC	0	0
0	1	6496	A	0	0
0	1	6496	G	0	0
0	1	6499	A	0	0
0	1	6499	C	0	0
0	1	6500	AAG	0	0
0	1	6500	GGA	0	0
0	1	6500	GGG	0	0
0	1	6502	A	0	0
0	1	6502	G	0	0
0	1	6507	A	0	0
0	1	6507	T	0	0
0	1	6517	AC	0	0
0	1	6517	CA	0	0
0	1	6517	CC	0	0
0	1	6521	A	0	0
0	1	6521	G	0	0
0	1	6527	A	0	0
0	1	6527	G	0	0
0	1	6530	C	0	0
0	1	6530	T	0	0
0	1	6532	A	0	0
0	1	6532	C	0	0
0	1	6533	A	0	0
0	1	6533	G	0	0
0	1	6534	C	0	0
0	1	6534	T	0	0
0	1	6537	G	0	0
0	1	6537	T	0	0
0	1	6538	AA	0	0
0	1	6538	AG	0	0
0	1	6538	CA	0	0
0	1	6552	A	0	0
0	1	6552	G	0	0
0	1	6557	AC	0	0
0	1	6557	GT	0	0
0	1	6558	C	0	0
0	1	6558	T	0	0
0	1	6560	C	0	0
0	1	6560	T	0	0
0	1	6562	A	0	0
0	1	6562	G	0	0
0	1	6563	A	0	0
0	1	6563	G	0	0
0	1	6566	C	0	0
0	1	6566	T	0	0
0	1	6567	C	0	0
0	1	6567	T	0	0
0	1	6568	C	0	0
0	1	6568	T	0	0
0	1	6570	G	0	0
0	1	6570	T	0	0
0	1	6571	A	0	0
0	1	6571	G	0	0
0	1	6573	A	0	0
0	1	6573	G	0	0
0	1	6580	CG	0	0
0	1	6580	TA	0	0
0	1	6583	A	0	0
0	1	6583	G	0	0
0	1	6591	A	0	0
0	1	6591	G	0	0
0	1	6592	A	0	0
0	1	6592	C	0	0
0	1	6593	C	0	0
0	1	6593	T	0	0
0	1	6594	C	0	0
0	1	6594	T	0	0
0	1	6597	A	0	0
0	1	6597	G	0	0
0	1	6598	A	0	0
0	1	6598	G	0	0
0	1	6600	C	0	0
0	1	6600	G	0	0
0	1	6602	C	0	0
0	1	6602	T	0	0
0	1	6605	C	0	0
0	1	6605	T	0	0
0	1	6608	C	0	0
0	1	6608	T	0	0
0	1	6609	A	0	0
0	1	6609	G	0	0
0	1	6610	A	0	0
0	1	6610	G	0	0
0	1	6613	CT	0	0
0	1	6613	TC	0	0
0	1	6651	A	0	0
0	1	6651	C	0	0
0	1	6662	C	0	0
0	1	6662	T	0	0
0	1	6664	AC	0	0
0	1	6664	GT	0	0
0	1	6671	A	0	0
0	1	6671	C	0	0
0	1	6677	AT	0	0
0	1	6677	TC	0	0
0	1	6678	A	0	0
0	1	6678	C	0	0
0	1	6683	CG	0	0
0	1	6683	GA	0	0
0	1	6685	C	0	0
0	1	6685	T	0	0
0	1	6687	C	0	0
0	1	6687	T	0	0
0	1	6691	A	0	0
0	1	6691	C	0	0
0	1	6694	A	0	0
0	1	6694	T	0	0
0	1	6695	C	0	0
0	1	6695	T	0	0
0	1	6699	A	0	0
0	1	6699	G	0	0
0	1	6701	A	0	0
0	1	6701	G	0	0
0	1	6702	A	0	0
0	1	6702	C	0	0
0	1	6719	GC	0	0
0	1	6719	TT	0	0
0	1	6723	C	0	0
0	1	6723	T	0	0
0	1	6726	C	0	0
0	1	6726	T	0	0
0	1	6727	CA	0	0
0	1	6727	TG	0	0
0	1	6729	A	0	0
0	1	6729	G	0	0
0	1	6732	AAG	0	0
0	1	6732	ACG	0	0
0	1	6732	TCA	0	0
0	1	6739	A	0	0
0	1	6739	G	0	0
0	1	6743	C	0	0
0	1	6743	T	0	0
0	1	6747	C	0	0
0	1	6747	T	0	0
0	1	6748	C	0	0
0	1	6748	T	0	0
0	1	6749	C	0	0
0	1	6749	T	0	0
0	1	6750	A	0	0
0	1	6750	G	0	0
0	1	6754	C	0	0
0	1	6754	T	0	0
0	1	6755	C	0	0
0	1	6755	G	0	0
0	1	6756	CC	0	0
0	1	6756	CT	0	0
0	1	6756	TT	0	0
0	1	6761	A	0	0
0	1	6761	G	0	0
0	1	6764	CA	0	0
0	1	6764	TA	0	0
0	1	6764	TC	0	0
0	1	6765	A	0	0
0	1	6765	G	0	0
0	1	6768	A	0	0
0	1	6768	G	0	0
0	1	6769	G	0	0
0	1	6769	T	0	0
0	1	6772	A	0	0
0	1	6772	C	0	0
0	1	6778	C	0	0
0	1	6778	T	0	0
0	1	6780	GC	0	0
0	1	6780	GT	0	0
0	1	6780	TC	0	0
0	1	6782	CTC	0	0
0	1	6782	CTT	0	0
0	1	6782	TCT	0	0
0	1	6783	A	0	0
0	1	6783	G	0	0
0	1	6795	C	0	0
0	1	6795	T	0	0
0	1	6797	C	0	0
0	1	6797	T	0	0
0	1	6802	C	0	0
0	1	6802	T	0	0
0	1	6804	C	0	0
0	1	6804	T	0	0
0	1	6805	A	0	0
0	1	6805	T	0	0
0	1	6809	A	0	0
0	1	6809	G	0	0
0	1	6810	C	0	0
0	1	6810	T	0	0
0	1	6814	CG	0	0
0	1	6814	TT	0	0
0	1	6818	A	0	0
0	1	6818	G	0	0
0	1	6819	AA	0	0
0	1	6819	GG	0	0
0	1	6820	A	0	0
0	1	6820	G	0	0
0	1	6826	C	0	0
0	1	6826	T	0	0
0	1	6830	C	0	0
0	1	6830	T	0	0
0	1	6835	A	0	0
0	1	6835	G	0	0
0	1	6838	C	0	0
0	1	6838	T	0	0
0	1	6843	G	0	0
0	1	6843	T	0	0
0	1	6844	C	0	0
0	1	6844	T	0	0
0	1	6848	A	0	0
0	1	6848	G	0	0
0	1	6852	CC	0	0
0	1	6852	GT	0	0
0	1	6859	A	0	0
0	1	6859	G	0	0
0	1	6860	A	0	0
0	1	6860	T	0	0
0	1	6869	A	0	0
0	1	6869	G	0	0
0	1	6872	A	0	0
0	1	6872	G	0	0
0	1	6873	C	0	0
0	1	6873	T	0	0
0	1	6878	C	0	0
0	1	6878	T	0	0
0	1	6879	CC	0	0
0	1	6879	TC	0	0
0	1	6879	TT	0	0
0	1	6880	A	0	0
0	1	6880	T	0	0
0	1	6883	C	0	0
0	1	6883	T	0	0
0	1	6887	C	0	0
0	1	6887	T	0	0
0	1	6889	A	0	0
0	1	6889	G	0	0
0	1	6890	C	0	0
0	1	6890	T	0	0
0	1	6895	A	0	0
0	1	6895	T	0	0
0	1	6896	C	0	0
0	1	6896	T	0	0
0	1	6899	A	0	0
0	1	6899	G	0	0
0	1	6900	A	0	0
0	1	6900	C	0	0
0	1	6902	A	0	0
0	1	6902	G	0	0
0	1	6906	A	0	0
0	1	6906	T	0	0
0	1	6909	A	0	0
0	1	6909	T	0	0
0	1	6911	C	0	0
0	1	6911	T	0	0
0	1	6912	A	0	0
0	1	6912	G	0	0
0	1	6916	C	0	0
0	1	6916	T	0	0
0	1	6917	AT	0	0
0	1	6917	GC	0	0
0	1	6917	GT	0	0
0	1	6923	A	0	0
0	1	6923	T	0	0
0	1	6924	C	0	0
0	1	6924	T	0	0
0	1	6925	A	0	0
0	1	6925	C	0	0
0	1	6927	AA	0	0
0	1	6927	TG	0	0
0	1	6928	A	0	0
0	1	6928	T	0	0
0	1	6930	C	0	0
0	1	6930	T	0	0
0	1	6934	A	0	0
0	1	6934	G	0	0
0	1	6938	AA	0	0
0	1	6938	GA	0	0
0	1	6938	GG	0	0
0	1	6939	A	0	0
0	1	6939	T	0	0
0	1	6941	A	0	0
0	1	6941	G	0	0
0	1	6942	A	0	0
0	1	6942	G	0	0
0	1	6946	A	0	0
0	1	6946	G	0	0
0	1	6948	C	0	0
0	1	6948	T	0	0
0	1	6958	C	0	0
0	1	6958	T	0	0
0	1	6964	A	0	0
0	1	6964	G	0	0
0	1	6966	C	0	0
0	1	6966	T	0	0
0	1	6971	AT	0	0
0	1	6971	GA	0	0
0	1	6976	A	0	0
0	1	6976	T	0	0
0	1	6977	A	0	0
0	1	6977	T	0	0
0	1	6980	A	0	0
0	1	6980	G	0	0
0	1	6982	C	0	0
0	1	6982	T	0	0
0	1	6985	A	0	0
0	1	6985	G	0	0
0	1	6986	C	0	0
0	1	6986	T	0	0
0	1	6994	A	0	0
0	1	6994	T	0	0
0	1	6995	A	0	0
0	1	6995	G	0	0
0	1	7003	C	0	0
0	1	7003	T	0	0
0	1	7005	A	0	0
0	1	7005	G	0	0
0	1	7009	C	0	0
0	1	7009	T	0	0
0	1	7012	C	0	0
0	1	7012	T	0	0
0	1	7014	G	0	0
0	1	7014	T	0	0
0	1	7025	C	0	0
0	1	7025	T	0	0
0	1	7052	C	0	0
0	1	7052	T	0	0
0	1	7056	A	0	0
0	1	7056	T	0	0
0	1	7057	C	0	0
0	1	7057	T	0	0
0	1	7074	CT	0	0
0	1	7074	TC	0	0
0	1	7074	TT	0	0
0	1	7076	C	0	0
0	1	7076	G	0	0
0	1	7077	AA	0	0
0	1	7077	AG	0	0
0	1	7077	GA	0	0
0	1	7077	GG	0	0
0	1	7084	A	0	0
0	1	7084	T	0	0
0	1	7085	A	0	0
0	1	7085	G	0	0
0	1	7086	A	0	0
0	1	7086	G	0	0
0	1	7087	A	0	0
0	1	7087	G	0	0
0	1	7093	C	0	0
0	1	7093	T	0	0
0	1	7097	CG	0	0
0	1	7097	TA	0	0
0	1	7100	A	0	0
0	1	7100	G	0	0
0	1	7104	A	0	0
0	1	7104	C	0	0
0	1	7109	C	0	0
0	1	7109	T	0	0
0	1	7114	A	0	0
0	1	7114	G	0	0
0	1	7118	A	0	0
0	1	7118	G	0	0
0	1	7119	A	0	0
0	1	7119	G	0	0
0	1	7121	C	0	0
0	1	7121	T	0	0
0	1	7122	CCAA	0	0
0	1	7122	TAGA	0	0
0	1	7122	TCAA	0	0
0	1	7122	TCAG	0	0
0	1	7123	A	0	0
0	1	7123	T	0	0
0	1	7128	CC	0	0
0	1	7128	TC	0	0
0	1	7128	TT	0	0
0	1	7129	C	0	0
0	1	7129	T	0	0
0	1	7133	A	0	0
0	1	7133	T	0	0
0	1	7134	CT	0	0
0	1	7134	TC	0	0
0	1	7143	GA	0	0
0	1	7143	TT	0	0
0	1	7146	C	0	0
0	1	7146	T	0	0
0	1	7151	CG	0	0
0	1	7151	TA	0	0
0	1	7152	A	0	0
0	1	7152	G	0	0
0	1	7155	CT	0	0
0	1	7155	TG	0	0
0	1	7157	A	0	0
0	1	7157	T	0	0
0	1	7161	C	0	0
0	1	7161	T	0	0
0	1	7162	AA	0	0
0	1	7162	AC	0	0
0	1	7162	GC	0	0
0	1	7163	A	0	0
0	1	7163	C	0	0
0	1	7165	C	0	0
0	1	7165	T	0	0
0	1	7169	C	0	0
0	1	7169	T	0	0
0	1	7174	CCT	0	0
0	1	7174	TTC	0	0
0	1	7174	TTT	0	0
0	1	7177	A	0	0
0	1	7177	C	0	0
0	1	7187	C	0	0
0	1	7187	T	0	0
0	1	7194	A	0	0
0	1	7194	T	0	0
0	1	7199	C	0	0
0	1	7199	T	0	0
0	1	7201	C	0	0
0	1	7201	T	0	0
0	1	7202	A	0	0
0	1	7202	T	0	0
0	1	7203	C	0	0
0	1	7203	T	0	0
0	1	7204	A	0	0
0	1	7204	T	0	0
0	1	7209	A	0	0
0	1	7209	G	0	0
0	1	7211	A	0	0
0	1	7211	G	0	0
0	1	7215	A	0	0
0	1	7215	G	0	0
0	1	7222	C	0	0
0	1	7222	T	0	0
0	1	7227	CAT	0	0
0	1	7227	CCT	0	0
0	1	7227	TCG	0	0
0	1	7228	A	0	0
0	1	7228	G	0	0
0	1	7229	C	0	0
0	1	7229	T	0	0
0	1	7232	C	0	0
0	1	7232	T	0	0
0	1	7234	A	0	0
0	1	7234	G	0	0
0	1	7236	C	0	0
0	1	7236	T	0	0
0	1	7237	A	0	0
0	1	7237	G	0	0
0	1	7238	AT	0	0
0	1	7238	GC	0	0
0	1	7239	A	0	0
0	1	7239	C	0	0
0	1	7245	CA	0	0
0	1	7245	CG	0	0
0	1	7245	TG	0	0
0	1	7248	A	0	0
0	1	7248	G	0	0
0	1	7257	A	0	0
0	1	7257	T	0	0
0	1	7259	A	0	0
0	1	7259	T	0	0
0	1	7274	A	0	0
0	1	7274	T	0	0
0	1	7275	C	0	0
0	1	7275	T	0	0
0	1	7283	C	0	0
0	1	7283	T	0	0
0	1	7288	CG	0	0
0	1	7288	TT	0	0
0	1	7296	A	0	0
0	1	7296	G	0	0
0	1	7297	A	0	0
0	1	7297	G	0	0
0	1	7299	A	0	0
0	1	7299	G	0	0
0	1	7303	A	0	0
0	1	7303	G	0	0
0	1	7315	C	0	0
0	1	7315	T	0	0
0	1	7318	C	0	0
0	1	7318	T	0	0
0	1	7320	A	0	0
0	1	7320	C	0	0
0	1	7325	AA	0	0
0	1	7325	GT	0	0
0	1	7327	AC	0	0
0	1	7327	GT	0	0
0	1	7334	CA	0	0
0	1	7334	CC	0	0
0	1	7334	TC	0	0
0	1	7335	A	0	0
0	1	7335	G	0	0
0	1	7350	G	0	0
0	1	7350	T	0	0
0	1	7353	A	0	0
0	1	7353	G	0	0
0	1	7355	AA	0	0
0	1	7355	AC	0	0
0	1	7355	GA	0	0
0	1	7359	A	0	0
0	1	7359	G	0	0
0	1	7360	C	0	0
0	1	7360	T	0	0
0	1	7362	G	0	0
0	1	7362	T	0	0
0	1	7366	C	0	0
0	1	7366	T	0	0
0	1	7367	G	0	0
0	1	7367	T	0	0
0	1	7374	C	0	0
0	1	7374	G	0	0
0	1	7376	A	0	0
0	1	7376	G	0	0
0	1	7377	C	0	0
0	1	7377	T	0	0
0	1	7385	A	0	0
0	1	7385	G	0	0
0	1	7386	C	0	0
0	1	7386	G	0	0
0	1	7387	C	0	0
0	1	7387	T	0	0
0	1	7391	C	0	0
0	1	7391	T	0	0
0	1	7393	A	0	0
0	1	7393	G	0	0
0	1	7394	C	0	0
0	1	7394	T	0	0
0	1	7395	A	0	0
0	1	7395	G	0	0
0	1	7398	C	0	0
0	1	7398	G	0	0
0	1	7400	A	0	0
0	1	7400	T	0	0
0	1	7404	A	0	0
0	1	7404	G	0	0
0	1	7406	A	0	0
0	1	7406	G	0	0
0	1	7407	C	0	0
0	1	7407	T	0	0
0	1	7410	C	0	0
0	1	7410	T	0	0
0	1	7411	A	0	0
0	1	7411	G	0	0
0	1	7425	A	0	0
0	1	7425	G	0	0
0	1	7426	C	0	0
0	1	7426	T	0	0
0	1	7429	AT	0	0
0	1	7429	GC	0	0
0	1	7429	GT	0	0
0	1	7431	C	0	0
0	1	7431	T	0	0
0	1	7438	A	0	0
0	1	7438	G	0	0
0	1	7439	AC	0	0
0	1	7439	TC	0	0
0	1	7439	TT	0	0
0	1	7446	A	0	0
0	1	7446	C	0	0
0	1	7448	ACG	0	0
0	1	7448	GTA	0	0
0	1	7448	GTG	0	0
0	1	7453	C	0	0
0	1	7453	T	0	0
0	1	7456	A	0	0
0	1	7456	G	0	0
0	1	7457	C	0	0
0	1	7457	T	0	0
0	1	7458	A	0	0
0	1	7458	G	0	0
0	1	7461	A	0	0
0	1	7461	G	0	0
0	1	7467	C	0	0
0	1	7467	T	0	0
0	1	7470	A	0	0
0	1	7470	C	0	0
0	1	7476	A	0	0
0	1	7476	T	0	0
0	1	7478	C	0	0
0	1	7478	T	0	0
0	1	7480	C	0	0
0	1	7480	T	0	0
0	1	7481	A	0	0
0	1	7481	G	0	0
0	1	7482	A	0	0
0	1	7482	G	0	0
0	1	7484	G	0	0
0	1	7484	T	0	0
0	1	7487	A	0	0
0	1	7487	G	0	0
0	1	7488	A	0	0
0	1	7488	G	0	0
0	1	7490	A	0	0
0	1	7490	G	0	0
0	1	7502	G	0	0
0	1	7502	T	0	0
0	1	7506	AA	0	0
0	1	7506	AG	0	0
0	1	7506	GA	0	0
0	1	7506	GG	0	0
0	1	7509	C	0	0
0	1	7509	T	0	0
0	1	7510	A	0	0
0	1	7510	G	0	0
0	1	7517	C	0	0
0	1	7517	T	0	0
0	1	7521	A	0	0
0	1	7521	G	0	0
0	1	7527	C	0	0
0	1	7527	T	0	0
0	1	7528	A	0	0
0	1	7528	G	0	0
0	1	7532	A	0	0
0	1	7532	G	0	0
0	1	7533	C	0	0
0	1	7533	T	0	0
0	1	7534	C	0	0
0	1	7534	T	0	0
0	1	7540	G	0	0
0	1	7540	T	0	0
0	1	7546	C	0	0
0	1	7546	T	0	0
0	1	7547	A	0	0
0	1	7547	G	0	0
0	1	7551	AC	0	0
0	1	7551	CC	0	0
0	1	7551	CT	0	0
0	1	7553	A	0	0
0	1	7553	T	0	0
0	1	7557	A	0	0
0	1	7557	T	0	0
0	1	7558	C	0	0
0	1	7558	T	0	0
0	1	7559	A	0	0
0	1	7559	G	0	0
0	1	7569	A	0	0
0	1	7569	G	0	0
0	1	7574	A	0	0
0	1	7574	G	0	0
0	1	7576	A	0	0
0	1	7576	T	0	0
0	1	7579	C	0	0
0	1	7579	T	0	0
0	1	7588	C	0	0
0	1	7588	T	0	0
0	1	7592	AT	0	0
0	1	7592	GC	0	0
0	1	7593	C	0	0
0	1	7593	T	0	0
0	1	7594	C	0	0
0	1	7594	T	0	0
0	1	7597	C	0	0
0	1	7597	T	0	0
0	1	7599	CA	0	0
0	1	7599	CG	0	0
0	1	7599	TG	0	0
0	1	7600	C	0	0
0	1	7600	T	0	0
0	1	7601	C	0	0
0	1	7601	T	0	0
0	1	7605	A	0	0
0	1	7605	G	0	0
0	1	7621	C	0	0
0	1	7621	T	0	0
0	1	7622	A	0	0
0	1	7622	G	0	0
0	1	7630	AC	0	0
0	1	7630	TT	0	0
0	1	7635	A	0	0
0	1	7635	G	0	0
0	1	7636	A	0	0
0	1	7636	G	0	0
0	1	7637	AC	0	0
0	1	7637	GA	0	0
0	1	7637	GC	0	0
0	1	7646	A	0	0
0	1	7646	G	0	0
0	1	7646	T	0	0
0	1	7647	A	0	0
0	1	7647	G	0	0
0	1	7653	A	0	0
0	1	7653	G	0	0
0	1	7661	C	0	0
0	1	7661	T	0	0
0	1	7662	CT	0	0
0	1	7662	TA	0	0
0	1	7664	A	0	0
0	1	7664	T	0	0
0	1	7666	A	0	0
0	1	7666	G	0	0
0	1	7667	A	0	0
0	1	7667	G	0	0
0	1	7671	C	0	0
0	1	7671	G	0	0
0	1	7679	CG	0	0
0	1	7679	CT	0	0
0	1	7679	TT	0	0
0	1	7683	A	0	0
0	1	7683	G	0	0
0	1	7685	C	0	0
0	1	7685	T	0	0
0	1	7686	AC	0	0
0	1	7686	GA	0	0
0	1	7695	A	0	0
0	1	7695	C	0	0
0	1	7696	A	0	0
0	1	7696	T	0	0
0	1	7700	A	0	0
0	1	7700	G	0	0
0	1	7701	A	0	0
0	1	7701	T	0	0
0	1	7709	CT	0	0
0	1	7709	TA	0	0
0	1	7712	C	0	0
0	1	7712	T	0	0
0	1	7713	A	0	0
0	1	7713	G	0	0
0	1	7716	A	0	0
0	1	7716	T	0	0
0	1	7717	CAT	0	0
0	1	7717	CGT	0	0
0	1	7717	TAG	0	0
0	1	7717	TAT	0	0
0	1	7718	C	0	0
0	1	7718	T	0	0
0	1	7731	AT	0	0
0	1	7731	CG	0	0
0	1	7735	A	0	0
0	1	7735	G	0	0
0	1	7736	AA	0	0
0	1	7736	GG	0	0
0	1	7747	C	0	0
0	1	7747	G	0	0
0	1	7773	AA	0	0
0	1	7773	GA	0	0
0	1	7773	GC	0	0
0	1	7775	C	0	0
0	1	7775	T	0	0
0	1	7778	CG	0	0
0	1	7778	TA	0	0
0	1	7779	AA	0	0
0	1	7779	TC	0	0
0	1	7780	A	0	0
0	1	7780	G	0	0
0	1	7781	AC	0	0
0	1	7781	GT	0	0
0	1	7785	C	0	0
0	1	7785	T	0	0
0	1	7787	A	0	0
0	1	7787	T	0	0
0	1	7789	AA	0	0
0	1	7789	GG	0	0
0	1	7790	A	0	0
0	1	7790	C	0	0
0	1	7792	C	0	0
0	1	7792	T	0	0
0	1	7794	A	0	0
0	1	7794	G	0	0
0	1	7797	CG	0	0
0	1	7797	TA	0	0
0	1	7799	A	0	0
0	1	7799	G	0	0
0	1	7803	AA	0	0
0	1	7803	GG	0	0
0	1	7805	C	0	0
0	1	7805	T	0	0
0	1	7824	C	0	0
0	1	7824	T	0	0
0	1	7826	C	0	0
0	1	7826	T	0	0
0	1	7830	A	0	0
0	1	7830	G	0	0
0	1	7832	A	0	0
0	1	7832	T	0	0
0	1	7833	C	0	0
0	1	7833	T	0	0
0	1	7835	A	0	0
0	1	7835	T	0	0
0	1	7836	A	0	0
0	1	7836	G	0	0
0	1	7838	C	0	0
0	1	7838	T	0	0
0	1	7839	A	0	0
0	1	7839	C	0	0
0	1	7840	G	0	0
0	1	7840	T	0	0
0	1	7843	AC	0	0
0	1	7843	AT	0	0
0	1	7843	GT	0	0
0	1	7845	A	0	0
0	1	7845	G	0	0
0	1	7846	AA	0	0
0	1	7846	AG	0	0
0	1	7846	GA	0	0
0	1	7852	C	0	0
0	1	7852	T	0	0
0	1	7853	A	0	0
0	1	7853	T	0	0
0	1	7854	C	0	0
0	1	7854	T	0	0
0	1	7855	C	0	0
0	1	7855	T	0	0
0	1	7861	AA	0	0
0	1	7861	CA	0	0
0	1	7861	CC	0	0
0	1	7863	AA	0	0
0	1	7863	GG	0	0
0	1	7871	A	0	0
0	1	7871	T	0	0
0	1	7875	CA	0	0
0	1	7875	TG	0	0
0	1	7878	G	0	0
0	1	7878	T	0	0
0	1	7886	C	0	0
0	1	7886	T	0	0
0	1	7892	C	0	0
0	1	7892	T	0	0
0	1	7893	AC	0	0
0	1	7893	GT	0	0
0	1	7894	AT	0	0
0	1	7894	GC	0	0
0	1	7895	A	0	0
0	1	7895	G	0	0
0	1	7899	AA	0	0
0	1	7899	AG	0	0
0	1	7899	TG	0	0
0	1	7909	A	0	0
0	1	7909	T	0	0
0	1	7912	A	0	0
0	1	7912	C	0	0
0	1	7913	AC	0	0
0	1	7913	GT	0	0
0	1	7919	C	0	0
0	1	7919	T	0	0
0	1	7920	A	0	0
0	1	7920	G	0	0
0	1	7921	A	0	0
0	1	7921	T	0	0
0	1	7922	CA	0	0
0	1	7922	CT	0	0
0	1	7922	TA	0	0
0	1	7928	C	0	0
0	1	7928	T	0	0
0	1	7930	G	0	0
0	1	7930	T	0	0
0	1	7933	C	0	0
0	1	7933	G	0	0
0	1	7934	C	0	0
0	1	7934	T	0	0
0	1	7939	A	0	0
0	1	7939	T	0	0
0	1	7944	C	0	0
0	1	7944	T	0	0
0	1	7946	C	0	0
0	1	7946	T	0	0
0	1	7947	A	0	0
0	1	7947	G	0	0
0	1	7949	A	0	0
0	1	7949	C	0	0
0	1	7952	A	0	0
0	1	7952	G	0	0
0	1	7954	C	0	0
0	1	7954	T	0	0
0	1	7955	A	0	0
0	1	7955	T	0	0
0	1	7959	A	0	0
0	1	7959	G	0	0
0	1	7967	A	0	0
0	1	7967	G	0	0
0	1	7974	C	0	0
0	1	7974	T	0	0
0	1	7976	C	0	0
0	1	7976	T	0	0
0	1	7984	C	0	0
0	1	7984	T	0	0
0	1	7989	A	0	0
0	1	7989	T	0	0
0	1	7990	C	0	0
0	1	7990	T	0	0
0	1	7991	A	0	0
0	1	7991	G	0	0
0	1	7992	ACCCTC	0	0
0	1	7992	ACTCCT	0	0
0	1	7992	ATCGCT	0	0
0	1	7992	ATCGTC	0	0
0	1	7992	ATTCCT	0	0
0	1	7992	ATTCTC	0	0
0	1	7992	ATTGCC	0	0
0	1	7992	ATTGCT	0	0
0	1	7992	ATTGTC	0	0
0	1	7992	CCCGCC	0	0
0	1	7992	CTTCTT	0	0
0	1	7992	CTTGCT	0	0
0	1	7992	CTTGTT	0	0
0	1	7996	G	0	0
0	1	7996	T	0	0
0	1	7997	A	0	0
0	1	7997	C	0	0
0	1	7998	A	0	0
0	1	7998	G	0	0
0	1	7999	CC	0	0
0	1	7999	TT	0	0
0	1	8001	CC	0	0
0	1	8001	TA	0	0
0	1	8003	A	0	0
0	1	8003	G	0	0
0	1	8004	AA	0	0
0	1	8004	GT	0	0
0	1	8006	AC	0	0
0	1	8006	AT	0	0
0	1	8006	TC	0	0
0	1	8008	A	0	0
0	1	8008	G	0	0
0	1	8014	AA	0	0
0	1	8014	TG	0	0
0	1	8015	A	0	0
0	1	8015	G	0	0
0	1	8018	A	0	0
0	1	8018	G	0	0
0	1	8019	A	0	0
0	1	8019	T	0	0
0	1	8021	C	0	0
0	1	8021	T	0	0
0	1	8023	C	0	0
0	1	8023	T	0	0
0	1	8024	AC	0	0
0	1	8024	AT	0	0
0	1	8024	GC	0	0
0	1	8026	C	0	0
0	1	8026	T	0	0
0	1	8027	A	0	0
0	1	8027	G	0	0
0	1	8034	A	0	0
0	1	8034	G	0	0
0	1	8037	A	0	0
0	1	8037	T	0	0
0	1	8038	A	0	0
0	1	8038	G	0	0
0	1	8040	AC	0	0
0	1	8040	CT	0	0
0	1	8044	AA	0	0
0	1	8044	AG	0	0
0	1	8044	TG	0	0
0	1	8046	CG	0	0
0	1	8046	TC	0	0
0	1	8046	TG	0	0
0	1	8048	C	0	0
0	1	8048	G	0	0
0	1	8053	C	0	0
0	1	8053	G	0	0
0	1	8055	A	0	0
0	1	8055	G	0	0
0	1	8059	C	0	0
0	1	8059	T	0	0
0	1	8063	C	0	0
0	1	8063	T	0	0
0	1	8064	A	0	0
0	1	8064	G	0	0
0	1	8065	CC	0	0
0	1	8065	GA	0	0
0	1	8066	A	0	0
0	1	8066	G	0	0
0	1	8075	C	0	0
0	1	8075	T	0	0
0	1	8077	C	0	0
0	1	8077	T	0	0
0	1	8081	A	0	0
0	1	8081	G	0	0
0	1	8083	CG	0	0
0	1	8083	TA	0	0
0	1	8084	C	0	0
0	1	8084	T	0	0
0	1	8085	C	0	0
0	1	8085	T	0	0
0	1	8089	C	0	0
0	1	8089	T	0	0
0	1	8090	C	0	0
0	1	8090	G	0	0
0	1	8092	C	0	0
0	1	8092	T	0	0
0	1	8094	C	0	0
0	1	8094	T	0	0
0	1	8097	A	0	0
0	1	8097	T	0	0
0	1	8099	AT	0	0
0	1	8099	GC	0	0
0	1	8100	C	0	0
0	1	8100	T	0	0
0	1	8102	C	0	0
0	1	8102	T	0	0
0	1	8104	A	0	0
0	1	8104	T	0	0
0	1	8106	A	0	0
0	1	8106	G	0	0
0	1	8113	C	0	0
0	1	8113	T	0	0
0	1	8114	A	0	0
0	1	8114	G	0	0
0	1	8117	A	0	0
0	1	8117	G	0	0
0	1	8119	CA	0	0
0	1	8119	CG	0	0
0	1	8119	TA	0	0
0	1	8121	A	0	0
0	1	8121	G	0	0
0	1	8137	C	0	0
0	1	8137	T	0	0
0	1	8138	C	0	0
0	1	8138	T	0	0
0	1	8140	C	0	0
0	1	8140	T	0	0
0	1	8145	A	0	0
0	1	8145	G	0	0
0	1	8147	C	0	0
0	1	8147	G	0	0
0	1	8158	C	0	0
0	1	8158	T	0	0
0	1	8164	C	0	0
0	1	8164	T	0	0
0	1	8165	G	0	0
0	1	8165	T	0	0
0	1	8167	C	0	0
0	1	8167	T	0	0
0	1	8169	A	0	0
0	1	8169	T	0	0
0	1	8171	A	0	0
0	1	8171	G	0	0
0	1	8172	C	0	0
0	1	8172	T	0	0
0	1	8175	A	0	0
0	1	8175	T	0	0
0	1	8176	AG	0	0
0	1	8176	GA	0	0
0	1	8178	A	0	0
0	1	8178	G	0	0
0	1	8179	A	0	0
0	1	8179	G	0	0
0	1	8180	A	0	0
0	1	8180	G	0	0
0	1	8183	A	0	0
0	1	8183	T	0	0
0	1	8185	A	0	0
0	1	8185	T	0	0
0	1	8187	A	0	0
0	1	8187	G	0	0
0	1	8191	C	0	0
0	1	8191	T	0	0
0	1	8192	AGC	0	0
0	1	8192	GCA	0	0
0	1	8192	GCC	0	0
0	1	8194	C	0	0
0	1	8194	T	0	0
0	1	8196	AA	0	0
0	1	8196	AG	0	0
0	1	8196	CG	0	0
0	1	8197	C	0	0
0	1	8197	G	0	0
0	1	8198	AT	0	0
0	1	8198	CG	0	0
0	1	8199	CG	0	0
0	1	8199	TA	0	0
0	1	8199	TG	0	0
0	1	8200	AA	0	0
0	1	8200	TT	0	0
0	1	8201	C	0	0
0	1	8201	T	0	0
0	1	8202	AA	0	0
0	1	8202	TT	0	0
0	1	8208	CG	0	0
0	1	8208	TA	0	0
0	1	8218	AG	0	0
0	1	8218	GT	0	0
0	1	8220	A	0	0
0	1	8220	G	0	0
0	1	8221	AA	0	0
0	1	8221	GA	0	0
0	1	8221	GG	0	0
0	1	8229	C	0	0
0	1	8229	T	0	0
0	1	8232	A	0	0
0	1	8232	G	0	0
0	1	8235	A	0	0
0	1	8235	C	0	0
0	1	8237	CT	0	0
0	1	8237	TG	0	0
0	1	8237	TT	0	0
0	1	8244	C	0	0
0	1	8244	T	0	0
0	1	8247	C	0	0
0	1	8247	T	0	0
0	1	8249	C	0	0
0	1	8249	T	0	0
0	1	8250	C	0	0
0	1	8250	G	0	0
0	1	8251	A	0	0
0	1	8251	G	0	0
0	1	8252	AA	0	0
0	1	8252	GG	0	0
0	1	8253	A	0	0
0	1	8253	G	0	0
0	1	8254	C	0	0
0	1	8254	T	0	0
0	1	8255	C	0	0
0	1	8255	T	0	0
0	1	8258	C	0	0
0	1	8258	T	0	0
0	1	8259	A	0	0
0	1	8259	G	0	0
0	1	8262	A	0	0
0	1	8262	G	0	0
0	1	8264	A	0	0
0	1	8264	C	0	0
0	1	8270	C	0	0
0	1	8270	T	0	0
0	1	8273	C	0	0
0	1	8273	T	0	0
0	1	8274	A	0	0
0	1	8274	G	0	0
0	1	8276	C	0	0
0	1	8276	T	0	0
0	1	8281	CA	0	0
0	1	8281	TG	0	0
0	1	8283	A	0	0
0	1	8283	G	0	0
0	1	8286	A	0	0
0	1	8286	G	0	0
0	1	8295	A	0	0
0	1	8295	G	0	0
0	1	8296	C	0	0
0	1	8296	T	0	0
0	1	8300	C	0	0
0	1	8300	T	0	0
0	1	8301	C	0	0
0	1	8301	T	0	0
0	1	8303	A	0	0
0	1	8303	G	0	0
0	1	8310	A	0	0
0	1	8310	G	0	0
0	1	8313	A	0	0
0	1	8313	G	0	0
0	1	8315	A	0	0
0	1	8315	G	0	0
0	1	8318	C	0	0
0	1	8318	T	0	0
0	1	8323	A	0	0
0	1	8323	G	0	0
0	1	8332	A	0	0
0	1	8332	G	0	0
0	1	8335	A	0	0
0	1	8335	G	0	0
0	1	8336	AC	0	0
0	1	8336	GT	0	0
0	1	8337	A	0	0
0	1	8337	T	0	0
0	1	8339	A	0	0
0	1	8339	T	0	0
0	1	8344	AC	0	0
0	1	8344	AT	0	0
0	1	8344	GC	0	0
0	1	8347	A	0	0
0	1	8347	G	0	0
0	1	8353	C	0	0
0	1	8353	T	0	0
0	1	8356	CA	0	0
0	1	8356	CG	0	0
0	1	8356	TG	0	0
0	1	8358	AC	0	0
0	1	8358	CC	0	0
0	1	8358	CT	0	0
0	1	8359	A	0	0
0	1	8359	G	0	0
0	1	8362	C	0	0
0	1	8362	T	0	0
0	1	8364	A	0	0
0	1	8364	C	0	0
0	1	8371	A	0	0
0	1	8371	G	0	0
0	1	8375	C	0	0
0	1	8375	T	0	0
0	1	8380	AG	0	0
0	1	8380	TA	0	0
0	1	8380	TG	0	0
0	1	8381	A	0	0
0	1	8381	G	0	0
0	1	8382	A	0	0
0	1	8382	G	0	0
0	1	8384	CC	0	0
0	1	8384	TC	0	0
0	1	8384	TT	0	0
0	1	8385	A	0	0
0	1	8385	G	0	0
0	1	8387	A	0	0
0	1	8387	G	0	0
0	1	8392	A	0	0
0	1	8392	G	0	0
0	1	8394	C	0	0
0	1	8394	T	0	0
0	1	8395	A	0	0
0	1	8395	G	0	0
0	1	8398	C	0	0
0	1	8398	T	0	0
0	1	8401	A	0	0
0	1	8401	G	0	0
0	1	8402	A	0	0
0	1	8402	G	0	0
0	1	8405	A	0	0
0	1	8405	G	0	0
0	1	8416	C	0	0
0	1	8416	T	0	0
0	1	8417	G	0	0
0	1	8417	T	0	0
0	1	8425	A	0	0
0	1	8425	T	0	0
0	1	8428	A	0	0
0	1	8428	G	0	0
0	1	8433	AA	0	0
0	1	8433	GA	0	0
0	1	8433	GG	0	0
0	1	8438	A	0	0
0	1	8438	T	0	0
0	1	8440	CC	0	0
0	1	8440	TT	0	0
0	1	8447	A	0	0
0	1	8447	C	0	0
0	1	8447	G	0	0
0	1	8449	A	0	0
0	1	8449	G	0	0
0	1	8450	C	0	0
0	1	8450	T	0	0
0	1	8452	A	0	0
0	1	8452	G	0	0
0	1	8455	A	0	0
0	1	8455	T	0	0
0	1	8458	C	0	0
0	1	8458	T	0	0
0	1	8463	A	0	0
0	1	8463	G	0	0
0	1	8464	C	0	0
0	1	8464	G	0	0
0	1	8465	A	0	0
0	1	8465	G	0	0
0	1	8470	A	0	0
0	1	8470	G	0	0
0	1	8471	A	0	0
0	1	8471	G	0	0
0	1	8473	AG	0	0
0	1	8473	CA	0	0
0	1	8473	CG	0	0
0	1	8482	A	0	0
0	1	8482	G	0	0
0	1	8483	A	0	0
0	1	8483	G	0	0
0	1	8487	AAA	0	0
0	1	8487	AAT	0	0
0	1	8487	AGA	0	0
0	1	8487	AGT	0	0
0	1	8487	GAA	0	0
0	1	8487	GAT	0	0
0	1	8487	GGT	0	0
0	1	8488	A	0	0
0	1	8488	G	0	0
0	1	8497	C	0	0
0	1	8497	T	0	0
0	1	8504	AC	0	0
0	1	8504	TC	0	0
0	1	8504	TT	0	0
0	1	8506	C	0	0
0	1	8506	G	0	0
0	1	8507	A	0	0
0	1	8507	G	0	0
0	1	8509	A	0	0
0	1	8509	T	0	0
0	1	8510	A	0	0
0	1	8510	G	0	0
0	1	8512	C	0	0
0	1	8512	T	0	0
0	1	8514	A	0	0
0	1	8514	C	0	0
0	1	8524	C	0	0
0	1	8524	T	0	0
0	1	8528	A	0	0
0	1	8528	G	0	0
0	1	8529	C	0	0
0	1	8529	T	0	0
0	1	8531	C	0	0
0	1	8531	T	0	0
0	1	8535	C	0	0
0	1	8535	T	0	0
0	1	8537	A	0	0
0	1	8537	G	0	0
0	1	8541	C	0	0
0	1	8541	G	0	0
0	1	8550	C	0	0
0	1	8550	G	0	0
0	1	8553	C	0	0
0	1	8553	T	0	0
0	1	8554	C	0	0
0	1	8554	T	0	0
0	1	8558	C	0	0
0	1	8558	T	0	0
0	1	8560	C	0	0
0	1	8560	T	0	0
0	1	8565	C	0	0
0	1	8565	T	0	0
0	1	8568	A	0	0
0	1	8568	G	0	0
0	1	8571	A	0	0
0	1	8571	G	0	0
0	1	8584	AC	0	0
0	1	8584	AT	0	0
0	1	8584	GT	0	0
0	1	8588	G	0	0
0	1	8588	T	0	0
0	1	8591	C	0	0
0	1	8591	T	0	0
0	1	8593	C	0	0
0	1	8593	T	0	0
0	1	8604	A	0	0
0	1	8604	G	0	0
0	1	8611	G	0	0
0	1	8611	T	0	0
0	1	8613	AT	0	0
0	1	8613	GC	0	0
0	1	8613	GT	0	0
0	1	8615	A	0	0
0	1	8615	C	0	0
0	1	8620	C	0	0
0	1	8620	T	0	0
0	1	8621	C	0	0
0	1	8621	G	0	0
0	1	8625	A	0	0
0	1	8625	G	0	0
0	1	8627	C	0	0
0	1	8627	T	0	0
0	1	8629	A	0	0
0	1	8629	G	0	0
0	1	8631	A	0	0
0	1	8631	G	0	0
0	1	8637	A	0	0
0	1	8637	G	0	0
0	1	8647	A	0	0
0	1	8647	C	0	0
0	1	8650	C	0	0
0	1	8650	T	0	0
0	1	8652	CT	0	0
0	1	8652	TC	0	0
0	1	8657	A	0	0
0	1	8657	G	0	0
0	1	8662	A	0	0
0	1	8662	G	0	0
0	1	8669	CT	0	0
0	1	8669	TA	0	0
0	1	8670	A	0	0
0	1	8670	G	0	0
0	1	8675	A	0	0
0	1	8675	T	0	0
0	1	8676	C	0	0
0	1	8676	T	0	0
0	1	8690	C	0	0
0	1	8690	T	0	0
0	1	8692	AC	0	0
0	1	8692	AT	0	0
0	1	8692	GC	0	0
0	1	8698	C	0	0
0	1	8698	T	0	0
0	1	8704	C	0	0
0	1	8704	T	0	0
0	1	8705	A	0	0
0	1	8705	C	0	0
0	1	8706	AT	0	0
0	1	8706	GC	0	0
0	1	8707	C	0	0
0	1	8707	T	0	0
0	1	8708	A	0	0
0	1	8708	T	0	0
0	1	8709	A	0	0
0	1	8709	C	0	0
0	1	8712	AC	0	0
0	1	8712	AG	0	0
0	1	8712	GG	0	0
0	1	8715	A	0	0
0	1	8715	G	0	0
0	1	8719	A	0	0
0	1	8719	T	0	0
0	1	8720	CC	0	0
0	1	8720	GG	0	0
0	1	8722	A	0	0
0	1	8722	G	0	0
0	1	8725	A	0	0
0	1	8725	T	0	0
0	1	8733	C	0	0
0	1	8733	T	0	0
0	1	8734	C	0	0
0	1	8734	T	0	0
0	1	8737	C	0	0
0	1	8737	T	0	0
0	1	8745	C	0	0
0	1	8745	T	0	0
0	1	8750	C	0	0
0	1	8750	G	0	0
0	1	8752	C	0	0
0	1	8752	T	0	0
0	1	8760	A	0	0
0	1	8760	G	0	0
0	1	8763	A	0	0
0	1	8763	C	0	0
0	1	8769	CA	0	0
0	1	8769	TG	0	0
0	1	8771	A	0	0
0	1	8771	G	0	0
0	1	8776	A	0	0
0	1	8776	G	0	0
0	1	8783	CG	0	0
0	1	8783	TT	0	0
0	1	8784	C	0	0
0	1	8784	T	0	0
0	1	8787	A	0	0
0	1	8787	T	0	0
0	1	8789	CC	0	0
0	1	8789	CT	0	0
0	1	8789	TT	0	0
0	1	8792	C	0	0
0	1	8792	T	0	0
0	1	8805	A	0	0
0	1	8805	G	0	0
0	1	8810	A	0	0
0	1	8810	G	0	0
0	1	8811	C	0	0
0	1	8811	T	0	0
0	1	8813	A	0	0
0	1	8813	G	0	0
0	1	8819	C	0	0
0	1	8819	T	0	0
0	1	8823	C	0	0
0	1	8823	T	0	0
0	1	8826	A	0	0
0	1	8826	G	0	0
0	1	8834	C	0	0
0	1	8834	G	0	0
0	1	8842	C	0	0
0	1	8842	T	0	0
0	1	8844	C	0	0
0	1	8844	T	0	0
0	1	8850	A	0	0
0	1	8850	C	0	0
0	1	8857	CA	0	0
0	1	8857	TG	0	0
0	1	8859	G	0	0
0	1	8859	T	0	0
0	1	8863	CA	0	0
0	1	8863	CC	0	0
0	1	8863	TA	0	0
0	1	8870	G	0	0
0	1	8870	T	0	0
0	1	8871	C	0	0
0	1	8871	T	0	0
0	1	8873	A	0	0
0	1	8873	G	0	0
0	1	8874	C	0	0
0	1	8874	G	0	0
0	1	8876	A	0	0
0	1	8876	G	0	0
0	1	8880	A	0	0
0	1	8880	C	0	0
0	1	8881	A	0	0
0	1	8881	G	0	0
0	1	8893	A	0	0
0	1	8893	T	0	0
0	1	8896	CT	0	0
0	1	8896	TC	0	0
0	1	8906	A	0	0
0	1	8906	G	0	0
0	1	8908	A	0	0
0	1	8908	C	0	0
0	1	8912	A	0	0
0	1	8912	G	0	0
0	1	8915	C	0	0
0	1	8915	G	0	0
0	1	8916	A	0	0
0	1	8916	T	0	0
0	1	8917	A	0	0
0	1	8917	G	0	0
0	1	8927	C	0	0
0	1	8927	T	0	0
0	1	8928	C	0	0
0	1	8928	T	0	0
0	1	8930	A	0	0
0	1	8930	G	0	0
0	1	8932	C	0	0
0	1	8932	T	0	0
0	1	8935	ACA	0	0
0	1	8935	GAG	0	0
0	1	8935	GCG	0	0
0	1	8936	A	0	0
0	1	8936	G	0	0
0	1	8943	G	0	0
0	1	8943	T	0	0
0	1	8944	A	0	0
0	1	8944	G	0	0
0	1	8952	A	0	0
0	1	8952	G	0	0
0	1	8953	C	0	0
0	1	8953	G	0	0
0	1	8954	C	0	0
0	1	8954	T	0	0
0	1	8957	ACTG	0	0
0	1	8957	TAGT	0	0
0	1	8957	TCGG	0	0
0	1	8959	CCC	0	0
0	1	8959	GCC	0	0
0	1	8959	GTC	0	0
0	1	8959	GTT	0	0
0	1	8960	CA	0	0
0	1	8960	TG	0	0
0	1	8964	C	0	0
0	1	8964	T	0	0
0	1	8968	A	0	0
0	1	8968	G	0	0
0	1	8971	A	0	0
0	1	8971	G	0	0
0	1	8972	AA	0	0
0	1	8972	GA	0	0
0	1	8972	GG	0	0
0	1	8973	A	0	0
0	1	8973	G	0	0
0	1	8982	AC	0	0
0	1	8982	CA	0	0
0	1	8983	CT	0	0
0	1	8983	TC	0	0
0	1	8985	ACAAC	0	0
0	1	8985	ACAAG	0	0
0	1	8985	ACGAG	0	0
0	1	8985	ACGCC	0	0
0	1	8985	ATAAG	0	0
0	1	8985	CCACC	0	0
0	1	8985	CCGCC	0	0
0	1	8985	CCGCG	0	0
0	1	8992	A	0	0
0	1	8992	G	0	0
0	1	8999	C	0	0
0	1	8999	G	0	0
0	1	9005	C	0	0
0	1	9005	T	0	0
0	1	9006	A	0	0
0	1	9006	C	0	0
0	1	9007	A	0	0
0	1	9007	G	0	0
0	1	9010	AT	0	0
0	1	9010	GA	0	0
0	1	9017	C	0	0
0	1	9017	T	0	0
0	1	9019	C	0	0
0	1	9019	T	0	0
0	1	9020	C	0	0
0	1	9020	T	0	0
0	1	9027	A	0	0
0	1	9027	G	0	0
0	1	9045	A	0	0
0	1	9045	G	0	0
0	1	9051	A	0	0
0	1	9051	T	0	0
0	1	9079	C	0	0
0	1	9079	T	0	0
0	1	9083	A	0	0
0	1	9083	G	0	0
0	1	9085	AC	0	0
0	1	9085	TC	0	0
0	1	9085	TT	0	0
0	1	9087	A	0	0
0	1	9087	G	0	0
0	1	9088	C	0	0
0	1	9088	T	0	0
0	1	9090	A	0	0
0	1	9090	C	0	0
0	1	9091	A	0	0
0	1	9091	G	0	0
0	1	9094	A	0	0
0	1	9094	C	0	0
0	1	9096	C	0	0
0	1	9096	T	0	0
0	1	9097	GC	0	0
0	1	9097	TT	0	0
0	1	9104	C	0	0
0	1	9104	T	0	0
0	1	9109	C	0	0
0	1	9109	T	0	0
0	1	9113	A	0	0
0	1	9113	G	0	0
0	1	9114	A	0	0
0	1	9114	G	0	0
0	1	9118	C	0	0
0	1	9118	T	0	0
0	1	9119	AC	0	0
0	1	9119	TT	0	0
0	1	9128	G	0	0
0	1	9128	T	0	0
0	1	9134	C	0	0
0	1	9134	T	0	0
0	1	9165	A	0	0
0	1	9165	C	0	0
0	1	9169	C	0	0
0	1	9169	T	0	0
0	1	9178	C	0	0
0	1	9178	T	0	0
0	1	9185	G	0	0
0	1	9185	T	0	0
0	1	9188	AA	0	0
0	1	9188	GG	0	0
0	1	9190	G	0	0
0	1	9190	T	0	0
0	1	9194	A	0	0
0	1	9194	G	0	0
0	1	9206	AA	0	0
0	1	9206	AT	0	0
0	1	9206	TA	0	0
0	1	9206	TT	0	0
0	1	9207	A	0	0
0	1	9207	G	0	0
0	1	9211	AA	0	0
0	1	9211	GT	0	0
0	1	9221	A	0	0
0	1	9221	G	0	0
0	1	9227	A	0	0
0	1	9227	C	0	0
0	1	9231	AT	0	0
0	1	9231	GA	0	0
0	1	9231	GT	0	0
0	1	9232	C	0	0
0	1	9232	T	0	0
0	1	9239	A	0	0
0	1	9239	G	0	0
0	1	9247	C	0	0
0	1	9247	T	0	0
0	1	9248	C	0	0
0	1	9248	T	0	0
0	1	9249	C	0	0
0	1	9249	T	0	0
0	1	9250	CC	0	0
0	1	9250	CT	0	0
0	1	9250	TT	0	0
0	1	9258	A	0	0
0	1	9258	G	0	0
0	1	9263	C	0	0
0	1	9263	T	0	0
0	1	9268	C	0	0
0	1	9268	G	0	0
0	1	9271	C	0	0
0	1	9271	T	0	0
0	1	9273	A	0	0
0	1	9273	G	0	0
0	1	9279	C	0	0
0	1	9279	T	0	0
0	1	9282	C	0	0
0	1	9282	T	0	0
0	1	9283	C	0	0
0	1	9283	T	0	0
0	1	9284	C	0	0
0	1	9284	T	0	0
0	1	9288	C	0	0
0	1	9288	T	0	0
0	1	9289	C	0	0
0	1	9289	T	0	0
0	1	9290	A	0	0
0	1	9290	G	0	0
0	1	9296	CAA	0	0
0	1	9296	TAG	0	0
0	1	9296	TGA	0	0
0	1	9331	A	0	0
0	1	9331	G	0	0
0	1	9335	A	0	0
0	1	9335	G	0	0
0	1	9339	C	0	0
0	1	9339	T	0	0
0	1	9342	C	0	0
0	1	9342	T	0	0
0	1	9348	AT	0	0
0	1	9348	CC	0	0
0	1	9353	A	0	0
0	1	9353	G	0	0
0	1	9357	G	0	0
0	1	9357	T	0	0
0	1	9366	A	0	0
0	1	9366	G	0	0
0	1	9369	C	0	0
0	1	9369	T	0	0
0	1	9371	AA	0	0
0	1	9371	AC	0	0
0	1	9371	GA	0	0
0	1	9380	A	0	0
0	1	9380	C	0	0
0	1	9393	C	0	0
0	1	9393	T	0	0
0	1	9412	A	0	0
0	1	9412	G	0	0
0	1	9414	A	0	0
0	1	9414	T	0	0
0	1	9415	C	0	0
0	1	9415	T	0	0
0	1	9422	C	0	0
0	1	9422	T	0	0
0	1	9426	C	0	0
0	1	9426	T	0	0
0	1	9486	A	0	0
0	1	9486	G	0	0
0	1	9488	A	0	0
0	1	9488	G	0	0
0	1	9493	C	0	0
0	1	9493	T	0	0
0	1	9497	C	0	0
0	1	9497	T	0	0
0	1	9498	A	0	0
0	1	9498	G	0	0
0	1	9499	A	0	0
0	1	9499	G	0	0
0	1	9505	A	0	0
0	1	9505	G	0	0
0	1	9510	C	0	0
0	1	9510	T	0	0
0	1	9513	A	0	0
0	1	9513	G	0	0
0	1	9517	A	0	0
0	1	9517	T	0	0
0	1	9519	A	0	0
0	1	9519	G	0	0
0	1	9524	C	0	0
0	1	9524	T	0	0
0	1	9530	A	0	0
0	1	9530	G	0	0
0	1	9531	C	0	0
0	1	9531	T	0	0
0	1	9532	A	0	0
0	1	9532	G	0	0
0	1	9533	A	0	0
0	1	9533	G	0	0
0	1	9534	C	0	0
0	1	9534	T	0	0
0	1	9544	G	0	0
0	1	9544	T	0	0
0	1	9546	C	0	0
0	1	9546	T	0	0
0	1	9550	A	0	0
0	1	9550	G	0	0
0	1	9557	A	0	0
0	1	9557	C	0	0
0	1	9558	G	0	0
0	1	9558	T	0	0
0	1	9560	A	0	0
0	1	9560	G	0	0
0	1	9562	CG	0	0
0	1	9562	TA	0	0
0	1	9565	C	0	0
0	1	9565	T	0	0
0	1	9570	A	0	0
0	1	9570	G	0	0
0	1	9572	AG	0	0
0	1	9572	AT	0	0
0	1	9572	GT	0	0
0	1	9573	A	0	0
0	1	9573	T	0	0
0	1	9575	CC	0	0
0	1	9575	TT	0	0
0	1	9578	C	0	0
0	1	9578	T	0	0
0	1	9584	A	0	0
0	1	9584	G	0	0
0	1	9586	AA	0	0
0	1	9586	GG	0	0
0	1	9589	C	0	0
0	1	9589	T	0	0
0	1	9590	CG	0	0
0	1	9590	CT	0	0
0	1	9590	TT	0	0
0	1	9591	AG	0	0
0	1	9591	GA	0	0
0	1	9592	A	0	0
0	1	9592	T	0	0
0	1	9596	A	0	0
0	1	9596	G	0	0
0	1	9597	C	0	0
0	1	9597	T	0	0
0	1	9598	C	0	0
0	1	9598	T	0	0
0	1	9604	A	0	0
0	1	9604	G	0	0
0	1	9608	AA	0	0
0	1	9608	GG	0	0
0	1	9614	A	0	0
0	1	9614	G	0	0
0	1	9616	A	0	0
0	1	9616	G	0	0
0	1	9625	G	0	0
0	1	9625	T	0	0
0	1	9628	C	0	0
0	1	9628	T	0	0
0	1	9629	CC	0	0
0	1	9629	TG	0	0
0	1	9634	C	0	0
0	1	9634	T	0	0
0	1	9643	A	0	0
0	1	9643	T	0	0
0	1	9660	A	0	0
0	1	9660	G	0	0
0	1	9663	AC	0	0
0	1	9663	GG	0	0
0	1	9668	C	0	0
0	1	9668	T	0	0
0	1	9670	C	0	0
0	1	9670	T	0	0
0	1	9673	C	0	0
0	1	9673	T	0	0
0	1	9675	C	0	0
0	1	9675	T	0	0
0	1	9679	C	0	0
0	1	9679	T	0	0
0	1	9689	A	0	0
0	1	9689	T	0	0
0	1	9690	C	0	0
0	1	9690	T	0	0
0	1	9692	G	0	0
0	1	9692	T	0	0
0	1	9702	A	0	0
0	1	9702	G	0	0
0	1	9718	A	0	0
0	1	9718	G	0	0
0	1	9723	A	0	0
0	1	9723	C	0	0
0	1	9737	A	0	0
0	1	9737	G	0	0
0	1	9739	C	0	0
0	1	9739	T	0	0
0	1	9740	C	0	0
0	1	9740	T	0	0
0	1	9746	A	0	0
0	1	9746	G	0	0
0	1	9749	A	0	0
0	1	9749	T	0	0
0	1	9750	G	0	0
0	1	9750	T	0	0
0	1	9751	C	0	0
0	1	9751	T	0	0
0	1	9752	C	0	0
0	1	9752	T	0	0
0	1	9754	AA	0	0
0	1	9754	AT	0	0
0	1	9754	GT	0	0
0	1	9755	C	0	0
0	1	9755	T	0	0
0	1	9761	A	0	0
0	1	9761	C	0	0
0	1	9765	A	0	0
0	1	9765	G	0	0
0	1	9766	C	0	0
0	1	9766	T	0	0
0	1	9770	A	0	0
0	1	9770	G	0	0
0	1	9773	A	0	0
0	1	9773	G	0	0
0	1	9779	C	0	0
0	1	9779	T	0	0
0	1	9789	AGT	0	0
0	1	9789	GAA	0	0
0	1	9789	GGA	0	0
0	1	9790	A	0	0
0	1	9790	G	0	0
0	1	9792	C	0	0
0	1	9792	T	0	0
0	1	9793	A	0	0
0	1	9793	G	0	0
0	1	9794	AA	0	0
0	1	9794	GT	0	0
0	1	9800	C	0	0
0	1	9800	G	0	0
0	1	9801	AT	0	0
0	1	9801	CG	0	0
0	1	9803	A	0	0
0	1	9803	T	0	0
0	1	9804	C	0	0
0	1	9804	T	0	0
0	1	9805	C	0	0
0	1	9805	T	0	0
0	1	9807	A	0	0
0	1	9807	C	0	0
0	1	9808	A	0	0
0	1	9808	G	0	0
0	1	9814	C	0	0
0	1	9814	T	0	0
0	1	9815	A	0	0
0	1	9815	G	0	0
0	1	9819	C	0	0
0	1	9819	T	0	0
0	1	9829	C	0	0
0	1	9829	T	0	0
0	1	9833	C	0	0
0	1	9833	T	0	0
0	1	9834	C	0	0
0	1	9834	T	0	0
0	1	9836	C	0	0
0	1	9836	G	0	0
0	1	9839	A	0	0
0	1	9839	T	0	0
0	1	9844	A	0	0
0	1	9844	G	0	0
0	1	9845	A	0	0
0	1	9845	G	0	0
0	1	9849	G	0	0
0	1	9849	T	0	0
0	1	9851	AC	0	0
0	1	9851	GT	0	0
0	1	9855	C	0	0
0	1	9855	G	0	0
0	1	9856	A	0	0
0	1	9856	G	0	0
0	1	9862	C	0	0
0	1	9862	T	0	0
0	1	9868	C	0	0
0	1	9868	G	0	0
0	1	9869	A	0	0
0	1	9869	G	0	0
0	1	9871	A	0	0
0	1	9871	T	0	0
0	1	9888	C	0	0
0	1	9888	T	0	0
0	1	9896	G	0	0
0	1	9896	T	0	0
0	1	9919	C	0	0
0	1	9919	T	0	0
0	1	9933	A	0	0
0	1	9933	T	0	0
0	1	9940	C	0	0
0	1	9940	T	0	0
0	1	9941	A	0	0
0	1	9941	T	0	0
0	1	9943	A	0	0
0	1	9943	T	0	0
0	1	9947	A	0	0
0	1	9947	G	0	0
0	1	9948	C	0	0
0	1	9948	T	0	0
0	1	9952	A	0	0
0	1	9952	T	0	0
0	1	9958	A	0	0
0	1	9958	G	0	0
0	1	9968	G	0	0
0	1	9968	T	0	0
0	1	9971	A	0	0
0	1	9971	T	0	0
0	1	9980	A	0	0
0	1	9980	T	0	0
0	1	9982	A	0	0
0	1	9982	T	0	0
0	1	9986	C	0	0
0	1	9986	T	0	0
0	1	9993	GC	0	0
0	1	9993	TG	0	0
0	1	9996	C	0	0
0	1	9996	T	0	0
0	1	9997	C	0	0
0	1	9997	T	0	0
0	1	10001	C	0	0
0	1	10001	T	0	0
0	1	10002	A	0	0
0	1	10002	G	0	0
0	1	10005	C	0	0
0	1	10005	T	0	0
0	1	10006	A	0	0
0	1	10006	G	0	0
0	1	10008	AA	0	0
0	1	10008	AC	0	0
0	1	10008	GA	0	0
0	1	10010	A	0	0
0	1	10010	T	0	0
0	1	10011	A	0	0
0	1	10011	T	0	0
0	1	10014	A	0	0
0	1	10014	G	0	0
0	1	10026	A	0	0
0	1	10026	G	0	0
0	1	10030	C	0	0
0	1	10030	G	0	0
0	1	10036	CA	0	0
0	1	10036	CG	0	0
0	1	10036	TA	0	0
0	1	10037	A	0	0
0	1	10037	C	0	0
0	1	10039	A	0	0
0	1	10039	G	0	0
0	1	10044	C	0	0
0	1	10044	T	0	0
0	1	10045	A	0	0
0	1	10045	T	0	0
0	1	10047	C	0	0
0	1	10047	T	0	0
0	1	10048	A	0	0
0	1	10048	G	0	0
0	1	10052	C	0	0
0	1	10052	T	0	0
0	1	10057	C	0	0
0	1	10057	T	0	0
0	1	10059	C	0	0
0	1	10059	G	0	0
0	1	10063	C	0	0
0	1	10063	T	0	0
0	1	10064	A	0	0
0	1	10064	G	0	0
0	1	10066	C	0	0
0	1	10066	T	0	0
0	1	10067	G	0	0
0	1	10067	T	0	0
0	1	10070	C	0	0
0	1	10070	T	0	0
0	1	10071	AC	0	0
0	1	10071	TG	0	0
0	1	10075	AT	0	0
0	1	10075	GA	0	0
0	1	10079	A	0	0
0	1	10079	G	0	0
0	1	10081	G	0	0
0	1	10081	T	0	0
0	1	10085	C	0	0
0	1	10085	T	0	0
0	1	10088	A	0	0
0	1	10088	T	0	0
0	1	10096	C	0	0
0	1	10096	T	0	0
0	1	10107	C	0	0
0	1	10107	T	0	0
0	1	10119	A	0	0
0	1	10119	G	0	0
0	1	10129	C	0	0
0	1	10129	T	0	0
0	1	10137	A	0	0
0	1	10137	G	0	0
0	1	10139	CT	0	0
0	1	10139	TA	0	0
0	1	10149	A	0	0
0	1	10149	C	0	0
0	1	10151	C	0	0
0	1	10151	T	0	0
0	1	10162	A	0	0
0	1	10162	T	0	0
0	1	10163	A	0	0
0	1	10163	G	0	0
0	1	10164	G	0	0
0	1	10164	T	0	0
0	1	10171	GA	0	0
0	1	10171	TG	0	0
0	1	10182	ACC	0	0
0	1	10182	GCA	0	0
0	1	10182	GTC	0	0
0	1	10187	A	0	0
0	1	10187	G	0	0
0	1	10188	A	0	0
0	1	10188	G	0	0
0	1	10204	C	0	0
0	1	10204	T	0	0
0	1	10205	A	0	0
0	1	10205	G	0	0
0	1	10208	C	0	0
0	1	10208	T	0	0
0	1	10210	A	0	0
0	1	10210	C	0	0
0	1	10215	G	0	0
0	1	10215	T	0	0
0	1	10216	A	0	0
0	1	10216	G	0	0
0	1	10223	AA	0	0
0	1	10223	AT	0	0
0	1	10223	GT	0	0
0	1	10224	C	0	0
0	1	10224	T	0	0
0	1	10237	C	0	0
0	1	10237	T	0	0
0	1	10238	A	0	0
0	1	10238	G	0	0
0	1	10239	A	0	0
0	1	10239	T	0	0
0	1	10240	A	0	0
0	1	10240	G	0	0
0	1	10251	A	0	0
0	1	10251	G	0	0
0	1	10256	CT	0	0
0	1	10256	GC	0	0
0	1	10258	A	0	0
0	1	10258	G	0	0
0	1	10259	A	0	0
0	1	10259	G	0	0
0	1	10262	C	0	0
0	1	10262	T	0	0
0	1	10269	A	0	0
0	1	10269	G	0	0
0	1	10272	CC	0	0
0	1	10272	CT	0	0
0	1	10272	TC	0	0
0	1	10278	A	0	0
0	1	10278	C	0	0
0	1	10279	A	0	0
0	1	10279	G	0	0
0	1	10281	C	0	0
0	1	10281	G	0	0
0	1	10283	A	0	0
0	1	10283	C	0	0
0	1	10287	A	0	0
0	1	10287	G	0	0
0	1	10291	CT	0	0
0	1	10291	TC	0	0
0	1	10294	C	0	0
0	1	10294	T	0	0
0	1	10296	CT	0	0
0	1	10296	TC	0	0
0	1	10297	C	0	0
0	1	10297	T	0	0
0	1	10299	A	0	0
0	1	10299	G	0	0
0	1	10300	C	0	0
0	1	10300	T	0	0
0	1	10301	AC	0	0
0	1	10301	GT	0	0
0	1	10302	G	0	0
0	1	10302	T	0	0
0	1	10307	C	0	0
0	1	10307	T	0	0
0	1	10309	C	0	0
0	1	10309	G	0	0
0	1	10311	C	0	0
0	1	10311	T	0	0
0	1	10312	A	0	0
0	1	10312	G	0	0
0	1	10321	A	0	0
0	1	10321	T	0	0
0	1	10329	A	0	0
0	1	10329	G	0	0
0	1	10333	A	0	0
0	1	10333	C	0	0
0	1	10340	A	0	0
0	1	10340	G	0	0
0	1	10350	A	0	0
0	1	10350	T	0	0
0	1	10371	G	0	0
0	1	10371	T	0	0
0	1	10372	C	0	0
0	1	10372	T	0	0
0	1	10375	C	0	0
0	1	10375	T	0	0
0	1	10382	A	0	0
0	1	10382	G	0	0
0	1	10401	A	0	0
0	1	10401	G	0	0
0	1	10402	CA	0	0
0	1	10402	CG	0	0
0	1	10402	TG	0	0
0	1	10403	CC	0	0
0	1	10403	TC	0	0
0	1	10403	TT	0	0
0	1	10407	A	0	0
0	1	10407	G	0	0
0	1	10412	A	0	0
0	1	10412	G	0	0
0	1	10413	A	0	0
0	1	10413	G	0	0
0	1	10422	C	0	0
0	1	10422	T	0	0
0	1	10425	A	0	0
0	1	10425	G	0	0
0	1	10434	A	0	0
0	1	10434	C	0	0
0	1	10440	A	0	0
0	1	10440	G	0	0
0	1	10443	C	0	0
0	1	10443	T	0	0
0	1	10462	C	0	0
0	1	10462	T	0	0
0	1	10471	A	0	0
0	1	10471	G	0	0
0	1	10472	A	0	0
0	1	10472	G	0	0
0	1	10474	A	0	0
0	1	10474	C	0	0
0	1	10480	C	0	0
0	1	10480	T	0	0
0	1	10486	A	0	0
0	1	10486	T	0	0
0	1	10494	A	0	0
0	1	10494	G	0	0
0	1	10503	A	0	0
0	1	10503	T	0	0
0	1	10527	A	0	0
0	1	10527	G	0	0
0	1	10545	C	0	0
0	1	10545	T	0	0
0	1	10554	C	0	0
0	1	10554	T	0	0
0	1	10560	A	0	0
0	1	10560	G	0	0
0	1	10574	C	0	0
0	1	10574	G	0	0
0	1	10579	C	0	0
0	1	10579	T	0	0
0	1	10598	C	0	0
0	1	10598	T	0	0
0	1	10608	A	0	0
0	1	10608	T	0	0
0	1	10621	C	0	0
0	1	10621	T	0	0
0	1	10626	C	0	0
0	1	10626	T	0	0
0	1	10630	CT	0	0
0	1	10630	TA	0	0
0	1	10646	AA	0	0
0	1	10646	AT	0	0
0	1	10646	GT	0	0
0	1	10649	C	0	0
0	1	10649	T	0	0
0	1	10652	G	0	0
0	1	10652	T	0	0
0	1	10671	A	0	0
0	1	10671	G	0	0
0	1	10675	C	0	0
0	1	10675	T	0	0
0	1	10683	A	0	0
0	1	10683	T	0	0
0	1	10703	A	0	0
0	1	10703	G	0	0
0	1	10720	A	0	0
0	1	10720	C	0	0
0	1	10774	C	0	0
0	1	10774	T	0	0
0	1	10777	C	0	0
0	1	10777	T	0	0
0	1	10781	A	0	0
0	1	10781	G	0	0
0	1	10782	AA	0	0
0	1	10782	GT	0	0
0	1	10790	C	0	0
0	1	10790	T	0	0
0	1	10792	G	0	0
0	1	10792	T	0	0
0	1	10800	C	0	0
0	1	10800	G	0	0
0	1	10805	A	0	0
0	1	10805	G	0	0
0	1	10807	AT	0	0
0	1	10807	GC	0	0
0	1	10808	C	0	0
0	1	10808	T	0	0
0	1	10810	A	0	0
0	1	10810	G	0	0
0	1	10819	GG	0	0
0	1	10819	TA	0	0
0	1	10819	TG	0	0
0	1	10822	A	0	0
0	1	10822	G	0	0
0	1	10824	C	0	0
0	1	10824	T	0	0
0	1	10825	A	0	0
0	1	10825	G	0	0
0	1	10826	C	0	0
0	1	10826	T	0	0
0	1	10827	A	0	0
0	1	10827	G	0	0
0	1	10833	A	0	0
0	1	10833	G	0	0
0	1	10839	CA	0	0
0	1	10839	TG	0	0
0	1	10846	A	0	0
0	1	10846	G	0	0
0	1	10849	A	0	0
0	1	10849	T	0	0
0	1	10855	A	0	0
0	1	10855	G	0	0
0	1	10859	C	0	0
0	1	10859	T	0	0
0	1	10870	AT	0	0
0	1	10870	GG	0	0
0	1	10878	C	0	0
0	1	10878	T	0	0
0	1	10880	A	0	0
0	1	10880	G	0	0
0	1	10883	C	0	0
0	1	10883	T	0	0
0	1	10892	A	0	0
0	1	10892	G	0	0
0	1	10893	A	0	0
0	1	10893	G	0	0
0	1	10898	A	0	0
0	1	10898	G	0	0
0	1	10926	C	0	0
0	1	10926	T	0	0
0	1	10933	A	0	0
0	1	10933	T	0	0
0	1	10938	C	0	0
0	1	10938	T	0	0
0	1	10942	C	0	0
0	1	10942	T	0	0
0	1	10948	A	0	0
0	1	10948	G	0	0
0	1	10949	AG	0	0
0	1	10949	GA	0	0
0	1	10951	G	0	0
0	1	10951	T	0	0
0	1	10961	A	0	0
0	1	10961	G	0	0
0	1	10976	G	0	0
0	1	10976	T	0	0
0	1	10980	C	0	0
0	1	10980	T	0	0
0	1	10982	A	0	0
0	1	10982	T	0	0
0	1	10984	A	0	0
0	1	10984	T	0	0
0	1	10995	A	0	0
0	1	10995	G	0	0
0	1	10996	A	0	0
0	1	10996	T	0	0
0	1	11001	A	0	0
0	1	11001	C	0	0
0	1	11008	C	0	0
0	1	11008	T	0	0
0	1	11009	C	0	0
0	1	11009	T	0	0
0	1	11016	A	0	0
0	1	11016	G	0	0
0	1	11017	C	0	0
0	1	11017	T	0	0
0	1	11018	C	0	0
0	1	11018	T	0	0
0	1	11027	C	0	0
0	1	11027	T	0	0
0	1	11030	C	0	0
0	1	11030	G	0	0
0	1	11036	C	0	0
0	1	11036	T	0	0
0	1	11041	C	0	0
0	1	11041	T	0	0
0	1	11048	C	0	0
0	1	11048	T	0	0
0	1	11053	A	0	0
0	1	11053	G	0	0
0	1	11058	A	0	0
0	1	11058	G	0	0
0	1	11062	A	0	0
0	1	11062	G	0	0
0	1	11063	C	0	0
0	1	11063	T	0	0
0	1	11064	CG	0	0
0	1	11064	TT	0	0
0	1	11066	C	0	0
0	1	11066	T	0	0
0	1	11069	C	0	0
0	1	11069	T	0	0
0	1	11074	C	0	0
0	1	11074	T	0	0
0	1	11090	A	0	0
0	1	11090	G	0	0
0	1	11096	C	0	0
0	1	11096	T	0	0
0	1	11099	C	0	0
0	1	11099	G	0	0
0	1	11107	G	0	0
0	1	11107	T	0	0
0	1	11110	A	0	0
0	1	11110	G	0	0
0	1	11118	C	0	0
0	1	11118	T	0	0
0	1	11122	A	0	0
0	1	11122	T	0	0
0	1	11124	A	0	0
0	1	11124	C	0	0
0	1	11133	G	0	0
0	1	11133	T	0	0
0	1	11138	C	0	0
0	1	11138	T	0	0
0	1	11139	G	0	0
0	1	11139	T	0	0
0	1	11142	C	0	0
0	1	11142	T	0	0
0	1	11143	A	0	0
0	1	11143	G	0	0
0	1	11144	C	0	0
0	1	11144	T	0	0
0	1	11152	A	0	0
0	1	11152	C	0	0
0	1	11155	A	0	0
0	1	11155	T	0	0
0	1	11162	A	0	0
0	1	11162	G	0	0
0	1	11165	C	0	0
0	1	11165	T	0	0
0	1	11171	C	0	0
0	1	11171	T	0	0
0	1	11174	AAA	0	0
0	1	11174	GAG	0	0
0	1	11174	GGA	0	0
0	1	11186	A	0	0
0	1	11186	G	0	0
0	1	11189	A	0	0
0	1	11189	C	0	0
0	1	11198	AA	0	0
0	1	11198	GG	0	0
0	1	11201	CC	0	0
0	1	11201	CT	0	0
0	1	11201	TC	0	0
0	1	11205	C	0	0
0	1	11205	T	0	0
0	1	11214	CG	0	0
0	1	11214	TC	0	0
0	1	11220	C	0	0
0	1	11220	T	0	0
0	1	11221	C	0	0
0	1	11221	T	0	0
0	1	11223	G	0	0
0	1	11223	T	0	0
0	1	11226	C	0	0
0	1	11226	T	0	0
0	1	11227	CA	0	0
0	1	11227	TG	0	0
0	1	11228	A	0	0
0	1	11228	G	0	0
0	1	11234	C	0	0
0	1	11234	T	0	0
0	1	11238	C	0	0
0	1	11238	T	0	0
0	1	11239	AC	0	0
0	1	11239	GA	0	0
0	1	11239	GC	0	0
0	1	11242	A	0	0
0	1	11242	G	0	0
0	1	11245	A	0	0
0	1	11245	G	0	0
0	1	11251	CC	0	0
0	1	11251	TT	0	0
0	1	11254	C	0	0
0	1	11254	T	0	0
0	1	11256	C	0	0
0	1	11256	T	0	0
0	1	11259	GT	0	0
0	1	11259	TC	0	0
0	1	11261	C	0	0
0	1	11261	T	0	0
0	1	11263	A	0	0
0	1	11263	G	0	0
0	1	11264	A	0	0
0	1	11264	G	0	0
0	1	11270	AG	0	0
0	1	11270	GA	0	0
0	1	11270	GG	0	0
0	1	11271	A	0	0
0	1	11271	G	0	0
0	1	11280	A	0	0
0	1	11280	G	0	0
0	1	11281	C	0	0
0	1	11281	T	0	0
0	1	11291	C	0	0
0	1	11291	T	0	0
0	1	11317	C	0	0
0	1	11317	T	0	0
0	1	11327	C	0	0
0	1	11327	T	0	0
0	1	11329	C	0	0
0	1	11329	T	0	0
0	1	11333	G	0	0
0	1	11333	T	0	0
0	1	11338	A	0	0
0	1	11338	G	0	0
0	1	11342	C	0	0
0	1	11342	T	0	0
0	1	11344	A	0	0
0	1	11344	T	0	0
0	1	11351	C	0	0
0	1	11351	T	0	0
0	1	11354	A	0	0
0	1	11354	T	0	0
0	1	11356	C	0	0
0	1	11356	T	0	0
0	1	11360	AC	0	0
0	1	11360	TT	0	0
0	1	11365	A	0	0
0	1	11365	C	0	0
0	1	11366	A	0	0
0	1	11366	G	0	0
0	1	11367	G	0	0
0	1	11367	T	0	0
0	1	11376	A	0	0
0	1	11376	G	0	0
0	1	11394	C	0	0
0	1	11394	T	0	0
0	1	11398	C	0	0
0	1	11398	T	0	0
0	1	11410	C	0	0
0	1	11410	T	0	0
0	1	11427	CT	0	0
0	1	11427	TC	0	0
0	1	11436	AT	0	0
0	1	11436	TA	0	0
0	1	11439	C	0	0
0	1	11439	T	0	0
0	1	11440	A	0	0
0	1	11440	G	0	0
0	1	11445	A	0	0
0	1	11445	G	0	0
0	1	11450	AG	0	0
0	1	11450	GA	0	0
0	1	11462	C	0	0
0	1	11462	T	0	0
0	1	11497	A	0	0
0	1	11497	G	0	0
0	1	11529	C	0	0
0	1	11529	T	0	0
0	1	11554	C	0	0
0	1	11554	T	0	0
0	1	11581	C	0	0
0	1	11581	T	0	0
0	1	11606	A	0	0
0	1	11606	G	0	0
0	1	11608	C	0	0
0	1	11608	T	0	0
0	1	11617	C	0	0
0	1	11617	T	0	0
0	1	11619	AA	0	0
0	1	11619	CG	0	0
0	1	11650	C	0	0
0	1	11650	T	0	0
0	1	11655	G	0	0
0	1	11655	T	0	0
0	1	11671	A	0	0
0	1	11671	G	0	0
0	1	11706	C	0	0
0	1	11706	T	0	0
0	1	11737	A	0	0
0	1	11737	G	0	0
0	1	11837	GA	0	0
0	1	11837	TG	0	0
0	1	11840	A	0	0
0	1	11840	G	0	0
0	1	11843	C	0	0
0	1	11843	T	0	0
0	1	11888	CT	0	0
0	1	11888	TC	0	0
0	1	11942	CC	0	0
0	1	11942	TG	0	0
0	1	11956	A	0	0
0	1	11956	T	0	0
0	1	11964	A	0	0
0	1	11964	G	0	0
0	1	11998	G	0	0
0	1	11998	T	0	0
0	1	12011	A	0	0
0	1	12011	T	0	0
0	1	12074	C	0	0
0	1	12074	T	0	0
